strike,bid,ask,impliedVolatility,openInterest,volume,option_type,expiry,maturity,spot,mid,relative_spread,our_iv,log_moneyness
500.0,263.64,265.16,1.8281258593749998,378,501.0,call,2026-08-28,0.005479452054794521,764.260009765625,264.4,0.005748865355522083,2.0589085735114594,-0.42429995976461615
515.0,248.5,251.75,2.124516407470703,12,,call,2026-08-28,0.005479452054794521,764.260009765625,250.125,0.012993503248375811,2.5580584300765166,-0.39474115752307176
535.0,228.6,231.75,1.9599611376953123,15,2.0,call,2026-08-28,0.005479452054794521,764.260009765625,230.175,0.013685239491691129,2.359543224953474,-0.3566413112908014
540.0,223.66,226.76,1.9267581787109376,49,49.0,call,2026-08-28,0.005479452054794521,764.260009765625,225.20999999999998,0.013764930509302406,2.319705702966673,-0.3473389186284879
550.0,213.59,216.76,1.8271493017578124,19,5.0,call,2026-08-28,0.005479452054794521,764.260009765625,215.175,0.014732194725223597,2.1976473698161176,-0.3289897799602914
555.0,208.57,211.76,1.7802745361328123,26,26.0,call,2026-08-28,0.005479452054794521,764.260009765625,210.165,0.015178550186758013,2.1404842843045095,-0.3199399444403735
560.0,203.81,206.89,1.7890635546875,12,8.0,call,2026-08-28,0.005479452054794521,764.260009765625,205.35,0.014998782566350058,2.1560961031598302,-0.3109712744576131
600.0,163.68,166.93,1.4340848608398438,26,3.0,call,2026-08-28,0.005479452054794521,764.260009765625,165.305,0.01966062732524727,1.7231337574643861,-0.24197840297066156
615.0,148.8,151.79,1.3071323706054683,52,2.0,call,2026-08-28,0.005479452054794521,764.260009765625,150.29500000000002,0.01989420805748681,1.5688392696570554,-0.21728579038029008
620.0,143.78,146.93,1.2783239208984374,18,20.0,call,2026-08-28,0.005479452054794521,764.260009765625,145.35500000000002,0.02167108114615944,1.5353588326416392,-0.20918858014767075
650.0,113.56,116.81,1.001958115234375,26,1.0,call,2026-08-28,0.005479452054794521,764.260009765625,115.185,0.028215479446108433,1.1967102407287342,-0.1619356952971251
675.0,88.64,91.82,0.8120135986328124,11,3.0,call,2026-08-28,0.005479452054794521,764.260009765625,90.22999999999999,0.03524326720602896,0.9685953172369376,-0.12419536731427812
685.0,78.68,81.83,0.7368190380859375,50,9.0,call,2026-08-28,0.005479452054794521,764.260009765625,80.255,0.03924989097252497,0.8781686692078337,-0.10948921992458267
690.0,73.65,76.63,0.6804231176757813,38,8.0,call,2026-08-28,0.005479452054794521,764.260009765625,75.14,0.039659302635081044,0.8079975182426348,-0.10221646059550289
694.0,69.71,72.84,0.6679720703125002,15,10.0,call,2026-08-28,0.005479452054794521,764.260009765625,71.275,0.04391441599438806,0.7955971984511554,-0.0964360976800034
695.0,68.7,71.84,0.659183095703125,14,11.0,call,2026-08-28,0.005479452054794521,764.260009765625,70.27000000000001,0.04468478724918173,0.7850946319528874,-0.09499621262201584
696.0,67.66,70.81,0.64648791015625,55,3.0,call,2026-08-28,0.005479452054794521,764.260009765625,69.235,0.04549721961435698,0.7692508673215146,-0.09355839785238827
697.0,66.77,69.84,0.6479527392578125,81,2.0,call,2026-08-28,0.005479452054794521,764.260009765625,68.305,0.044945465192884955,0.7719166661915481,-0.09212264742628412
698.0,65.7,68.93,0.6411168701171875,16,7.0,call,2026-08-28,0.005479452054794521,764.260009765625,67.315,0.047983361806432506,0.763935710042753,-0.09068895542443547
699.0,64.75,67.84,0.6306189282226562,126,4.0,call,2026-08-28,0.005479452054794521,764.260009765625,66.295,0.04660984991326651,0.7508817895056682,-0.08925731595299764
700.0,63.67,66.85,0.6181678808593751,258,4.0,call,2026-08-28,0.005479452054794521,764.260009765625,65.25999999999999,0.048728164266012765,0.735287779550717,-0.08782772314340331
701.0,62.89,65.85,0.6237830590820312,53,26.0,call,2026-08-28,0.005479452054794521,764.260009765625,64.37,0.045984154109056916,0.7437405625528609,-0.08640017115221785
703.0,61.87,63.85,0.6606479248046876,48,28.0,call,2026-08-28,0.005479452054794521,764.260009765625,62.86,0.03149856824689793,0.7930144125351257,-0.08355116637614306
705.0,60.03,61.83,0.6501499829101562,228,18.0,call,2026-08-28,0.005479452054794521,764.260009765625,60.93,0.029542097488921667,0.7808708584129577,-0.08071025537453934
708.0,55.73,58.85,0.5573774731445313,48,30.0,call,2026-08-28,0.005479452054794521,764.260009765625,57.29,0.05445976610228669,0.6628663741909404,-0.0764639644930882
709.0,55.87,57.85,0.6088906298828126,17,28.0,call,2026-08-28,0.005479452054794521,764.260009765625,56.86,0.03482237073513901,0.7303743284552053,-0.07505253165468043
710.0,54.87,56.86,0.6005899316406251,97,6.0,call,2026-08-28,0.005479452054794521,764.260009765625,55.864999999999995,0.03562158775619802,0.7204932988531882,-0.07364308815144689
711.0,52.67,55.84,0.5290574438476563,56,12.0,call,2026-08-28,0.005479452054794521,764.260009765625,54.255,0.05842779467330203,0.6283153331286429,-0.07223562838356708
712.0,52.88,54.86,0.5837443969726561,15,3.0,call,2026-08-28,0.005479452054794521,764.260009765625,53.870000000000005,0.036755151290142875,0.7000676072238837,-0.07083014677483214
713.0,51.88,53.83,0.5737347314453125,29,10.0,call,2026-08-28,0.005479452054794521,764.260009765625,52.855000000000004,0.03689338756976626,0.6877857356012302,-0.06942663777251204
714.0,51.14,51.56,0.5153857055664062,128,10.0,call,2026-08-28,0.005479452054794521,764.260009765625,51.35,0.008179162609542389,0.6130100628746324,-0.06802509584722355
715.0,50.04,51.84,0.5637250659179689,187,15.0,call,2026-08-28,0.005479452054794521,764.260009765625,50.94,0.03533568904593648,0.6763127202255951,-0.06662551549280035
716.0,47.73,49.81,0.5434615966796876,125,31.0,call,2026-08-28,0.005479452054794521,764.260009765625,48.769999999999996,0.04264916957145798,0.49351776418509685,-0.06522789122616234
717.0,47.88,49.09,0.5043994873046875,36,44.0,call,2026-08-28,0.005479452054794521,764.260009765625,48.485,0.024956172011962482,0.6012416518786947,-0.06383221758718756
718.0,45.77,47.67,0.5134326000976561,119,90.0,call,2026-08-28,0.005479452054794521,764.260009765625,46.72,0.04066780821917805,0.4645072683441821,-0.062438489138583804
719.0,44.61,47.81,0.5949747534179688,68,328.0,call,2026-08-28,0.005479452054794521,764.260009765625,46.21,0.06924908028565252,0.5439217813300681,-0.06104670046576125
720.0,43.78,45.85,0.5119677709960937,328,159.0,call,2026-08-28,0.005479452054794521,764.260009765625,44.815,0.046189891777306716,0.4679082863480354,-0.0596568461767069
721.0,43.56,45.87,0.5800823242187501,30,80.0,call,2026-08-28,0.005479452054794521,764.260009765625,44.715,0.05166051660516594,0.5876368469056238,-0.05826892090185889
722.0,43.05,44.85,0.5024463818359376,129,158.0,call,2026-08-28,0.005479452054794521,764.260009765625,43.95,0.0409556313993175,0.6022992994139373,-0.05688291929398169
723.0,41.89,43.85,0.5594526477050781,31,1.0,call,2026-08-28,0.005479452054794521,764.260009765625,42.870000000000005,0.045719617448098916,0.583203223198023,-0.05549883602804331
724.0,41.04,42.86,0.5504195349121095,104,80.0,call,2026-08-28,0.005479452054794521,764.260009765625,41.95,0.0433849821215733,0.5806301609245981,-0.05411666580109158
725.0,38.73,41.52,0.51758294921875,240,4.0,call,2026-08-28,0.005479452054794521,764.260009765625,40.125,0.06953271028037399,0.4735051999840403,-0.05273640333213312
726.0,37.71,40.77,0.5250291638183593,106,107.0,call,2026-08-28,0.005479452054794521,764.260009765625,39.24,0.07798165137614685,0.4793581728865289,-0.051358043362011885
727.0,38.04,38.51,0.42163664306640625,924,183.0,call,2026-08-28,0.005479452054794521,764.260009765625,38.275,0.012279555845852354,0.47389548665653014,-0.04998158065328856
728.0,36.9,38.89,0.5133105310058592,56,127.0,call,2026-08-28,0.005479452054794521,764.260009765625,37.894999999999996,0.05251352421163748,0.5316137129203032,-0.04860700999012203
729.0,35.9,37.81,0.49841810180664065,89,2.0,call,2026-08-28,0.005479452054794521,764.260009765625,36.855000000000004,0.05182471849138525,0.5167943881119849,-0.04723432617814981
730.0,35.04,35.95,0.43018147949218755,299,2.0,call,2026-08-28,0.005479452054794521,764.260009765625,35.495000000000005,0.025637413720242388,0.4690282775950126,-0.04586352404437109
731.0,33.91,35.6,0.46533737792968755,54,10.0,call,2026-08-28,0.005479452054794521,764.260009765625,34.754999999999995,0.04862609696446569,0.4852598131077719,-0.04449459843702948
732.0,32.91,34.91,0.4749808361816406,110,9.0,call,2026-08-28,0.005479452054794521,764.260009765625,33.91,0.058979652020053085,0.48906998178177924,-0.043127544225496375
733.0,32.17,32.83,0.3939269592285156,256,40.0,call,2026-08-28,0.005479452054794521,764.260009765625,32.5,0.020307692307692204,0.4380856737970762,-0.04176235630015651
734.0,29.9,32.78,0.4470270141601562,298,8.0,call,2026-08-28,0.005479452054794521,764.260009765625,31.34,0.09189534141671993,0.410496578631001,-0.04039902957229238
735.0,30.16,31.92,0.4454401159667969,381,6.0,call,2026-08-28,0.005479452054794521,764.260009765625,31.04,0.05670103092783511,0.4670023198190317,-0.03903755897397124
736.0,27.73,30.18,0.3898986791992188,722,3.0,call,2026-08-28,0.005479452054794521,764.260009765625,28.955,0.08461405629424967,0.3437732248757752,-0.03767793945793175
737.0,27.34,29.78,0.41687594848632803,320,33.0,call,2026-08-28,0.005479452054794521,764.260009765625,28.560000000000002,0.08543417366946783,0.40137770884680696,-0.036320165997471336
738.0,25.59,28.82,0.40906352661132805,477,2.0,call,2026-08-28,0.005479452054794521,764.260009765625,27.205,0.11872817496783682,0.35446108861493025,-0.0349642335863354
739.0,26.11,26.53,0.3175117077636719,737,108.0,call,2026-08-28,0.005479452054794521,764.260009765625,26.32,0.015957446808510703,0.35630551148158474,-0.033610137238606196
740.0,25.12,25.64,0.3161689477539062,2243,107.0,call,2026-08-28,0.005479452054794521,764.260009765625,25.380000000000003,0.020488573680063023,0.35171592412210184,-0.032257871988592486
741.0,24.18,24.66,0.30823445678710937,756,2.0,call,2026-08-28,0.005479452054794521,764.260009765625,24.42,0.019656019656019673,0.34482335947922954,-0.030907432890721107
742.0,22.54,24.95,0.37476211181640623,899,23.0,call,2026-08-28,0.005479452054794521,764.260009765625,23.744999999999997,0.1014950515898084,0.3624296187316547,-0.0295588150194275
743.0,21.83,23.34,0.33081723876953123,834,47.0,call,2026-08-28,0.005479452054794521,764.260009765625,22.585,0.06685853442550371,0.3376373702746414,-0.028212013469048742
744.0,21.19,22.19,0.31201859863281245,988,21.0,call,2026-08-28,0.005479452054794521,764.260009765625,21.69,0.04610419548178884,0.3350642355888506,-0.02686702335371611
745.0,20.27,21.61,0.3249579223632812,1620,187.0,call,2026-08-28,0.005479452054794521,764.260009765625,20.939999999999998,0.06399235912129896,0.342873024232006,-0.025523839807248417
746.0,17.84,20.59,0.3133613586425781,601,12.0,call,2026-08-28,0.005479452054794521,764.260009765625,19.215,0.14311735623211033,0.271702792141502,-0.02418245798304715
747.0,18.28,19.62,0.3042672113037109,725,48.0,call,2026-08-28,0.005479452054794521,764.260009765625,18.950000000000003,0.07071240105540895,0.3195790670323474,-0.022842873053990652
748.0,17.35,17.89,0.2546461254882813,202,44.0,call,2026-08-28,0.005479452054794521,764.260009765625,17.62,0.030646992054483492,0.28322515889752814,-0.02150508021233067
749.0,16.4,17.16,0.2590406127929688,278,28.0,call,2026-08-28,0.005479452054794521,764.260009765625,16.78,0.04529201430274145,0.28315213652344917,-0.020169074669588505
750.0,15.31,16.87,0.2836985693359374,2477,2385.0,call,2026-08-28,0.005479452054794521,764.260009765625,16.09,0.09695463020509637,0.292014573660794,-0.018834851656451816
751.0,14.6,14.81,0.2196122961425781,676,658.0,call,2026-08-28,0.005479452054794521,764.260009765625,14.705,0.014280856851411143,0.2535156471761662,-0.01750240642267315
752.0,13.44,13.84,0.2108233215332031,810,101.0,call,2026-08-28,0.005479452054794521,764.260009765625,13.64,0.029325513196480964,0.23674569059835962,-0.01617173423696814
753.0,12.62,13.08,0.21216608154296873,1035,124.0,call,2026-08-28,0.005479452054794521,764.260009765625,12.85,0.03579766536964987,0.23814767043977397,-0.014842830386914344
754.0,11.84,12.25,0.20911435424804684,717,91.0,call,2026-08-28,0.005479452054794521,764.260009765625,12.045,0.03403902034039021,0.23720039767815657,-0.013515690178851918
755.0,10.9,11.27,0.1986164123535156,2215,727.0,call,2026-08-28,0.005479452054794521,764.260009765625,11.085,0.03337843933243114,0.2260935171036981,-0.012190308937783244
756.0,10.08,10.45,0.19495433959960937,1025,1019.0,call,2026-08-28,0.005479452054794521,764.260009765625,10.265,0.03604481246955667,0.2224686051475247,-0.010866682007274905
757.0,9.21,9.66,0.19178054321289065,1415,1589.0,call,2026-08-28,0.005479452054794521,764.260009765625,9.435,0.04769475357710644,0.21728869407238327,-0.009544804749359197
758.0,8.37,8.72,0.18158777404785154,1310,2308.0,call,2026-08-28,0.005479452054794521,764.260009765625,8.545,0.04095962551199549,0.2080658945749466,-0.008224672544436273
759.0,7.59,7.95,0.17774259765625,893,2678.0,call,2026-08-28,0.005479452054794521,764.260009765625,7.77,0.04633204633204638,0.2038169229189511,-0.006906280791178072
760.0,6.84,7.08,0.16913672668457033,3915,4547.0,call,2026-08-28,0.005479452054794521,764.260009765625,6.96,0.03448275862068969,0.1967073792230911,-0.005589624906431192
761.0,6.14,6.22,0.1601646484375,606,973.0,call,2026-08-28,0.005479452054794521,764.260009765625,6.18,0.01294498381877024,0.1898994197563953,-0.004274700325122075
762.0,5.47,5.53,0.15662464477539065,1317,2453.0,call,2026-08-28,0.005479452054794521,764.260009765625,5.5,0.010909090909091,0.1864031189867913,-0.002961502500161706
763.0,4.81,4.88,0.15338981384277345,1995,583.0,call,2026-08-28,0.005479452054794521,764.260009765625,4.845,0.014447884416924723,0.18251781183164,-0.0016500269023509311
764.0,4.23,4.25,0.14954463745117189,3426,1332.0,call,2026-08-28,0.005479452054794521,764.260009765625,4.24,0.004716981132075371,0.17925209564640143,-0.0003402690202875131
765.0,3.67,3.69,0.14692015197753905,7275,7143.0,call,2026-08-28,0.005479452054794521,764.260009765625,3.6799999999999997,0.005434782608695657,0.17626767929246864,0.0009677756397279868
766.0,3.15,3.16,0.1439294592285156,6703,8817.0,call,2026-08-28,0.005479452054794521,764.260009765625,3.1550000000000002,0.0031695721077655246,0.1730326407696375,0.0022741115537833804
767.0,2.67,2.68,0.14118290466308597,6509,3908.0,call,2026-08-28,0.005479452054794521,764.260009765625,2.675,0.0037383177570094323,0.1699172954812012,0.0035787431804482
768.0,2.25,2.26,0.13910773010253907,8340,7275.0,call,2026-08-28,0.005479452054794521,764.260009765625,2.255,0.0044345898004433644,0.16758339603924155,0.004881674960864112
769.0,1.86,1.88,0.13697152099609378,3552,2142.0,call,2026-08-28,0.005479452054794521,764.260009765625,1.87,0.010695187165775291,0.16486231818333658,0.006182911318836073
770.0,1.53,1.54,0.13471324279785157,15029,5927.0,call,2026-08-28,0.005479452054794521,764.260009765625,1.5350000000000001,0.0065146579804560316,0.16249468121872926,0.007482456660921564
771.0,1.23,1.24,0.13233289550781252,3462,1409.0,call,2026-08-28,0.005479452054794521,764.260009765625,1.2349999999999999,0.008097165991902843,0.15974497188708525,0.008780315376521453
772.0,0.99,1.0,0.13099013549804686,4410,2560.0,call,2026-08-28,0.005479452054794521,764.260009765625,0.995,0.010050251256281416,0.158174212754755,0.010076491837968287
773.0,0.77,0.78,0.1287928918457031,2753,2030.0,call,2026-08-28,0.005479452054794521,764.260009765625,0.775,0.012903225806451623,0.15551282869392904,0.01137099040061401
774.0,0.61,0.62,0.12806047729492187,6858,1465.0,call,2026-08-28,0.005479452054794521,764.260009765625,0.615,0.016260162601626032,0.15474252174722597,0.012663815402919098
775.0,0.46,0.47,0.12610737182617188,8072,3710.0,call,2026-08-28,0.005479452054794521,764.260009765625,0.46499999999999997,0.021505376344085923,0.15239898154561268,0.013954971166539128
776.0,0.36,0.37,0.125985302734375,9275,1687.0,call,2026-08-28,0.005479452054794521,764.260009765625,0.365,0.02739726027397263,0.15233988522474345,0.015244461996410816
777.0,0.26,0.27,0.124032197265625,2608,1068.0,call,2026-08-28,0.005479452054794521,764.260009765625,0.265,0.03773584905660381,0.14988437186942644,0.01653229218083944
778.0,0.2,0.21,0.12427633544921876,3894,663.0,call,2026-08-28,0.005479452054794521,764.260009765625,0.20500000000000002,0.04878048780487795,0.15019815408464807,0.01781846599158375
779.0,0.15,0.16,0.12427633544921876,2524,539.0,call,2026-08-28,0.005479452054794521,764.260009765625,0.155,0.06451612903225812,0.15009157816517565,0.019102987683940347
780.0,0.11,0.12,0.12427633544921876,8929,1774.0,call,2026-08-28,0.005479452054794521,764.260009765625,0.11499999999999999,0.0869565217391304,0.14977134648032622,0.020385861496829437
781.0,0.08,0.09,0.1245204736328125,3373,460.0,call,2026-08-28,0.005479452054794521,764.260009765625,0.08499999999999999,0.11764705882352937,0.1496630216598607,0.021667091652877914
782.0,0.06,0.07,0.12549702636718751,2218,756.0,call,2026-08-28,0.005479452054794521,764.260009765625,0.065,0.15384615384615397,0.15058630916675655,0.02294668235850318
783.0,0.05,0.06,0.127938408203125,2928,235.0,call,2026-08-28,0.005479452054794521,764.260009765625,0.055,0.18181818181818174,0.1538455851715179,0.024224637803995135
729.0,0.05,0.06,0.22852333984375,1102,2.0,put,2026-08-28,0.005479452054794521,764.260009765625,0.055,0.18181818181818174,0.27755468640061176,-0.04723432617814981
730.0,0.05,0.06,0.22266402343749997,2310,435.0,put,2026-08-28,0.005479452054794521,764.260009765625,0.055,0.18181818181818174,0.27052622208664023,-0.04586352404437109
731.0,0.05,0.06,0.21680470703125,765,264.0,put,2026-08-28,0.005479452054794521,764.260009765625,0.055,0.18181818181818174,0.26348718381733344,-0.04449459843702948
732.0,0.06,0.07,0.2153398779296875,1242,4.0,put,2026-08-28,0.005479452054794521,764.260009765625,0.065,0.15384615384615397,0.26219585268147955,-0.043127544225496375
733.0,0.06,0.07,0.20948056152343747,1177,10.0,put,2026-08-28,0.005479452054794521,764.260009765625,0.065,0.15384615384615397,0.2550088141086123,-0.04176235630015651
734.0,0.07,0.08,0.20703917968749996,898,70.0,put,2026-08-28,0.005479452054794521,764.260009765625,0.07500000000000001,0.13333333333333325,0.25277550449243474,-0.04039902957229238
735.0,0.07,0.08,0.20117986328124998,13708,116.0,put,2026-08-28,0.005479452054794521,764.260009765625,0.07500000000000001,0.13333333333333325,0.2454475543033092,-0.03903755897397124
736.0,0.08,0.09,0.19873848144531248,661,26.0,put,2026-08-28,0.005479452054794521,764.260009765625,0.08499999999999999,0.11764705882352937,0.24244531432675656,-0.03767793945793175
737.0,0.09,0.1,0.1958088232421875,1658,219.0,put,2026-08-28,0.005479452054794521,764.260009765625,0.095,0.10526315789473693,0.23890651613815866,-0.036320165997471336
738.0,0.1,0.11,0.192390888671875,1086,194.0,put,2026-08-28,0.005479452054794521,764.260009765625,0.10500000000000001,0.09523809523809518,0.23490699675167423,-0.0349642335863354
739.0,0.1,0.11,0.1860432958984375,2625,439.0,put,2026-08-28,0.005479452054794521,764.260009765625,0.10500000000000001,0.09523809523809518,0.22721514469817988,-0.033610137238606196
740.0,0.11,0.12,0.1821370849609375,9050,326.0,put,2026-08-28,0.005479452054794521,764.260009765625,0.11499999999999999,0.0869565217391304,0.22270309797907092,-0.032257871988592486
741.0,0.13,0.14,0.1801839794921875,2062,54.0,put,2026-08-28,0.005479452054794521,764.260009765625,0.135,0.07407407407407414,0.2206452545523929,-0.030907432890721107
742.0,0.14,0.15,0.1757894921875,1277,284.0,put,2026-08-28,0.005479452054794521,764.260009765625,0.14500000000000002,0.06896551724137917,0.21525065737525506,-0.0295588150194275
743.0,0.17,0.17,0.17285983398437502,3539,770.0,put,2026-08-28,0.005479452054794521,764.260009765625,0.17,0.0,0.21306913635685737,-0.028212013469048742
744.0,0.18,0.19,0.16968603759765627,2284,908.0,put,2026-08-28,0.005479452054794521,764.260009765625,0.185,0.054054054054054106,0.2079707395349293,-0.02686702335371611
745.0,0.21,0.22,0.16748879394531252,9063,1059.0,put,2026-08-28,0.005479452054794521,764.260009765625,0.215,0.046511627906976785,0.20536459549780425,-0.025523839807248417
746.0,0.23,0.24,0.16309430664062502,1837,367.0,put,2026-08-28,0.005479452054794521,764.260009765625,0.235,0.042553191489361625,0.2002265748424278,-0.02418245798304715
747.0,0.27,0.28,0.16089706298828127,1365,365.0,put,2026-08-28,0.005479452054794521,764.260009765625,0.275,0.03636363636363639,0.19780482084412887,-0.022842873053990652
748.0,0.31,0.32,0.15821154296875,3009,497.0,put,2026-08-28,0.005479452054794521,764.260009765625,0.315,0.03174603174603177,0.19445863594330295,-0.02150508021233067
749.0,0.37,0.38,0.15674671386718753,1482,411.0,put,2026-08-28,0.005479452054794521,764.260009765625,0.375,0.02666666666666669,0.19282588209113624,-0.020169074669588505
750.0,0.4,0.41,0.15161981201171876,17930,2116.0,put,2026-08-28,0.005479452054794521,764.260009765625,0.405,0.024691358024691242,0.18664921284056546,-0.018834851656451816
751.0,0.49,0.5,0.15125360473632815,6091,659.0,put,2026-08-28,0.005479452054794521,764.260009765625,0.495,0.02020202020202022,0.18629590196330573,-0.01750240642267315
752.0,0.56,0.57,0.14820187744140628,6236,1062.0,put,2026-08-28,0.005479452054794521,764.260009765625,0.565,0.017699115044247607,0.18262456275068345,-0.01617173423696814
753.0,0.62,0.63,0.14368532104492188,2552,1018.0,put,2026-08-28,0.005479452054794521,764.260009765625,0.625,0.016000000000000014,0.177179934070547,-0.014842830386914344
754.0,0.75,0.76,0.14295290649414064,3432,646.0,put,2026-08-28,0.005479452054794521,764.260009765625,0.755,0.013245033112582794,0.1765196854929333,-0.013515690178851918
755.0,0.87,0.88,0.14051152465820313,8494,3302.0,put,2026-08-28,0.005479452054794521,764.260009765625,0.875,0.011428571428571439,0.1736238745962278,-0.012190308937783244
756.0,1.01,1.02,0.1381922119140625,3617,2129.0,put,2026-08-28,0.005479452054794521,764.260009765625,1.0150000000000001,0.00985221674876848,0.17082292646816324,-0.010866682007274905
757.0,1.16,1.17,0.13526255371093754,2030,1505.0,put,2026-08-28,0.005479452054794521,764.260009765625,1.165,0.00858369098712447,0.16733682451327148,-0.009544804749359197
758.0,1.35,1.36,0.13306531005859373,2195,1666.0,put,2026-08-28,0.005479452054794521,764.260009765625,1.355,0.007380073800738014,0.16483870705577527,-0.008224672544436273
759.0,1.56,1.57,0.13056289367675777,1801,1346.0,put,2026-08-28,0.005479452054794521,764.260009765625,1.565,0.006389776357827482,0.1619242602707596,-0.006906280791178072
760.0,1.81,1.82,0.12842668457031248,14159,9015.0,put,2026-08-28,0.005479452054794521,764.260009765625,1.815,0.005509641873278242,0.15950472234122606,-0.005589624906431192
761.0,2.08,2.1,0.12610737182617188,2264,1158.0,put,2026-08-28,0.005479452054794521,764.260009765625,2.09,0.00956937799043063,0.15663398176606658,-0.004274700325122075
762.0,2.41,2.42,0.12391012817382813,3379,2547.0,put,2026-08-28,0.005479452054794521,764.260009765625,2.415,0.0041407867494823135,0.15436363837111344,-0.002961502500161706
763.0,2.75,2.77,0.1212856427001953,7512,3502.0,put,2026-08-28,0.005479452054794521,764.260009765625,2.76,0.00724637681159421,0.15114659774669517,-0.0016500269023509311
764.0,3.15,3.16,0.11847805358886719,5959,2925.0,put,2026-08-28,0.005479452054794521,764.260009765625,3.1550000000000002,0.0031695721077655246,0.14822402674475982,-0.0003402690202875131
765.0,3.58,3.6,0.1157314990234375,8272,9652.0,put,2026-08-28,0.005479452054794521,764.260009765625,3.59,0.005571030640668529,0.1450037942547904,0.0009677756397279868
766.0,4.06,4.08,0.11255770263671874,3021,6270.0,put,2026-08-28,0.005479452054794521,764.260009765625,4.07,0.0049140049140050275,0.14157542531524325,0.0022741115537833804
767.0,4.56,4.63,0.1100552862548828,3224,3408.0,put,2026-08-28,0.005479452054794521,764.260009765625,4.595,0.015233949945593099,0.1378029360551222,0.0035787431804482
768.0,5.14,5.21,0.106454248046875,3021,1468.0,put,2026-08-28,0.005479452054794521,764.260009765625,5.175,0.013526570048309233,0.13402655128890123,0.004881674960864112
769.0,5.76,5.83,0.10199872619628905,1757,674.0,put,2026-08-28,0.005479452054794521,764.260009765625,5.795,0.012079378774805916,0.129366166119644,0.006182911318836073
770.0,6.45,6.5,0.09681078979492189,5656,1347.0,put,2026-08-28,0.005479452054794521,764.260009765625,6.475,0.007722007722007695,0.12470103041700338,0.007482456660921564
771.0,6.47,7.31,0.09583423706054689,2567,1953.0,put,2026-08-28,0.005479452054794521,764.260009765625,6.89,0.12191582002902757,0.0940299798016408,0.008780315376521453
772.0,7.56,7.99,0.08130801513671876,1833,2761.0,put,2026-08-28,0.005479452054794521,764.260009765625,7.775,0.0553054662379422,0.09108556397867944,0.010076491837968287
773.0,8.59,8.83,0.06836869140625002,1398,1923.0,put,2026-08-28,0.005479452054794521,764.260009765625,8.71,0.027554535017221608,0.08997314680716968,0.01137099040061401
735.0,30.23,32.21,0.30249720947265624,45,20.0,call,2026-09-01,0.01643835616438356,764.260009765625,31.22,0.06342088404868676,0.2683256196674073,-0.03903755897397124
748.0,17.93,19.38,0.21637746520996093,87,28.0,call,2026-09-01,0.01643835616438356,764.260009765625,18.655,0.07772715089788257,0.19731201329766662,-0.02150508021233067
750.0,14.94,17.5,0.20490297058105467,34,192.0,call,2026-09-01,0.01643835616438356,764.260009765625,16.22,0.15782983970406908,0.16598268137970126,-0.018834851656451816
751.0,15.27,15.51,0.16706155212402346,17,2.0,call,2026-09-01,0.01643835616438356,764.260009765625,15.39,0.015594541910331397,0.16510369355538235,-0.01750240642267315
752.0,14.44,14.71,0.16590189575195316,96,1064.0,call,2026-09-01,0.01643835616438356,764.260009765625,14.575,0.01852487135506013,0.16421928520323203,-0.01617173423696814
753.0,13.54,13.72,0.15863878479003907,19,80.0,call,2026-09-01,0.01643835616438356,764.260009765625,13.629999999999999,0.013206162876008915,0.15836741053912903,-0.014842830386914344
754.0,12.68,12.81,0.1536339520263672,21,823.0,call,2026-09-01,0.01643835616438356,764.260009765625,12.745000000000001,0.010200078462142078,0.15429948699914162,-0.013515690178851918
755.0,11.85,12.05,0.15259636474609378,192,330.0,call,2026-09-01,0.01643835616438356,764.260009765625,11.95,0.016736401673640256,0.15275713688364195,-0.012190308937783244
756.0,11.13,11.31,0.15155877746582033,23,22.0,call,2026-09-01,0.01643835616438356,764.260009765625,11.22,0.016042780748663076,0.15265181257751895,-0.010866682007274905
758.0,9.44,9.62,0.14258669921875,28,367.0,call,2026-09-01,0.01643835616438356,764.260009765625,9.53,0.01888772298006293,0.14391210491889078,-0.008224672544436273
759.0,8.72,8.83,0.13892462646484377,147,1236.0,call,2026-09-01,0.01643835616438356,764.260009765625,8.775,0.01253561253561247,0.14140379052785887,-0.006906280791178072
760.0,7.99,8.09,0.13602548553466798,171,1485.0,call,2026-09-01,0.01643835616438356,764.260009765625,8.04,0.012437810945273589,0.13885256180411695,-0.005589624906431192
761.0,7.28,7.38,0.1333094482421875,58,22.0,call,2026-09-01,0.01643835616438356,764.260009765625,7.33,0.013642564802182762,0.13634855771083115,-0.004274700325122075
762.0,6.51,6.76,0.13221082641601564,225,60.0,call,2026-09-01,0.01643835616438356,764.260009765625,6.635,0.037678975131876416,0.133580548762001,-0.002961502500161706
763.0,5.96,6.06,0.12851823638916016,187,8.0,call,2026-09-01,0.01643835616438356,764.260009765625,6.01,0.01663893510815302,0.13193149925754488,-0.0016500269023509311
764.0,5.38,5.43,0.12586323364257812,757,119.0,call,2026-09-01,0.01643835616438356,764.260009765625,5.404999999999999,0.009250693802035121,0.1300430192323857,-0.0003402690202875131
765.0,4.8,4.85,0.1236965072631836,1440,993.0,call,2026-09-01,0.01643835616438356,764.260009765625,4.824999999999999,0.010362694300518099,0.12801149606052445,0.0009677756397279868
766.0,4.25,4.29,0.1212856427001953,1389,1062.0,call,2026-09-01,0.01643835616438356,764.260009765625,4.27,0.009367681498829048,0.12580037251530965,0.0022741115537833804
767.0,3.75,3.8,0.11972926177978514,1041,558.0,call,2026-09-01,0.01643835616438356,764.260009765625,3.775,0.013245033112582735,0.12427986180087283,0.0035787431804482
768.0,3.27,3.32,0.11762356994628906,233,156.0,call,2026-09-01,0.01643835616438356,764.260009765625,3.295,0.01517450682852802,0.12226168042222138,0.004881674960864112
769.0,2.75,2.91,0.11646391357421876,288,43.0,call,2026-09-01,0.01643835616438356,764.260009765625,2.83,0.05653710247349828,0.11968927332999421,0.006182911318836073
770.0,2.44,2.49,0.11414460083007813,1598,977.0,call,2026-09-01,0.01643835616438356,764.260009765625,2.465,0.02028397565922932,0.11889008908654781,0.007482456660921564
771.0,2.09,2.15,0.11304597900390626,470,86.0,call,2026-09-01,0.01643835616438356,764.260009765625,2.12,0.028301886792452855,0.11771612045997974,0.008780315376521453
772.0,1.77,1.8,0.1106961489868164,705,2500.0,call,2026-09-01,0.01643835616438356,764.260009765625,1.7850000000000001,0.016806722689075643,0.1158178137917586,0.010076491837968287
773.0,1.4,1.53,0.10975011352539063,717,99.0,call,2026-09-01,0.01643835616438356,764.260009765625,1.4649999999999999,0.0887372013651878,0.11323927262527293,0.01137099040061401
774.0,1.22,1.28,0.10846838806152344,532,174.0,call,2026-09-01,0.01643835616438356,764.260009765625,1.25,0.04800000000000004,0.1131123565219095,0.012663815402919098
775.0,1.01,1.03,0.10608804077148437,855,158.0,call,2026-09-01,0.01643835616438356,764.260009765625,1.02,0.01960784313725492,0.11139681698605866,0.013954971166539128
776.0,0.85,0.87,0.10596597167968749,296,174.0,call,2026-09-01,0.01643835616438356,764.260009765625,0.86,0.023255813953488393,0.11139159108536759,0.015244461996410816
777.0,0.66,0.69,0.10407390075683592,505,141.0,call,2026-09-01,0.01643835616438356,764.260009765625,0.675,0.044444444444444314,0.10916579237567242,0.01653229218083944
778.0,0.54,0.56,0.10328045166015623,265,22.0,call,2026-09-01,0.01643835616438356,764.260009765625,0.55,0.03636363636363639,0.10863362547634381,0.01781846599158375
779.0,0.42,0.44,0.10193769165039063,336,105.0,call,2026-09-01,0.01643835616438356,764.260009765625,0.43,0.046511627906976785,0.10721379643441802,0.019102987683940347
780.0,0.32,0.34,0.100594931640625,1705,359.0,call,2026-09-01,0.01643835616438356,764.260009765625,0.33,0.060606060606060656,0.10572517935171635,0.020385861496829437
781.0,0.26,0.28,0.10083906982421875,4739,235.0,call,2026-09-01,0.01643835616438356,764.260009765625,0.27,0.07407407407407414,0.10607404102938375,0.021667091652877914
782.0,0.2,0.22,0.10035079345703124,1390,4299.0,call,2026-09-01,0.01643835616438356,764.260009765625,0.21000000000000002,0.09523809523809518,0.10544043925102733,0.02294668235850318
783.0,0.16,0.17,0.09974044799804688,885,100.0,call,2026-09-01,0.01643835616438356,764.260009765625,0.165,0.060606060606060656,0.10522796506387856,0.024224637803995135
784.0,0.13,0.14,0.10035079345703124,496,237.0,call,2026-09-01,0.01643835616438356,764.260009765625,0.135,0.07407407407407414,0.10591587162381183,0.025500962163599816
785.0,0.1,0.11,0.10035079345703124,315,87.0,call,2026-09-01,0.01643835616438356,764.260009765625,0.10500000000000001,0.09523809523809518,0.10575980036703693,0.026775659595600552
786.0,0.08,0.09,0.1010832080078125,475,84.0,call,2026-09-01,0.01643835616438356,764.260009765625,0.08499999999999999,0.11764705882352937,0.10639047114447425,0.028048734242398597
787.0,0.07,0.08,0.10303631347656249,250,19.0,call,2026-09-01,0.01643835616438356,764.260009765625,0.07500000000000001,0.13333333333333325,0.10843837316680567,0.029320190230595213
788.0,0.06,0.07,0.10450114257812498,122,11.0,call,2026-09-01,0.01643835616438356,764.260009765625,0.065,0.15384615384615397,0.11015098281223533,0.03059003167107126
789.0,0.05,0.06,0.10596597167968749,523,26.0,call,2026-09-01,0.01643835616438356,764.260009765625,0.055,0.18181818181818174,0.11145704917530018,0.031858262659066314
705.0,0.05,0.06,0.23926541992187497,111,101.0,put,2026-09-01,0.01643835616438356,764.260009765625,0.055,0.18181818181818174,0.25751526191523333,-0.08071025537453934
710.0,0.06,0.07,0.22510540527343748,72,20.0,put,2026-09-01,0.01643835616438356,764.260009765625,0.065,0.15384615384615397,0.2423852606308279,-0.07364308815144689
715.0,0.08,0.09,0.21289849609375,1176,4.0,put,2026-09-01,0.01643835616438356,764.260009765625,0.08499999999999999,0.11764705882352937,0.22980707687923196,-0.06662551549280035
718.0,0.09,0.1,0.20410952148437497,60,46.0,put,2026-09-01,0.01643835616438356,764.260009765625,0.095,0.10526315789473693,0.22051196502776652,-0.062438489138583804
719.0,0.09,0.1,0.20020331054687499,34,1.0,put,2026-09-01,0.01643835616438356,764.260009765625,0.095,0.10526315789473693,0.21627036364735283,-0.06104670046576125
720.0,0.1,0.11,0.19873848144531248,158,25.0,put,2026-09-01,0.01643835616438356,764.260009765625,0.10500000000000001,0.09523809523809518,0.2149736416806258,-0.0596568461767069
721.0,0.1,0.11,0.1948322705078125,72,4.0,put,2026-09-01,0.01643835616438356,764.260009765625,0.10500000000000001,0.09523809523809518,0.2106785490249155,-0.05826892090185889
722.0,0.11,0.12,0.19336744140625,80,7.0,put,2026-09-01,0.01643835616438356,764.260009765625,0.11499999999999999,0.0869565217391304,0.2090604676032553,-0.05688291929398169
723.0,0.12,0.13,0.1914143359375,96,41.0,put,2026-09-01,0.01643835616438356,764.260009765625,0.125,0.08000000000000007,0.2072048329427474,-0.05549883602804331
724.0,0.12,0.13,0.18726398681640627,47,24.0,put,2026-09-01,0.01643835616438356,764.260009765625,0.125,0.08000000000000007,0.20281159364430681,-0.05411666580109158
725.0,0.13,0.14,0.18506674316406246,320,1.0,put,2026-09-01,0.01643835616438356,764.260009765625,0.135,0.07407407407407414,0.20070074813319455,-0.05273640333213312
726.0,0.14,0.15,0.18311363769531247,425,46.0,put,2026-09-01,0.01643835616438356,764.260009765625,0.14500000000000002,0.06896551724137917,0.19840169487085368,-0.051358043362011885
727.0,0.14,0.16,0.180672255859375,130,93.0,put,2026-09-01,0.01643835616438356,764.260009765625,0.15000000000000002,0.13333333333333325,0.19493361122220035,-0.04998158065328856
728.0,0.15,0.17,0.1782308740234375,143,1.0,put,2026-09-01,0.01643835616438356,764.260009765625,0.16,0.1250000000000001,0.19236241630907264,-0.04860700999012203
729.0,0.18,0.19,0.1772543212890625,58,1.0,put,2026-09-01,0.01643835616438356,764.260009765625,0.185,0.054054054054054106,0.19226925428684694,-0.04723432617814981
730.0,0.18,0.19,0.17285983398437502,317,5.0,put,2026-09-01,0.01643835616438356,764.260009765625,0.185,0.054054054054054106,0.1876248269903633,-0.04586352404437109
731.0,0.19,0.2,0.16993017578125003,328,121.0,put,2026-09-01,0.01643835616438356,764.260009765625,0.195,0.05128205128205133,0.18459034953077882,-0.04449459843702948
732.0,0.21,0.22,0.1682212084960938,75,2.0,put,2026-09-01,0.01643835616438356,764.260009765625,0.215,0.046511627906976785,0.1829314891288102,-0.043127544225496375
733.0,0.22,0.23,0.16529155029296877,98,4.0,put,2026-09-01,0.01643835616438356,764.260009765625,0.225,0.04444444444444448,0.17959432285707808,-0.04176235630015651
734.0,0.24,0.25,0.16309430664062502,283,30.0,put,2026-09-01,0.01643835616438356,764.260009765625,0.245,0.04081632653061228,0.1774816944119439,-0.04039902957229238
735.0,0.26,0.27,0.16089706298828127,225,25.0,put,2026-09-01,0.01643835616438356,764.260009765625,0.265,0.03773584905660381,0.17512593035016175,-0.03903755897397124
736.0,0.28,0.29,0.15845568115234376,159,18.0,put,2026-09-01,0.01643835616438356,764.260009765625,0.28500000000000003,0.035087719298245446,0.17254913313183365,-0.03767793945793175
737.0,0.31,0.32,0.15674671386718753,190,12.0,put,2026-09-01,0.01643835616438356,764.260009765625,0.315,0.03174603174603177,0.17084859036378677,-0.036320165997471336
738.0,0.33,0.34,0.15393912475585939,364,31.0,put,2026-09-01,0.01643835616438356,764.260009765625,0.335,0.02985074626865674,0.16782109399798015,-0.0349642335863354
739.0,0.36,0.38,0.15259636474609378,121,15.0,put,2026-09-01,0.01643835616438356,764.260009765625,0.37,0.054054054054054106,0.16604581864709828,-0.033610137238606196
740.0,0.39,0.41,0.15027705200195315,785,123.0,put,2026-09-01,0.01643835616438356,764.260009765625,0.4,0.049999999999999906,0.16350014711213406,-0.032257871988592486
741.0,0.42,0.44,0.1475915319824219,141,181.0,put,2026-09-01,0.01643835616438356,764.260009765625,0.43,0.046511627906976785,0.16070980790042128,-0.030907432890721107
742.0,0.47,0.49,0.14612670288085935,176,15.0,put,2026-09-01,0.01643835616438356,764.260009765625,0.48,0.041666666666666706,0.15924303817418112,-0.0295588150194275
743.0,0.51,0.52,0.14295290649414064,118,19.0,put,2026-09-01,0.01643835616438356,764.260009765625,0.515,0.019417475728155355,0.15629248294614004,-0.028212013469048742
744.0,0.56,0.57,0.14087773193359376,421,29.0,put,2026-09-01,0.01643835616438356,764.260009765625,0.565,0.017699115044247607,0.15412888634969907,-0.02686702335371611
745.0,0.62,0.64,0.139657041015625,658,45.0,put,2026-09-01,0.01643835616438356,764.260009765625,0.63,0.03174603174603177,0.15257386288094088,-0.025523839807248417
746.0,0.67,0.7,0.1374597973632813,238,9.0,put,2026-09-01,0.01643835616438356,764.260009765625,0.685,0.043795620437956075,0.15000136641407713,-0.02418245798304715
747.0,0.75,0.78,0.13599496826171875,377,39.0,put,2026-09-01,0.01643835616438356,764.260009765625,0.765,0.03921568627450984,0.14849188208264785,-0.022842873053990652
748.0,0.81,0.84,0.13306531005859373,137,64.0,put,2026-09-01,0.01643835616438356,764.260009765625,0.825,0.036363636363636265,0.14548773134971069,-0.02150508021233067
749.0,0.9,0.92,0.13086806640624998,589,31.0,put,2026-09-01,0.01643835616438356,764.260009765625,0.91,0.021978021978021997,0.14340066152050282,-0.020169074669588505
750.0,1.02,1.04,0.129891513671875,1277,223.0,put,2026-09-01,0.01643835616438356,764.260009765625,1.03,0.019417475728155355,0.14248162929760436,-0.018834851656451816
751.0,1.12,1.16,0.12836565002441402,121,24.0,put,2026-09-01,0.01643835616438356,764.260009765625,1.1400000000000001,0.035087719298245446,0.14055569819093935,-0.01750240642267315
752.0,1.24,1.28,0.1263515100097656,279,13.0,put,2026-09-01,0.01643835616438356,764.260009765625,1.26,0.03174603174603177,0.13855231538784038,-0.01617173423696814
753.0,1.32,1.43,0.12500875,255,36.0,put,2026-09-01,0.01643835616438356,764.260009765625,1.375,0.0799999999999999,0.1358689317115198,-0.014842830386914344
754.0,1.49,1.53,0.12140771179199218,726,198.0,put,2026-09-01,0.01643835616438356,764.260009765625,1.51,0.026490066225165587,0.13346298605365603,-0.013515690178851918
755.0,1.68,1.72,0.1203090899658203,525,169.0,put,2026-09-01,0.01643835616438356,764.260009765625,1.7,0.023529411764705903,0.13243919726641637,-0.012190308937783244
756.0,1.87,1.91,0.11860012268066406,315,112.0,put,2026-09-01,0.01643835616438356,764.260009765625,1.8900000000000001,0.021164021164021062,0.13076019190104923,-0.010866682007274905
757.0,2.07,2.11,0.11658598266601564,248,95.0,put,2026-09-01,0.01643835616438356,764.260009765625,2.09,0.01913875598086126,0.1287768469728345,-0.009544804749359197
758.0,2.27,2.33,0.1145718426513672,571,37.0,put,2026-09-01,0.01643835616438356,764.260009765625,2.3,0.026086956521739157,0.12647594218278893,-0.008224672544436273
759.0,2.52,2.57,0.1124966680908203,422,87.0,put,2026-09-01,0.01643835616438356,764.260009765625,2.545,0.019646365422396787,0.1245546213448262,-0.006906280791178072
760.0,2.79,2.83,0.11023838989257811,860,506.0,put,2026-09-01,0.01643835616438356,764.260009765625,2.81,0.01423487544483987,0.12250459089195105,-0.005589624906431192
761.0,3.02,3.14,0.10859045715332032,163,2159.0,put,2026-09-01,0.01643835616438356,764.260009765625,3.08,0.038961038961038995,0.11987978558444672,-0.004274700325122075
762.0,3.41,3.46,0.106454248046875,374,85.0,put,2026-09-01,0.01643835616438356,764.260009765625,3.435,0.014556040756914067,0.11876840863717325,-0.002961502500161706
763.0,3.76,3.82,0.10450114257812498,326,140.0,put,2026-09-01,0.01643835616438356,764.260009765625,3.79,0.015831134564643815,0.11683307597800796,-0.0016500269023509311
764.0,4.15,4.2,0.10221234710693358,665,178.0,put,2026-09-01,0.01643835616438356,764.260009765625,4.175000000000001,0.011976047904191572,0.11483081842049372,-0.0003402690202875131
765.0,4.57,4.62,0.09998458618164063,964,888.0,put,2026-09-01,0.01643835616438356,764.260009765625,4.595000000000001,0.0108813928182807,0.11284121007640643,0.0009677756397279868
766.0,5.02,5.09,0.09809251525878906,654,394.0,put,2026-09-01,0.01643835616438356,764.260009765625,5.055,0.013847675568743875,0.11094597942027587,0.0022741115537833804
767.0,5.49,5.62,0.09662768615722657,819,272.0,put,2026-09-01,0.01643835616438356,764.260009765625,5.555,0.023402340234023385,0.10910672363781543,0.0035787431804482
768.0,6.01,6.14,0.0939116488647461,49,102.0,put,2026-09-01,0.01643835616438356,764.260009765625,6.074999999999999,0.021399176954732497,0.10675600777006927,0.004881674960864112
769.0,6.58,6.71,0.0913176806640625,116,89.0,put,2026-09-01,0.01643835616438356,764.260009765625,6.645,0.019563581640331063,0.10464729521359824,0.006182911318836073
770.0,7.21,7.3,0.08796078063964845,810,149.0,put,2026-09-01,0.01643835616438356,764.260009765625,7.255,0.012405237767057183,0.10249274061933687,0.007482456660921564
771.0,7.82,7.99,0.08606870971679689,233,4.0,put,2026-09-01,0.01643835616438356,764.260009765625,7.905,0.021505376344086013,0.10027264340022946,0.008780315376521453
772.0,8.45,8.71,0.08374939697265626,34,29.0,put,2026-09-01,0.01643835616438356,764.260009765625,8.58,0.030303030303030484,0.09746406247107851,0.010076491837968287
773.0,9.06,9.3,0.07422800781250001,48,10.0,put,2026-09-01,0.01643835616438356,764.260009765625,9.18,0.026143790849673228,0.08999914698103934,0.01137099040061401
774.0,9.93,10.18,0.07422800781250001,187,18.0,put,2026-09-01,0.01643835616438356,764.260009765625,10.055,0.02486325211337643,0.0914619913485659,0.012663815402919098
775.0,10.71,10.96,0.06592730957031251,49,33.0,put,2026-09-01,0.01643835616438356,764.260009765625,10.835,0.023073373327180433,0.08723551261860693,0.013954971166539128
777.0,12.38,12.87,0.06641558593750001,11,6.0,put,2026-09-01,0.01643835616438356,764.260009765625,12.625,0.03881188118811869,0.08561278355645043,0.01653229218083944
500.0,263.93,267.15,1.316165528564453,21,,call,2026-09-04,0.024657534246575342,764.260009765625,265.53999999999996,0.01212623333584383,1.3292675949739121,-0.42429995976461615
520.0,243.93,247.18,1.2119180029296874,11,1.0,call,2026-09-04,0.024657534246575342,764.260009765625,245.555,0.013235324061819143,1.2198752623806086,-0.3850792466113349
550.0,214.0,217.23,1.0661667785644533,10,5.0,call,2026-09-04,0.024657534246575342,764.260009765625,215.615,0.0149804048883426,1.0688228093174375,-0.3289897799602914
555.0,208.97,212.23,1.0390673046875003,26,26.0,call,2026-09-04,0.024657534246575342,764.260009765625,210.6,0.01547958214624877,1.039993089045241,-0.3199399444403735
560.0,204.06,207.24,1.0205127099609377,12,11.0,call,2026-09-04,0.024657534246575342,764.260009765625,205.65,0.015463165572574796,1.0221326907439627,-0.3109712744576131
570.0,193.97,197.26,0.9665530688476562,14,12.0,call,2026-09-04,0.024657534246575342,764.260009765625,195.615,0.016818751118267986,0.96481891253403,-0.29327169735821207
580.0,184.0,187.27,0.91992267578125,37,36.0,call,2026-09-04,0.024657534246575342,764.260009765625,185.635,0.017615212648476906,0.9170367720685084,-0.2758799546463429
600.0,164.08,167.28,0.8286149951171874,259,258.0,call,2026-09-04,0.024657534246575342,764.260009765625,165.68,0.01931434089811678,0.8235027046383802,-0.24197840297066156
610.0,154.06,157.32,0.7819846020507812,14,1.0,call,2026-09-04,0.024657534246575342,764.260009765625,155.69,0.02093904553921248,0.7756335090378383,-0.22544910101945104
620.0,144.11,147.34,0.7382838671874999,23,20.0,call,2026-09-04,0.024657534246575342,764.260009765625,145.72500000000002,0.02216503688454273,0.7313394027684371,-0.20918858014767075
635.0,129.2,132.37,0.6732210412597659,10,,call,2026-09-04,0.024657534246575342,764.260009765625,130.785,0.024238253622357427,0.6658581230497648,-0.18528305929411634
660.0,104.11,107.42,0.5553022985839844,12,2.0,call,2026-09-04,0.024657534246575342,764.260009765625,105.765,0.03129579728643693,0.5447264018894591,-0.14666822316633668
665.0,99.18,102.43,0.5351608984375,24,1.0,call,2026-09-04,0.024657534246575342,764.260009765625,100.805,0.032240464262685384,0.5250245201523903,-0.1391210175309538
670.0,94.18,97.59,0.51758294921875,12,2.0,call,2026-09-04,0.024657534246575342,764.260009765625,95.885,0.03556343536528129,0.5086481418463257,-0.1316303458017962
675.0,89.17,92.46,0.5822795678710937,18,3.0,call,2026-09-04,0.024657534246575342,764.260009765625,90.815,0.036227495457798735,0.47881754267111715,-0.12419536731427812
680.0,84.12,87.48,0.5571333349609376,32,2.0,call,2026-09-04,0.024657534246575342,764.260009765625,85.80000000000001,0.03916083916083915,0.45401752169343657,-0.11681526001665557
685.0,79.26,82.47,0.5306443420410156,22,1.0,call,2026-09-04,0.024657534246575342,764.260009765625,80.86500000000001,0.03969578927842693,0.4359130950122457,-0.10948921992458267
690.0,74.29,77.52,0.5067188000488281,74,1.0,call,2026-09-04,0.024657534246575342,764.260009765625,75.905,0.04255319148936157,0.4153859303117094,-0.10221646059550289
692.0,72.3,75.66,0.5022022436523439,10,1.0,call,2026-09-04,0.024657534246575342,764.260009765625,73.97999999999999,0.0454176804541768,0.41145195173542565,-0.09932210256913843
695.0,69.29,72.68,0.4871267108154297,13,3.0,call,2026-09-04,0.024657534246575342,764.260009765625,70.98500000000001,0.04775656828907516,0.39743841082508163,-0.09499621262201584
700.0,64.82,67.54,0.45483943603515625,142,2.0,call,2026-09-04,0.024657534246575342,764.260009765625,66.18,0.04110003022061065,0.3862779687226107,-0.08782772314340331
701.0,63.35,66.57,0.45075012145996096,30,6.0,call,2026-09-04,0.024657534246575342,764.260009765625,64.96,0.049568965517241256,0.3669399428523869,-0.08640017115221785
703.0,61.35,64.58,0.4404963177490234,13,1.0,call,2026-09-04,0.024657534246575342,764.260009765625,62.965,0.05129834034781222,0.35768949151098994,-0.08355116637614306
705.0,59.42,62.73,0.43567458862304687,25,18.0,call,2026-09-04,0.024657534246575342,764.260009765625,61.075,0.05419566107245182,0.35519380972390757,-0.08071025537453934
706.0,58.39,61.6,0.4252376812744141,12,1.0,call,2026-09-04,0.024657534246575342,764.260009765625,59.995000000000005,0.05350445870489209,0.34523190517258195,-0.07929282069356586
707.0,57.28,60.6,0.41992767578125,10,1.0,call,2026-09-04,0.024657534246575342,764.260009765625,58.94,0.05632846963013235,0.3368377452140927,-0.07787739229023515
708.0,56.41,59.59,0.4141904284667969,54,3.0,call,2026-09-04,0.024657534246575342,764.260009765625,58.0,0.05482758620689667,0.3358908739705136,-0.0764639644930882
709.0,55.4,58.7,0.41296973754882804,28,,call,2026-09-04,0.024657534246575342,764.260009765625,57.05,0.05784399649430332,0.3341636252464769,-0.07505253165468043
710.0,54.88,57.57,0.40265489929199216,318,6.0,call,2026-09-04,0.024657534246575342,764.260009765625,56.225,0.04784348599377497,0.3396424610667121,-0.07364308815144689
711.0,53.89,56.64,0.39990834472656256,38,3.0,call,2026-09-04,0.024657534246575342,764.260009765625,55.265,0.04976024608703519,0.3369307595730951,-0.07223562838356708
712.0,52.4,55.68,0.3959410992431641,14,1.0,call,2026-09-04,0.024657534246575342,764.260009765625,54.04,0.06069578090303481,0.31893606816774245,-0.07083014677483214
713.0,51.45,54.64,0.3890441955566406,36,4.0,call,2026-09-04,0.024657534246575342,764.260009765625,53.045,0.06013761900273348,0.3143532648324798,-0.06942663777251204
714.0,50.59,53.72,0.3865417791748046,21,1.0,call,2026-09-04,0.024657534246575342,764.260009765625,52.155,0.060013421531971915,0.31581066888308984,-0.06802509584722355
715.0,49.47,52.74,0.3817810845947265,73,10.0,call,2026-09-04,0.024657534246575342,764.260009765625,51.105000000000004,0.06398591135896689,0.3080280695574533,-0.06662551549280035
717.0,47.48,50.63,0.36688865539550786,75,,call,2026-09-04,0.024657534246575342,764.260009765625,49.055,0.06421363775354205,0.29533057595877765,-0.06383221758718756
718.0,46.5,49.74,0.3653017572021484,52,1.0,call,2026-09-04,0.024657534246575342,764.260009765625,48.120000000000005,0.06733167082294268,0.29402713684838866,-0.062438489138583804
720.0,44.52,47.73,0.35388829711914055,203,1.0,call,2026-09-04,0.024657534246575342,764.260009765625,46.125,0.06959349593495921,0.2843555570265061,-0.0596568461767069
721.0,43.62,46.76,0.3493717407226562,13,3.0,call,2026-09-04,0.024657534246575342,764.260009765625,45.19,0.06948439920336359,0.2827891886366732,-0.05826892090185889
722.0,42.55,45.73,0.34278000976562495,35,11.0,call,2026-09-04,0.024657534246575342,764.260009765625,44.14,0.07204349796103307,0.2751616320100569,-0.05688291929398169
723.0,41.52,44.71,0.3365544860839844,24,23.0,call,2026-09-04,0.024657534246575342,764.260009765625,43.115,0.07398817117012635,0.26884877165623944,-0.05549883602804331
724.0,40.61,43.79,0.3336248278808594,45,3.0,call,2026-09-04,0.024657534246575342,764.260009765625,42.2,0.07535545023696681,0.2681646852056129,-0.05411666580109158
725.0,40.0,42.8,0.32831482238769527,103,5.0,call,2026-09-04,0.024657534246575342,764.260009765625,41.4,0.06763285024154583,0.272726164658219,-0.05273640333213312
726.0,38.59,41.75,0.3210517114257812,12,2.0,call,2026-09-04,0.024657534246575342,764.260009765625,40.17,0.07866567089868053,0.2565365886928301,-0.051358043362011885
728.0,36.73,39.85,0.312934116821289,20,2.0,call,2026-09-04,0.024657534246575342,764.260009765625,38.29,0.08148341603551854,0.2520647645045457,-0.04860700999012203
729.0,35.75,38.86,0.30750204223632804,125,1.0,call,2026-09-04,0.024657534246575342,764.260009765625,37.305,0.08336684090604475,0.24758197458220815,-0.04723432617814981
730.0,35.06,37.84,0.3011544494628906,136,6.0,call,2026-09-04,0.024657534246575342,764.260009765625,36.45,0.07626886145404667,0.24882378051581885,-0.04586352404437109
731.0,33.8,36.87,0.29633272033691405,47,15.0,call,2026-09-04,0.024657534246575342,764.260009765625,35.334999999999994,0.08688269421253716,0.23851143259515126,-0.04449459843702948
732.0,32.94,35.95,0.2929758203124999,126,10.0,call,2026-09-04,0.024657534246575342,764.260009765625,34.445,0.08738568732762389,0.23801172456661845,-0.043127544225496375
733.0,32.01,34.99,0.2883066775512695,163,1.0,call,2026-09-04,0.024657534246575342,764.260009765625,33.5,0.08895522388059714,0.23498200832447783,-0.04176235630015651
734.0,31.1,33.97,0.28186753295898437,374,200.0,call,2026-09-04,0.024657534246575342,764.260009765625,32.535,0.08821269402182258,0.2310346130100536,-0.04039902957229238
735.0,30.3,32.96,0.2756420092773437,701,2.0,call,2026-09-04,0.024657534246575342,764.260009765625,31.630000000000003,0.0840973759089472,0.22938601248134344,-0.03903755897397124
736.0,29.16,32.0,0.2708813146972656,308,1.0,call,2026-09-04,0.024657534246575342,764.260009765625,30.58,0.09287115761935906,0.22195567787550116,-0.03767793945793175
737.0,28.44,31.1,0.2677685528564453,301,1.0,call,2026-09-04,0.024657534246575342,764.260009765625,29.770000000000003,0.0893516963385959,0.22366207730849189,-0.036320165997471336
738.0,27.28,29.18,0.23511507080078126,225,2.0,call,2026-09-04,0.024657534246575342,764.260009765625,28.23,0.06730428622033292,0.1971071349342805,-0.0349642335863354
739.0,26.31,29.06,0.2545850909423829,496,2.0,call,2026-09-04,0.024657534246575342,764.260009765625,27.685,0.09933176810547228,0.20932549805361936,-0.033610137238606196
740.0,25.99,28.16,0.2512281909179687,1525,1.0,call,2026-09-04,0.024657534246575342,764.260009765625,27.075,0.08014773776546637,0.21734562257347131,-0.032257871988592486
741.0,24.84,26.86,0.23694610717773437,499,122.0,call,2026-09-04,0.024657534246575342,764.260009765625,25.85,0.07814313346228238,0.20384876824172712,-0.030907432890721107
742.0,24.52,25.46,0.21985643432617186,919,133.0,call,2026-09-04,0.024657534246575342,764.260009765625,24.990000000000002,0.037615046018407414,0.20279951470647523,-0.0295588150194275
743.0,22.78,25.14,0.23212437805175778,683,6.0,call,2026-09-04,0.024657534246575342,764.260009765625,23.96,0.09849749582637726,0.19593443385847126,-0.028212013469048742
744.0,22.81,23.05,0.19641916870117188,279,638.0,call,2026-09-04,0.024657534246575342,764.260009765625,22.93,0.01046663759267344,0.1890560235134875,-0.02686702335371611
745.0,22.0,22.05,0.19049881774902344,1134,2467.0,call,2026-09-04,0.024657534246575342,764.260009765625,22.025,0.002270147559591406,0.18615977414450213,-0.025523839807248417
746.0,21.05,21.27,0.19049881774902344,771,1590.0,call,2026-09-04,0.024657534246575342,764.260009765625,21.16,0.01039697542533076,0.18431190008392126,-0.02418245798304715
747.0,20.18,20.47,0.18964433410644532,626,1376.0,call,2026-09-04,0.024657534246575342,764.260009765625,20.325,0.014268142681426774,0.18310231705514976,-0.022842873053990652
748.0,19.23,19.46,0.18311363769531247,753,112.0,call,2026-09-04,0.024657534246575342,764.260009765625,19.345,0.011889377100025869,0.17741133654826774,-0.02150508021233067
749.0,18.35,18.58,0.17981777221679687,882,214.0,call,2026-09-04,0.024657534246575342,764.260009765625,18.465,0.012455997833739338,0.17447939808206617,-0.020169074669588505
750.0,17.6,17.82,0.17929897857666016,2616,301.0,call,2026-09-04,0.024657534246575342,764.260009765625,17.71,0.01242236024844714,0.17475134924055383,-0.018834851656451816
751.0,16.64,16.86,0.1736532830810547,647,886.0,call,2026-09-04,0.024657534246575342,764.260009765625,16.75,0.013134328358208887,0.16917384516696726,-0.01750240642267315
752.0,15.79,15.98,0.16980810668945315,486,100.0,call,2026-09-04,0.024657534246575342,764.260009765625,15.885,0.011960969468051702,0.1659571210489204,-0.01617173423696814
753.0,14.97,15.16,0.16715310394287114,238,237.0,call,2026-09-04,0.024657534246575342,764.260009765625,15.065000000000001,0.012612014603385296,0.1636455251733878,-0.014842830386914344
754.0,14.15,14.33,0.1640098248291016,321,1534.0,call,2026-09-04,0.024657534246575342,764.260009765625,14.24,0.012640449438202228,0.16091706162018912,-0.013515690178851918
755.0,13.35,13.52,0.16108016662597657,769,1035.0,call,2026-09-04,0.024657534246575342,764.260009765625,13.434999999999999,0.01265351693338295,0.1583842856445858,-0.012190308937783244
756.0,12.55,12.74,0.15851671569824222,8587,304.0,call,2026-09-04,0.024657534246575342,764.260009765625,12.645,0.015025701858442033,0.155894928536469,-0.010866682007274905
757.0,10.62,11.98,0.1560753338623047,687,32.0,call,2026-09-04,0.024657534246575342,764.260009765625,11.3,0.12035398230088505,0.14019822522056524,-0.009544804749359197
758.0,10.96,12.37,0.17728483856201172,923,87.0,call,2026-09-04,0.024657534246575342,764.260009765625,11.665,0.12087441063008988,0.16339377720229228,-0.008224672544436273
759.0,10.24,10.46,0.15027705200195315,598,841.0,call,2026-09-04,0.024657534246575342,764.260009765625,10.350000000000001,0.021256038647343056,0.1481152381136332,-0.006906280791178072
760.0,9.61,9.67,0.14627928924560546,1603,1687.0,call,2026-09-04,0.024657534246575342,764.260009765625,9.64,0.006224066390041545,0.14600389276612877,-0.005589624906431192
761.0,8.88,9.04,0.14518066741943358,394,234.0,call,2026-09-04,0.024657534246575342,764.260009765625,8.96,0.017857142857142672,0.14412882631463525,-0.004274700325122075
762.0,8.19,8.38,0.1430749755859375,694,28.0,call,2026-09-04,0.024657534246575342,764.260009765625,8.285,0.022933011466505886,0.14192846354242633,-0.002961502500161706
763.0,7.62,7.69,0.1399622137451172,8537,98.0,call,2026-09-04,0.024657534246575342,764.260009765625,7.655,0.009144350097975217,0.14023168921453877,-0.0016500269023509311
764.0,7.03,7.14,0.13919928192138675,912,205.0,call,2026-09-04,0.024657534246575342,764.260009765625,7.085,0.01552575864502462,0.13932047665167224,-0.0003402690202875131
765.0,6.41,6.44,0.13501841552734378,2434,4819.0,call,2026-09-04,0.024657534246575342,764.260009765625,6.425000000000001,0.004669260700389143,0.13603775178072397,0.0009677756397279868
766.0,5.84,5.86,0.13276013732910158,2046,6177.0,call,2026-09-04,0.024657534246575342,764.260009765625,5.85,0.003418803418803498,0.13402390442256382,0.0022741115537833804
767.0,5.29,5.32,0.13080703186035153,1234,780.0,call,2026-09-04,0.024657534246575342,764.260009765625,5.305,0.005655042412818143,0.13210728174513073,0.0035787431804482
768.0,4.77,4.79,0.12848771911621093,1111,542.0,call,2026-09-04,0.024657534246575342,764.260009765625,4.779999999999999,0.004184100418410139,0.13005778472677354,0.004881674960864112
769.0,4.28,4.3,0.1265040963745117,1217,496.0,call,2026-09-04,0.024657534246575342,764.260009765625,4.29,0.004662004662004562,0.1281756034201374,0.006182911318836073
770.0,3.82,3.84,0.12455099090576172,4159,1691.0,call,2026-09-04,0.024657534246575342,764.260009765625,3.83,0.005221932114882511,0.12634263306381124,0.007482456660921564
771.0,3.4,3.43,0.12308616180419923,1582,344.0,call,2026-09-04,0.024657534246575342,764.260009765625,3.415,0.008784773060029356,0.12488873054077654,0.008780315376521453
772.0,2.99,3.05,0.12168236724853515,1087,1015.0,call,2026-09-04,0.024657534246575342,764.260009765625,3.02,0.01986754966887404,0.12325617073831674,0.010076491837968287
773.0,2.64,2.67,0.1196682272338867,745,671.0,call,2026-09-04,0.024657534246575342,764.260009765625,2.6550000000000002,0.011299435028248513,0.12166597057266638,0.01137099040061401
774.0,2.3,2.36,0.1186611572265625,1283,741.0,call,2026-09-04,0.024657534246575342,764.260009765625,2.33,0.02575107296137341,0.12037757733590847,0.012663815402919098
775.0,2.01,2.02,0.116219775390625,3392,1729.0,call,2026-09-04,0.024657534246575342,764.260009765625,2.0149999999999997,0.004962779156327659,0.11864347215091044,0.013954971166539128
776.0,1.73,1.75,0.1149075326538086,2024,1180.0,call,2026-09-04,0.024657534246575342,764.260009765625,1.74,0.011494252873563229,0.1172468844430705,0.015244461996410816
777.0,1.48,1.52,0.11402253173828125,1633,359.0,call,2026-09-04,0.024657534246575342,764.260009765625,1.5,0.02666666666666669,0.11612093813477732,0.01653229218083944
778.0,1.27,1.29,0.11243563354492186,5484,487.0,call,2026-09-04,0.024657534246575342,764.260009765625,1.28,0.015625000000000014,0.11486678285582283,0.01781846599158375
779.0,1.07,1.09,0.11097080444335936,1122,281.0,call,2026-09-04,0.024657534246575342,764.260009765625,1.08,0.018518518518518535,0.1134887641746313,0.019102987683940347
780.0,0.9,0.92,0.1098721826171875,4536,1009.0,call,2026-09-04,0.024657534246575342,764.260009765625,0.91,0.021978021978021997,0.11238102562090202,0.020385861496829437
781.0,0.75,0.77,0.1087125262451172,1311,192.0,call,2026-09-04,0.024657534246575342,764.260009765625,0.76,0.026315789473684233,0.11125654358159992,0.021667091652877914
782.0,0.63,0.64,0.10761390441894532,916,89.0,call,2026-09-04,0.024657534246575342,764.260009765625,0.635,0.015748031496063006,0.1104090677570756,0.02294668235850318
783.0,0.52,0.53,0.10669838623046876,562,397.0,call,2026-09-04,0.024657534246575342,764.260009765625,0.525,0.019047619047619063,0.10948741981047481,0.024224637803995135
784.0,0.44,0.45,0.10657631713867188,840,502.0,call,2026-09-04,0.024657534246575342,764.260009765625,0.445,0.02247191011235957,0.10942812421349002,0.025500962163599816
785.0,0.36,0.37,0.10584390258789061,4852,365.0,call,2026-09-04,0.024657534246575342,764.260009765625,0.365,0.02739726027397263,0.10867602715241977,0.026775659595600552
786.0,0.3,0.31,0.10559976440429686,547,223.0,call,2026-09-04,0.024657534246575342,764.260009765625,0.305,0.03278688524590167,0.10852837696000772,0.028048734242398597
787.0,0.25,0.26,0.1054776953125,1614,299.0,call,2026-09-04,0.024657534246575342,764.260009765625,0.255,0.03921568627450984,0.10849759028058989,0.029320190230595213
788.0,0.2,0.21,0.10486734985351562,2053,194.0,call,2026-09-04,0.024657534246575342,764.260009765625,0.20500000000000002,0.04878048780487795,0.10776452092030539,0.03059003167107126
789.0,0.17,0.18,0.1054776953125,1490,71.0,call,2026-09-04,0.024657534246575342,764.260009765625,0.175,0.05714285714285704,0.10833395767595676,0.031858262659066314
790.0,0.14,0.15,0.1054776953125,4991,511.0,call,2026-09-04,0.024657534246575342,764.260009765625,0.14500000000000002,0.06896551724137917,0.10838342211921707,0.033124887274259184
791.0,0.12,0.13,0.10621010986328125,4572,5.0,call,2026-09-04,0.024657534246575342,764.260009765625,0.125,0.08000000000000007,0.10919482885906166,0.03438990958084603
792.0,0.1,0.11,0.10669838623046876,1080,50.0,call,2026-09-04,0.024657534246575342,764.260009765625,0.10500000000000001,0.09523809523809518,0.10957183723604993,0.03565333362761794
793.0,0.09,0.1,0.10816321533203124,1111,3.0,call,2026-09-04,0.024657534246575342,764.260009765625,0.095,0.10526315789473693,0.11120533401838306,0.03691516344804001
794.0,0.08,0.09,0.10962804443359375,1079,137.0,call,2026-09-04,0.024657534246575342,764.260009765625,0.08499999999999999,0.11764705882352937,0.1126238527036228,0.03817540306032768
795.0,0.07,0.08,0.11084873535156249,4685,169.0,call,2026-09-04,0.024657534246575342,764.260009765625,0.07500000000000001,0.13333333333333325,0.11379329811932719,0.039434056467524
796.0,0.06,0.07,0.11182528808593749,1421,149.0,call,2026-09-04,0.024657534246575342,764.260009765625,0.065,0.15384615384615397,0.11466626891953156,0.04069112765757505
797.0,0.06,0.07,0.1147549462890625,684,114.0,call,2026-09-04,0.024657534246575342,764.260009765625,0.065,0.15384615384615397,0.1177642055443035,0.04194662060340701
798.0,0.06,0.07,0.1176846044921875,651,8.0,call,2026-09-04,0.024657534246575342,764.260009765625,0.065,0.15384615384615397,0.12084793598208286,0.04320053926300089
799.0,0.05,0.06,0.118172880859375,946,12.0,call,2026-09-04,0.024657534246575342,764.260009765625,0.055,0.18181818181818174,0.1212230259743238,0.04445288757946672
800.0,0.05,0.06,0.1211025390625,5018,149.0,call,2026-09-04,0.024657534246575342,764.260009765625,0.055,0.18181818181818174,0.12422794033107716,0.045703669481119286
801.0,0.05,0.06,0.124032197265625,1117,3.0,call,2026-09-04,0.024657534246575342,764.260009765625,0.055,0.18181818181818174,0.1272202582457184,0.04695288888155136
655.0,0.05,0.06,0.35742830078125,870,65.0,put,2026-09-04,0.024657534246575342,764.260009765625,0.055,0.18181818181818174,0.37505782556586603,-0.154272822551556
660.0,0.05,0.06,0.34180345703125,693,22.0,put,2026-09-04,0.024657534246575342,764.260009765625,0.055,0.18181818181818174,0.3584223453058199,-0.14666822316633668
665.0,0.06,0.07,0.331061376953125,564,2.0,put,2026-09-04,0.024657534246575342,764.260009765625,0.065,0.15384615384615397,0.3481274089096129,-0.1391210175309538
670.0,0.06,0.07,0.3154365332031249,1348,3.0,put,2026-09-04,0.024657534246575342,764.260009765625,0.065,0.15384615384615397,0.33136122748286573,-0.1316303458017962
675.0,0.07,0.08,0.30371790039062496,2330,6.0,put,2026-09-04,0.024657534246575342,764.260009765625,0.07500000000000001,0.13333333333333325,0.31981208985564413,-0.12419536731427812
680.0,0.08,0.09,0.2919992675781249,3249,40.0,put,2026-09-04,0.024657534246575342,764.260009765625,0.08499999999999999,0.11764705882352937,0.3074099296277375,-0.11681526001665557
685.0,0.1,0.11,0.282233740234375,834,7.0,put,2026-09-04,0.024657534246575342,764.260009765625,0.10500000000000001,0.09523809523809518,0.29796217413960024,-0.10948921992458267
690.0,0.11,0.12,0.2690502783203125,990,5.0,put,2026-09-04,0.024657534246575342,764.260009765625,0.11499999999999999,0.0869565217391304,0.28383969810707294,-0.10221646059550289
691.0,0.11,0.12,0.26563234375,123,12.0,put,2026-09-04,0.024657534246575342,764.260009765625,0.11499999999999999,0.0869565217391304,0.2803311441607326,-0.10076823441913801
692.0,0.11,0.12,0.2622144091796875,187,2.0,put,2026-09-04,0.024657534246575342,764.260009765625,0.11499999999999999,0.0869565217391304,0.276823164855135,-0.09932210256913843
693.0,0.12,0.13,0.2617261328125,66,2.0,put,2026-09-04,0.024657534246575342,764.260009765625,0.125,0.08000000000000007,0.2763050951988609,-0.09787805899690472
694.0,0.12,0.13,0.25830819824218754,133,18.0,put,2026-09-04,0.024657534246575342,764.260009765625,0.125,0.08000000000000007,0.27276748672226947,-0.0964360976800034
695.0,0.12,0.13,0.25489026367187506,5811,12.0,put,2026-09-04,0.024657534246575342,764.260009765625,0.125,0.08000000000000007,0.26923014327924827,-0.09499621262201584
696.0,0.12,0.13,0.2514723291015625,274,2.0,put,2026-09-04,0.024657534246575342,764.260009765625,0.125,0.08000000000000007,0.26569297303100287,-0.09355839785238827
697.0,0.13,0.14,0.25049577636718745,81,14.0,put,2026-09-04,0.024657534246575342,764.260009765625,0.135,0.07407407407407414,0.26487162536035896,-0.09212264742628412
698.0,0.14,0.15,0.24951922363281248,472,1.0,put,2026-09-04,0.024657534246575342,764.260009765625,0.14500000000000002,0.06896551724137917,0.26386175027602116,-0.09068895542443547
699.0,0.14,0.15,0.2461012890625,87,58.0,put,2026-09-04,0.024657534246575342,764.260009765625,0.14500000000000002,0.06896551724137917,0.26026802884751543,-0.08925731595299764
700.0,0.14,0.15,0.24268335449218748,9934,52.0,put,2026-09-04,0.024657534246575342,764.260009765625,0.14500000000000002,0.06896551724137917,0.2566739649623485,-0.08782772314340331
701.0,0.15,0.16,0.2417068017578125,500,59.0,put,2026-09-04,0.024657534246575342,764.260009765625,0.155,0.06451612903225812,0.25544198783055166,-0.08640017115221785
702.0,0.15,0.16,0.23828886718749998,315,12.0,put,2026-09-04,0.024657534246575342,764.260009765625,0.155,0.06451612903225812,0.25182064063029713,-0.08497465416099689
703.0,0.15,0.16,0.23462679443359374,147,1.0,put,2026-09-04,0.024657534246575342,764.260009765625,0.155,0.06451612903225812,0.24819855095406312,-0.08355116637614306
704.0,0.16,0.17,0.23316196533203126,184,88.0,put,2026-09-04,0.024657534246575342,764.260009765625,0.165,0.060606060606060656,0.2467639548147258,-0.08212970202876552
705.0,0.16,0.17,0.22974403076171873,1734,2.0,put,2026-09-04,0.024657534246575342,764.260009765625,0.165,0.060606060606060656,0.24311477429379372,-0.08071025537453934
706.0,0.18,0.19,0.2299881689453125,239,100.0,put,2026-09-04,0.024657534246575342,764.260009765625,0.185,0.054054054054054106,0.24349877618551005,-0.07929282069356586
707.0,0.18,0.19,0.22657023437499998,330,143.0,put,2026-09-04,0.024657534246575342,764.260009765625,0.185,0.054054054054054106,0.23979955272558523,-0.07787739229023515
708.0,0.18,0.19,0.22290816162109373,341,3.0,put,2026-09-04,0.024657534246575342,764.260009765625,0.185,0.054054054054054106,0.2360987218553855,-0.0764639644930882
709.0,0.18,0.2,0.2211991943359375,636,3.0,put,2026-09-04,0.024657534246575342,764.260009765625,0.19,0.10526315789473693,0.23332607330812016,-0.07505253165468043
710.0,0.2,0.21,0.2192460888671875,1289,14.0,put,2026-09-04,0.024657534246575342,764.260009765625,0.20500000000000002,0.04878048780487795,0.23227623573848044,-0.07364308815144689
711.0,0.2,0.21,0.21558401611328126,155,1.0,put,2026-09-04,0.024657534246575342,764.260009765625,0.20500000000000002,0.04878048780487795,0.22852521257241576,-0.07223562838356708
712.0,0.21,0.22,0.21363091064453127,278,4.0,put,2026-09-04,0.024657534246575342,764.260009765625,0.215,0.046511627906976785,0.22643857224295869,-0.07083014677483214
713.0,0.23,0.24,0.21289849609375,816,1.0,put,2026-09-04,0.024657534246575342,764.260009765625,0.235,0.042553191489361625,0.22581347364105214,-0.06942663777251204
714.0,0.23,0.24,0.2092364233398437,597,1.0,put,2026-09-04,0.024657534246575342,764.260009765625,0.235,0.042553191489361625,0.22199298885599908,-0.06802509584722355
715.0,0.24,0.25,0.20703917968749996,3337,88.0,put,2026-09-04,0.024657534246575342,764.260009765625,0.245,0.04081632653061228,0.21964391514411746,-0.06662551549280035
716.0,0.25,0.26,0.20459779785156246,629,15.0,put,2026-09-04,0.024657534246575342,764.260009765625,0.255,0.03921568627450984,0.21721627936911345,-0.06522789122616234
717.0,0.26,0.27,0.20215641601562498,337,15.0,put,2026-09-04,0.024657534246575342,764.260009765625,0.265,0.03773584905660381,0.21471370358303424,-0.06383221758718756
718.0,0.28,0.29,0.20093572509765623,1359,6.0,put,2026-09-04,0.024657534246575342,764.260009765625,0.28500000000000003,0.035087719298245446,0.21342807005393852,-0.062438489138583804
719.0,0.29,0.3,0.19849434326171872,533,2.0,put,2026-09-04,0.024657534246575342,764.260009765625,0.295,0.0338983050847458,0.21074066476626666,-0.06104670046576125
720.0,0.3,0.31,0.1958088232421875,4697,116.0,put,2026-09-04,0.024657534246575342,764.260009765625,0.305,0.03278688524590167,0.20798926280795063,-0.0596568461767069
721.0,0.31,0.32,0.19312330322265625,1144,15.0,put,2026-09-04,0.024657534246575342,764.260009765625,0.315,0.03174603174603177,0.20517593208564386,-0.05826892090185889
722.0,0.32,0.33,0.1901936450195313,298,5.0,put,2026-09-04,0.024657534246575342,764.260009765625,0.325,0.030769230769230795,0.20230251535080718,-0.05688291929398169
723.0,0.34,0.35,0.188484677734375,4383,183.0,put,2026-09-04,0.024657534246575342,764.260009765625,0.345,0.02898550724637668,0.20044032877062362,-0.05549883602804331
724.0,0.34,0.36,0.18555501953124998,575,1.0,put,2026-09-04,0.024657534246575342,764.260009765625,0.35,0.05714285714285704,0.19690211841301433,-0.05411666580109158
725.0,0.37,0.38,0.18360191406249998,2801,386.0,put,2026-09-04,0.024657534246575342,764.260009765625,0.375,0.02666666666666669,0.1953303833504719,-0.05273640333213312
726.0,0.39,0.4,0.18140467041015623,1062,182.0,put,2026-09-04,0.024657534246575342,764.260009765625,0.395,0.025316455696202552,0.19311589616253685,-0.051358043362011885
727.0,0.41,0.42,0.17920742675781248,1785,70.0,put,2026-09-04,0.024657534246575342,764.260009765625,0.415,0.024096385542168697,0.19078201588626567,-0.04998158065328856
728.0,0.45,0.46,0.1783529431152344,390,117.0,put,2026-09-04,0.024657534246575342,764.260009765625,0.455,0.021978021978021997,0.19003702821939686,-0.04860700999012203
729.0,0.46,0.47,0.17505707763671874,756,2.0,put,2026-09-04,0.024657534246575342,764.260009765625,0.46499999999999997,0.021505376344085923,0.1866028453746723,-0.04723432617814981
730.0,0.5,0.51,0.1739584558105469,5490,80.0,put,2026-09-04,0.024657534246575342,764.260009765625,0.505,0.01980198019801982,0.18546920809283282,-0.04586352404437109
731.0,0.52,0.53,0.17127293579101563,3849,60.0,put,2026-09-04,0.024657534246575342,764.260009765625,0.525,0.019047619047619063,0.18262563724904124,-0.04449459843702948
732.0,0.55,0.56,0.1690756921386719,1425,18.0,put,2026-09-04,0.024657534246575342,764.260009765625,0.555,0.018018018018018032,0.18040326876629215,-0.043127544225496375
733.0,0.6,0.61,0.1680991394042969,754,419.0,put,2026-09-04,0.024657534246575342,764.260009765625,0.605,0.016528925619834725,0.17938126170147758,-0.04176235630015651
734.0,0.63,0.64,0.16553568847656253,869,144.0,put,2026-09-04,0.024657534246575342,764.260009765625,0.635,0.015748031496063006,0.17682352428383344,-0.04039902957229238
735.0,0.67,0.69,0.16413189392089844,5202,201.0,put,2026-09-04,0.024657534246575342,764.260009765625,0.6799999999999999,0.029411764705882217,0.17505536863233173,-0.03903755897397124
736.0,0.72,0.73,0.1619346502685547,911,150.0,put,2026-09-04,0.024657534246575342,764.260009765625,0.725,0.013793103448275874,0.17308679434412108,-0.03767793945793175
737.0,0.76,0.78,0.16004257934570312,743,121.0,put,2026-09-04,0.024657534246575342,764.260009765625,0.77,0.025974025974025997,0.17093082911164478,-0.036320165997471336
738.0,0.81,0.83,0.15808947387695313,1123,24.0,put,2026-09-04,0.024657534246575342,764.260009765625,0.8200000000000001,0.024390243902438907,0.16886189975297136,-0.0349642335863354
739.0,0.87,0.89,0.15631947204589847,718,406.0,put,2026-09-04,0.024657534246575342,764.260009765625,0.88,0.02272727272727275,0.16710450740814842,-0.033610137238606196
740.0,0.93,0.95,0.15436636657714847,12728,639.0,put,2026-09-04,0.024657534246575342,764.260009765625,0.94,0.021276595744680753,0.1651218510943325,-0.032257871988592486
741.0,0.99,1.02,0.15265739929199224,931,85.0,put,2026-09-04,0.024657534246575342,764.260009765625,1.005,0.029850746268656747,0.16315559725306383,-0.030907432890721107
742.0,1.06,1.09,0.15070429382324224,1717,677.0,put,2026-09-04,0.024657534246575342,764.260009765625,1.0750000000000002,0.027906976744186067,0.16118664878116903,-0.0295588150194275
743.0,1.15,1.16,0.1485680847167969,875,2242.0,put,2026-09-04,0.024657534246575342,764.260009765625,1.1549999999999998,0.008658008658008667,0.15940495679076797,-0.028212013469048742
744.0,1.23,1.24,0.14655394470214844,952,1684.0,put,2026-09-04,0.024657534246575342,764.260009765625,1.2349999999999999,0.008097165991902843,0.1573716397277108,-0.02686702335371611
745.0,1.32,1.34,0.1450280810546875,3872,426.0,put,2026-09-04,0.024657534246575342,764.260009765625,1.33,0.015037593984962419,0.1556672054381385,-0.025523839807248417
746.0,1.42,1.43,0.1428918719482422,1201,608.0,put,2026-09-04,0.024657534246575342,764.260009765625,1.4249999999999998,0.00701754385964913,0.15368794014173762,-0.02418245798304715
747.0,1.52,1.53,0.14087773193359376,785,324.0,put,2026-09-04,0.024657534246575342,764.260009765625,1.525,0.006557377049180334,0.15162111002294798,-0.022842873053990652
748.0,1.63,1.65,0.13922979919433598,870,42.0,put,2026-09-04,0.024657534246575342,764.260009765625,1.64,0.012195121951219523,0.1497877538724869,-0.02150508021233067
749.0,1.76,1.77,0.13721565917968753,809,224.0,put,2026-09-04,0.024657534246575342,764.260009765625,1.7650000000000001,0.005665722379603404,0.14797918353554695,-0.020169074669588505
750.0,1.89,1.9,0.13529307098388677,5727,887.0,put,2026-09-04,0.024657534246575342,764.260009765625,1.895,0.0052770448548812715,0.14601819429098045,-0.018834851656451816
751.0,2.03,2.05,0.1336146209716797,1456,110.0,put,2026-09-04,0.024657534246575342,764.260009765625,2.04,0.00980392156862746,0.1441915624743779,-0.01750240642267315
752.0,2.19,2.21,0.131844619140625,2884,104.0,put,2026-09-04,0.024657534246575342,764.260009765625,2.2,0.009090909090909097,0.1424603555346102,-0.01617173423696814
753.0,2.36,2.38,0.13001358276367186,1489,193.0,put,2026-09-04,0.024657534246575342,764.260009765625,2.37,0.008438818565400852,0.14065477175830604,-0.014842830386914344
754.0,2.54,2.57,0.1283351327514648,2599,194.0,put,2026-09-04,0.024657534246575342,764.260009765625,2.5549999999999997,0.011741682974559612,0.1388883012634093,-0.013515690178851918
755.0,2.73,2.77,0.12653461364746094,7097,702.0,put,2026-09-04,0.024657534246575342,764.260009765625,2.75,0.014545454545454558,0.13700582339853554,-0.012190308937783244
756.0,2.93,2.99,0.12482564636230468,1080,451.0,put,2026-09-04,0.024657534246575342,764.260009765625,2.96,0.02027027027027029,0.13511456463024935,-0.010866682007274905
757.0,3.18,3.2,0.12247581634521486,1470,234.0,put,2026-09-04,0.024657534246575342,764.260009765625,3.1900000000000004,0.006269592476489033,0.13330724851081335,-0.009544804749359197
758.0,3.43,3.45,0.12064477996826173,1468,1081.0,put,2026-09-04,0.024657534246575342,764.260009765625,3.4400000000000004,0.005813953488372097,0.1315500420737809,-0.008224672544436273
759.0,3.64,3.73,0.11902736450195311,903,279.0,put,2026-09-04,0.024657534246575342,764.260009765625,3.685,0.02442333785617364,0.1292494924326745,-0.006906280791178072
760.0,3.97,4.0,0.11673856903076171,44755,16175.0,put,2026-09-04,0.024657534246575342,764.260009765625,3.9850000000000003,0.0075282308657465,0.12773518696406777,-0.005589624906431192
761.0,4.28,4.3,0.11463287719726564,1550,122.0,put,2026-09-04,0.024657534246575342,764.260009765625,4.29,0.004662004662004562,0.1258511017024821,-0.004274700325122075
762.0,4.59,4.68,0.11365632446289062,2728,428.0,put,2026-09-04,0.024657534246575342,764.260009765625,4.635,0.01941747572815531,0.12433456349444931,-0.002961502500161706
763.0,4.98,5.01,0.11115390808105467,3219,219.0,put,2026-09-04,0.024657534246575342,764.260009765625,4.995,0.006006006006005878,0.12261818129119477,-0.0016500269023509311
764.0,5.36,5.39,0.10910925079345701,817,815.0,put,2026-09-04,0.024657534246575342,764.260009765625,5.375,0.005581395348837091,0.12078699986715875,-0.0003402690202875131
765.0,5.77,5.8,0.1070951107788086,6065,4281.0,put,2026-09-04,0.024657534246575342,764.260009765625,5.785,0.005185825410544555,0.11902538182689831,0.0009677756397279868
766.0,6.19,6.23,0.10489786712646484,1982,1246.0,put,2026-09-04,0.024657534246575342,764.260009765625,6.210000000000001,0.0064412238325281855,0.11699361439400405,0.0022741115537833804
767.0,6.66,6.69,0.10263958892822264,761,593.0,put,2026-09-04,0.024657534246575342,764.260009765625,6.675000000000001,0.004494382022471947,0.11518937587376567,0.0035787431804482
768.0,7.08,7.26,0.10196820892333984,819,887.0,put,2026-09-04,0.024657534246575342,764.260009765625,7.17,0.025104602510460212,0.11338134105569765,0.004881674960864112
769.0,7.6,7.78,0.09958786163330077,491,479.0,put,2026-09-04,0.024657534246575342,764.260009765625,7.6899999999999995,0.02340702210663207,0.11143924117867827,0.006182911318836073
770.0,8.21,8.27,0.09574268524169924,7359,1606.0,put,2026-09-04,0.024657534246575342,764.260009765625,8.24,0.007281553398058097,0.10944623226659644,0.007482456660921564
771.0,8.63,8.82,0.0922942333984375,1933,366.0,put,2026-09-04,0.024657534246575342,764.260009765625,8.725000000000001,0.021776504297994208,0.10515923197327777,0.008780315376521453
772.0,9.36,9.54,0.09192802612304687,939,769.0,put,2026-09-04,0.024657534246575342,764.260009765625,9.45,0.019047619047619018,0.10570277854026733,0.010076491837968287
773.0,10.0,10.2,0.08924250610351564,656,627.0,put,2026-09-04,0.024657534246575342,764.260009765625,10.1,0.019801980198019733,0.10369951178059866,0.01137099040061401
774.0,10.67,10.85,0.08503112243652346,1264,189.0,put,2026-09-04,0.024657534246575342,764.260009765625,10.76,0.01672862453531596,0.10103518529887266,0.012663815402919098
775.0,11.41,11.64,0.08368836242675783,1640,107.0,put,2026-09-04,0.024657534246575342,764.260009765625,11.525,0.019956616052060772,0.10037807071356354,0.013954971166539128
776.0,12.15,12.36,0.07862249511718751,469,132.0,put,2026-09-04,0.024657534246575342,764.260009765625,12.254999999999999,0.01713586291309662,0.0977634610151371,0.015244461996410816
777.0,12.77,13.03,0.0675142077636719,540,3.0,put,2026-09-04,0.024657534246575342,764.260009765625,12.899999999999999,0.02015503875968991,0.09064746094372295,0.01653229218083944
778.0,13.58,13.91,0.0629976513671875,597,72.0,put,2026-09-04,0.024657534246575342,764.260009765625,13.745000000000001,0.024008730447435435,0.08929883051967422,0.01781846599158375
779.0,14.54,14.81,0.054452814941406254,776,120.0,put,2026-09-04,0.024657534246575342,764.260009765625,14.675,0.01839863713798987,0.09088102852254783,0.019102987683940347
780.0,15.39,15.7,1.0000000000000003e-05,1983,29.0,put,2026-09-04,0.024657534246575342,764.260009765625,15.545,0.01994210357027975,0.08876997932340847,0.020385861496829437
781.0,15.15,17.69,0.11463287719726564,179,3.0,put,2026-09-04,0.024657534246575342,764.260009765625,16.42,0.15468940316686972,0.08528697478605664,0.021667091652877914
782.0,16.07,18.6,0.1157314990234375,529,1.0,put,2026-09-04,0.024657534246575342,764.260009765625,17.335,0.14594750504759163,0.08263866094464872,0.02294668235850318
783.0,16.9,19.56,0.1186611572265625,112,7.0,put,2026-09-04,0.024657534246575342,764.260009765625,18.229999999999997,0.14591332967635767,0.07436312891269842,0.024224637803995135
784.0,17.85,20.49,0.12000391723632811,124,3.0,put,2026-09-04,0.024657534246575342,764.260009765625,19.17,0.13771517996870092,0.06310045811389892,0.025500962163599816
300.0,463.87,467.3,1.7368177221679688,724,19.0,call,2026-09-18,0.06301369863013699,764.260009765625,465.58500000000004,0.007367075829333004,1.7272867956862858,-0.9351255835306069
305.0,458.88,462.31,1.7099623876953123,484,2.0,call,2026-09-18,0.06301369863013699,764.260009765625,460.595,0.0074468893496455815,1.6982565124981779,-0.9185962815793963
325.0,439.05,442.36,1.6196308081054687,96,1.0,call,2026-09-18,0.06301369863013699,764.260009765625,440.70500000000004,0.007510693094019813,1.6010592475534398,-0.8550828758570704
330.0,434.11,437.37,1.5986348193359374,218,2.0,call,2026-09-18,0.06301369863013699,764.260009765625,435.74,0.007481525680451624,1.5790038882512323,-0.8398154037262819
345.0,418.98,422.41,1.5141625854492187,13,12.0,call,2026-09-18,0.06301369863013699,764.260009765625,420.69500000000005,0.008153175103103214,1.486197191905125,-0.7953636411554482
350.0,414.0,417.42,1.491457620849609,18,14.0,call,2026-09-18,0.06301369863013699,764.260009765625,415.71000000000004,0.008226888936999388,1.4619312680951602,-0.7809749037033487
355.0,409.01,412.44,1.4689967956542969,13,1.0,call,2026-09-18,0.06301369863013699,764.260009765625,410.725,0.00835108649339584,1.4380022326981088,-0.7667902687113922
365.0,399.13,402.46,1.4306669091796875,10,10.0,call,2026-09-18,0.06301369863013699,764.260009765625,400.79499999999996,0.008308486882321347,1.3983329460702523,-0.7390107046043164
385.0,379.2,382.51,1.3452181176757811,114,18.0,call,2026-09-18,0.06301369863013699,764.260009765625,380.855,0.008690971629622828,1.3077276142822511,-0.6856647238990238
395.0,369.25,372.54,1.3049351159667966,50,1.0,call,2026-09-18,0.06301369863013699,764.260009765625,370.895,0.008870435028781787,1.265720965957645,-0.6600222932856862
400.0,364.28,367.55,1.2851598242187499,766,11.0,call,2026-09-18,0.06301369863013699,764.260009765625,365.91499999999996,0.008936501646557368,1.245067584916946,-0.647443511078826
405.0,359.27,362.56,1.263187277832031,30,1.0,call,2026-09-18,0.06301369863013699,764.260009765625,360.91499999999996,0.009115719767812423,1.2215095949980426,-0.6350209910802689
410.0,354.15,357.58,1.2353553857421873,20,5.0,call,2026-09-18,0.06301369863013699,764.260009765625,355.865,0.009638486504713885,1.1903329218504115,-0.6227508984884546
415.0,349.28,352.59,1.2221718579101561,110,2.0,call,2026-09-18,0.06301369863013699,764.260009765625,350.93499999999995,0.009431946086882194,1.178365487534295,-0.6106295379561097
420.0,344.31,347.6,1.203128984375,76,19.0,call,2026-09-18,0.06301369863013699,764.260009765625,345.95500000000004,0.009509907357893426,1.158683750990087,-0.5986533469093939
425.0,339.33,342.61,1.18359783203125,16,1.0,call,2026-09-18,0.06301369863013699,764.260009765625,340.97,0.009619614628853064,1.1384610411749492,-0.586818889262391
430.0,334.2,337.63,1.156498358154297,797,1.0,call,2026-09-18,0.06301369863013699,764.260009765625,335.91499999999996,0.010210916452078672,1.1080607430605711,-0.5751228494991998
435.0,329.22,332.64,1.1376996240234376,28,17.0,call,2026-09-18,0.06301369863013699,764.260009765625,330.93,0.010334511830296314,1.0884353608103616,-0.5635620270981238
440.0,324.37,327.65,1.1257367932128908,26,9.0,call,2026-09-18,0.06301369863013699,764.260009765625,326.01,0.01006104107235966,1.0783712421968328,-0.552133331274501
450.0,314.25,317.68,1.0808151428222659,827,5.0,call,2026-09-18,0.06301369863013699,764.260009765625,315.96500000000003,0.010855632744133073,1.0293401130249455,-0.5296604754224425
455.0,309.27,312.69,1.0625046875000002,255,2.0,call,2026-09-18,0.06301369863013699,764.260009765625,310.98,0.010997491800115814,1.010522952646227,-0.5186106392358575
460.0,304.44,307.71,1.0522508325195314,138,3.0,call,2026-09-18,0.06301369863013699,764.260009765625,306.075,0.010683655966674775,1.0026851699029644,-0.5076815687036673
465.0,299.45,302.72,1.033452098388672,14,2.0,call,2026-09-18,0.06301369863013699,764.260009765625,301.08500000000004,0.010860720394573089,0.9833999394375468,-0.4968706525994517
470.0,294.31,297.74,1.0083057397460937,175,1.0,call,2026-09-18,0.06301369863013699,764.260009765625,296.025,0.011586859217971479,0.9551500272729979,-0.48617536348270374
475.0,289.47,292.75,0.9970703417968749,16,8.0,call,2026-09-18,0.06301369863013699,764.260009765625,291.11,0.011267218577170047,0.9460419521055783,-0.4755932541521668
480.0,284.34,287.76,0.9725344543457031,25,1.0,call,2026-09-18,0.06301369863013699,764.260009765625,286.04999999999995,0.011955951756685951,0.9184406674600107,-0.4651219542848714
485.0,279.47,282.75,0.9591068542480468,21,1.0,call,2026-09-18,0.06301369863013699,764.260009765625,281.11,0.011668030308420094,0.9063106390982824,-0.4547591672493248
490.0,274.49,277.79,0.9428716650390624,52,25.0,call,2026-09-18,0.06301369863013699,764.260009765625,276.14,0.011950459911639065,0.8904103130900257,-0.44450266708213576
495.0,269.38,272.81,0.9204109521484375,86,1.0,call,2026-09-18,0.06301369863013699,764.260009765625,271.095,0.012652391228167272,0.8655670263604244,-0.43435029561811755
500.0,264.68,267.82,0.9149178430175782,217,23.0,call,2026-09-18,0.06301369863013699,764.260009765625,266.25,0.011793427230046897,0.8645023204692162,-0.42429995976461615
505.0,259.41,262.84,0.8862316064453124,53,2.0,call,2026-09-18,0.06301369863013699,764.260009765625,261.125,0.013135471517472283,0.8310613581274486,-0.41434962891144805
510.0,254.62,257.85,0.87695435546875,127,2.0,call,2026-09-18,0.06301369863013699,764.260009765625,256.235,0.012605615938494031,0.8247926244384073,-0.40449733246843644
515.0,249.51,252.87,0.8552260571289063,3361,30.0,call,2026-09-18,0.06301369863013699,764.260009765625,251.19,0.013376328675504652,0.801074602611508,-0.39474115752307176
520.0,244.58,247.88,0.8404556970214843,96,4.0,call,2026-09-18,0.06301369863013699,764.260009765625,246.23000000000002,0.013402103724160268,0.786961742625403,-0.3850792466113349
525.0,239.47,242.9,0.8190936059570311,60,1.0,call,2026-09-18,0.06301369863013699,764.260009765625,241.185,0.014221448265854041,0.7636930932822112,-0.3755097955951842
530.0,234.98,238.06,0.8255632678222655,99,5.0,call,2026-09-18,0.06301369863013699,764.260009765625,236.51999999999998,0.013022154574666043,0.7791155010139691,-0.3660310516406404
535.0,229.89,233.08,0.8052997985839843,69,2.0,call,2026-09-18,0.06301369863013699,764.260009765625,231.485,0.01378059053502398,0.7575286584126871,-0.3566413112908014
540.0,224.52,227.95,0.7701439001464845,91,2.0,call,2026-09-18,0.06301369863013699,764.260009765625,226.235,0.015161226158640255,0.7150075765794716,-0.3473389186284879
545.0,219.84,222.96,0.7641625146484375,67,1.0,call,2026-09-18,0.06301369863013699,764.260009765625,221.4,0.014092140921409235,0.7135165412614131,-0.3381222635235639
550.0,214.7,217.98,0.7428004235839842,1147,8.0,call,2026-09-18,0.06301369863013699,764.260009765625,216.33999999999997,0.015161320144217443,0.6900998035949594,-0.3289897799602914
555.0,209.84,213.13,0.7349880017089843,109,1.0,call,2026-09-18,0.06301369863013699,764.260009765625,211.485,0.015556658864694857,0.6858507505380484,-0.3199399444403735
560.0,204.59,208.02,0.706179696044922,108,26.0,call,2026-09-18,0.06301369863013699,764.260009765625,206.305,0.016625869465112367,0.6518982666189115,-0.3109712744576131
565.0,199.93,203.03,0.700198310546875,1371,2.0,call,2026-09-18,0.06301369863013699,764.260009765625,201.48000000000002,0.015386142545165744,0.6504898457191742,-0.3020823270403671
570.0,194.81,198.05,0.6801789794921876,147,30.0,call,2026-09-18,0.06301369863013699,764.260009765625,196.43,0.016494425495087353,0.6289338106818739,-0.29327169735821207
575.0,189.79,193.07,0.6632113757324221,151,6.0,call,2026-09-18,0.06301369863013699,764.260009765625,191.43,0.017134200491041116,0.6118867746892281,-0.28453801738945744
580.0,184.66,188.09,0.6431920446777344,225,32.0,call,2026-09-18,0.06301369863013699,764.260009765625,186.375,0.018403755868544636,0.5902392842258136,-0.2758799546463429
585.0,179.68,183.11,0.6276892700195313,828,1.0,call,2026-09-18,0.06301369863013699,764.260009765625,181.395,0.018909010722456553,0.575239974946368,-0.26729621095495143
590.0,174.85,178.13,0.6165199481201173,121,1.0,call,2026-09-18,0.06301369863013699,764.260009765625,176.49,0.018584622358207268,0.5664285362466983,-0.2587855212870428
595.0,169.72,173.16,0.5971719970703125,440,4.0,call,2026-09-18,0.06301369863013699,764.260009765625,171.44,0.020065328978068116,0.5458360531114627,-0.25034665264117817
600.0,164.92,168.32,0.5903361279296876,5233,1.0,call,2026-09-18,0.06301369863013699,764.260009765625,166.62,0.02040571359980798,0.5431707318541639,-0.24197840297066156
604.0,160.76,164.2,0.5697674859619142,33,1.0,call,2026-09-18,0.06301369863013699,764.260009765625,162.48,0.021171836533727215,0.5194970538357747,-0.23533386025199304
605.0,160.07,163.2,0.5744671459960937,261,2.0,call,2026-09-18,0.06301369863013699,764.260009765625,161.635,0.019364617811736293,0.527738236667754,-0.23367960015596648
610.0,154.79,158.23,0.5517012603759766,409,207.0,call,2026-09-18,0.06301369863013699,764.260009765625,156.51,0.02197942623474537,0.5022649294849112,-0.22544910101945104
614.0,150.81,154.25,0.5396774548339844,17,34.0,call,2026-09-18,0.06301369863013699,764.260009765625,152.53,0.022552940405166182,0.49079907563554387,-0.21891313003966542
615.0,149.99,153.25,0.5408371112060548,213,3.0,call,2026-09-18,0.06301369863013699,764.260009765625,151.62,0.021501121224112855,0.4939757853122884,-0.21728579038029008
616.0,148.82,152.26,0.5336350347900392,12,18.0,call,2026-09-18,0.06301369863013699,764.260009765625,150.54,0.02285106948319382,0.48507219952132163,-0.21566109465328814
617.0,147.97,151.26,0.5340622766113281,70,142.0,call,2026-09-18,0.06301369863013699,764.260009765625,149.615,0.0219897737526317,0.487144417990718,-0.21403903428142018
618.0,146.83,150.27,0.5275926147460939,57,76.0,call,2026-09-18,0.06301369863013699,764.260009765625,148.55,0.023157186132615262,0.4793490705881106,-0.21241960072911717
619.0,146.36,149.27,0.5368698657226563,23,42.0,call,2026-09-18,0.06301369863013699,764.260009765625,147.815,0.019686770625443946,0.4938924875392223,-0.2108027855022118
620.0,145.35,148.41,0.5365646929931642,816,1.0,call,2026-09-18,0.06301369863013699,764.260009765625,146.88,0.02083333333333335,0.4946792000463656,-0.20918858014767075
621.0,144.16,147.28,0.5259446820068359,59,118.0,call,2026-09-18,0.06301369863013699,764.260009765625,145.72,0.021410925061762315,0.48125056226932267,-0.20757697625332916
622.0,142.86,146.29,0.5158739819335938,30,58.0,call,2026-09-18,0.06301369863013699,764.260009765625,144.575,0.023724710357945555,0.4682605807040192,-0.20596796544762858
623.0,141.86,145.29,0.512578116455078,53,98.0,call,2026-09-18,0.06301369863013699,764.260009765625,143.575,0.023889952986243974,0.4650561999237304,-0.2043615393993548
624.0,141.35,144.44,0.5239915765380858,74,148.0,call,2026-09-18,0.06301369863013699,764.260009765625,142.89499999999998,0.021624269568564357,0.48247073056260636,-0.20275768981738024
625.0,139.87,143.31,0.506840869140625,813,4.0,call,2026-09-18,0.06301369863013699,764.260009765625,141.59,0.024295501094710063,0.459685697672693,-0.2011564084504065
626.0,138.91,142.31,0.5045215563964844,68,134.0,call,2026-09-18,0.06301369863013699,764.260009765625,140.61,0.024180357015859508,0.45784185572111497,-0.1995576870867094
627.0,137.9,141.32,0.5012256909179689,107,114.0,call,2026-09-18,0.06301369863013699,764.260009765625,139.61,0.024496812549244233,0.4546446790906983,-0.19796151755388733
628.0,136.98,140.32,0.5662274822998048,54,108.0,call,2026-09-18,0.06301369863013699,764.260009765625,138.64999999999998,0.02408943382618106,0.4540998460820364,-0.1963678917186093
630.0,135.07,138.33,0.5594526477050781,1103,19.0,call,2026-09-18,0.06301369863013699,764.260009765625,136.7,0.02384784198975874,0.45092638622505193,-0.19318823880122962
631.0,134.39,137.49,0.5028125891113282,28,56.0,call,2026-09-18,0.06301369863013699,764.260009765625,135.94,0.022804178313962208,0.46226396046882895,-0.19160219564559478
635.0,130.08,133.36,0.5428512512207033,1026,2.0,call,2026-09-18,0.06301369863013699,764.260009765625,131.72000000000003,0.024901305800182207,0.4361869388777154,-0.18528305929411634
640.0,125.06,128.4,0.5264939929199219,2132,1.0,call,2026-09-18,0.06301369863013699,764.260009765625,126.73,0.026355243430916147,0.4208732376468631,-0.17743988183309048
644.0,121.04,124.42,0.5130663928222656,13,2.0,call,2026-09-18,0.06301369863013699,764.260009765625,122.73,0.027540128737879862,0.40818869559111304,-0.1712093320824543
645.0,120.15,123.53,0.5130663928222656,1008,1.0,call,2026-09-18,0.06301369863013699,764.260009765625,121.84,0.027741300065659842,0.41139754918770294,-0.1696577413910354
646.0,119.1,122.44,0.5066577655029296,17,1.0,call,2026-09-18,0.06301369863013699,764.260009765625,120.77,0.02765587480334523,0.4042053465277339,-0.1681085544042061
650.0,115.22,118.6,0.4975636181640626,3235,1.0,call,2026-09-18,0.06301369863013699,764.260009765625,116.91,0.028911128218287535,0.39932237377292923,-0.1619356952971251
651.0,114.51,117.58,0.49341326904296884,27,52.0,call,2026-09-18,0.06301369863013699,764.260009765625,116.045,0.026455254427161817,0.4032245213702818,-0.16039841597823873
653.0,112.54,115.62,0.4875539526367188,311,304.0,call,2026-09-18,0.06301369863013699,764.260009765625,114.08000000000001,0.026998597475455802,0.3985591254739499,-0.15733092891037695
654.0,111.33,114.5,0.4802908416748046,31,40.0,call,2026-09-18,0.06301369863013699,764.260009765625,112.91499999999999,0.028074215117566328,0.3868459328589708,-0.15580070672960925
655.0,110.31,113.48,0.4762015270996094,1124,156.0,call,2026-09-18,0.06301369863013699,764.260009765625,111.89500000000001,0.02833013092631486,0.3826084635666144,-0.154272822551556
656.0,109.24,112.65,0.4777884252929688,11,1.0,call,2026-09-18,0.06301369863013699,764.260009765625,110.945,0.030735950245617295,0.38205424301429153,-0.15274726924271895
657.0,108.23,111.52,0.4703422106933594,17,34.0,call,2026-09-18,0.06301369863013699,764.260009765625,109.875,0.029943117178611988,0.3752115025778177,-0.15122403970219742
660.0,105.19,108.54,0.4603325451660156,4134,8.0,call,2026-09-18,0.06301369863013699,764.260009765625,106.86500000000001,0.03134796238244522,0.3652107873504732,-0.14666822316633668
665.0,100.65,103.56,0.4433039068603516,4613,6.0,call,2026-09-18,0.06301369863013699,764.260009765625,102.105,0.028500073453797528,0.3612355501722894,-0.1391210175309538
669.0,96.35,99.77,0.43506424316406256,26,1.0,call,2026-09-18,0.06301369863013699,764.260009765625,98.06,0.03487660615949421,0.3463575141665082,-0.13312399805857952
670.0,95.28,98.64,0.4278621667480469,3357,5.0,call,2026-09-18,0.06301369863013699,764.260009765625,96.96000000000001,0.03465346534653464,0.33844693311198754,-0.1316303458017962
675.0,90.41,93.66,0.41071145935058595,5541,10.0,call,2026-09-18,0.06301369863013699,764.260009765625,92.035,0.035312652795132286,0.3261581394851434,-0.12419536731427812
677.0,88.42,91.69,0.40442490112304685,31,1.0,call,2026-09-18,0.06301369863013699,764.260009765625,90.055,0.036311143190272566,0.32072824111619486,-0.12123678527453298
680.0,85.41,88.75,0.3953307537841797,4961,5.0,call,2026-09-18,0.06301369863013699,764.260009765625,87.08,0.038355535140101094,0.31232586773226634,-0.11681526001665557
682.0,83.5,86.91,0.39234006103515623,10,1.0,call,2026-09-18,0.06301369863013699,764.260009765625,85.205,0.04002112552080273,0.3112792309198455,-0.11387840034334587
683.0,82.51,85.78,0.3853821228027343,20,4.0,call,2026-09-18,0.06301369863013699,764.260009765625,84.14500000000001,0.038861489096202934,0.3055788170644659,-0.11241319861601787
684.0,81.55,84.77,0.3815369464111328,25,1.0,call,2026-09-18,0.06301369863013699,764.260009765625,83.16,0.03872053872053871,0.30302014879895806,-0.11095014056425755
685.0,80.52,83.81,0.3789734954833984,5032,35.0,call,2026-09-18,0.06301369863013699,764.260009765625,82.16499999999999,0.04004138014969886,0.3000395176743781,-0.10948921992458267
687.0,78.58,81.82,0.372076591796875,14,14.0,call,2026-09-18,0.06301369863013699,764.260009765625,80.19999999999999,0.040399002493765525,0.2950841764478153,-0.10657376596445864
688.0,77.56,80.84,0.3689638299560547,12,1.0,call,2026-09-18,0.06301369863013699,764.260009765625,79.2,0.041414141414141424,0.2918884539718693,-0.10511922025346428
689.0,76.58,79.87,0.3660952062988281,20,2.0,call,2026-09-18,0.06301369863013699,764.260009765625,78.225,0.04205816554809852,0.2896856038537073,-0.10366678717314944
690.0,75.62,78.89,0.36298244445800787,6284,5.0,call,2026-09-18,0.06301369863013699,764.260009765625,77.255,0.042327357452592015,0.2876581659648357,-0.10221646059550289
691.0,74.6,77.9,0.35962554443359374,19,2.0,call,2026-09-18,0.06301369863013699,764.260009765625,76.25,0.04327868852459031,0.28425550662141696,-0.10076823441913801
692.0,73.66,76.9,0.3560245062255859,14,10.0,call,2026-09-18,0.06301369863013699,764.260009765625,75.28,0.04303931987247621,0.2821984587784188,-0.09932210256913843
693.0,72.71,75.92,0.3529117443847656,12,1.0,call,2026-09-18,0.06301369863013699,764.260009765625,74.315,0.043194509856691224,0.2803046640965003,-0.09787805899690472
694.0,71.71,75.03,0.3518741571044921,32,1.0,call,2026-09-18,0.06301369863013699,764.260009765625,73.37,0.045250102221616566,0.2791183402833301,-0.0964360976800034
695.0,70.7,74.04,0.34848673980712885,8596,2.0,call,2026-09-18,0.06301369863013699,764.260009765625,72.37,0.04615172032610202,0.27587977053006013,-0.09499621262201584
696.0,69.74,73.04,0.3448551843261719,12,5.0,call,2026-09-18,0.06301369863013699,764.260009765625,71.39,0.046224961479198926,0.2733646303403594,-0.09355839785238827
698.0,67.79,71.07,0.3382329360961914,23,1.0,call,2026-09-18,0.06301369863013699,764.260009765625,69.43,0.04724182629987018,0.26829141617659436,-0.09068895542443547
699.0,66.82,70.1,0.3352727606201171,27,14.0,call,2026-09-18,0.06301369863013699,764.260009765625,68.46,0.04791118901548352,0.26608112877631446,-0.08925731595299764
700.0,65.79,69.1,0.33161068786621095,8785,1.0,call,2026-09-18,0.06301369863013699,764.260009765625,67.445,0.049077025724664367,0.262297806003718,-0.08782772314340331
701.0,64.88,68.06,0.3270330969238281,47,1.0,call,2026-09-18,0.06301369863013699,764.260009765625,66.47,0.04784113133744557,0.2598920517283974,-0.08640017115221785
702.0,63.85,67.09,0.32401188690185534,30,2.0,call,2026-09-18,0.06301369863013699,764.260009765625,65.47,0.049488315258897235,0.256621998480396,-0.08497465416099689
705.0,60.96,64.16,0.3144904977416991,8774,3.0,call,2026-09-18,0.06301369863013699,764.260009765625,62.56,0.05115089514066489,0.24975519897334988,-0.08071025537453934
707.0,59.19,62.21,0.3081734222412109,38,3.0,call,2026-09-18,0.06301369863013699,764.260009765625,60.7,0.04975288303130153,0.2475628239786804,-0.07787739229023515
708.0,58.22,61.22,0.30463341857910153,21,1.0,call,2026-09-18,0.06301369863013699,764.260009765625,59.72,0.05023442732752847,0.24483867671631096,-0.0764639644930882
710.0,56.13,59.32,0.29929289581298824,6510,3.0,call,2026-09-18,0.06301369863013699,764.260009765625,57.725,0.055262018189692466,0.23829398573989824,-0.07364308815144689
711.0,55.38,58.29,0.29489840850830074,22,1.0,call,2026-09-18,0.06301369863013699,764.260009765625,56.835,0.051200844550013135,0.23819482107773887,-0.07223562838356708
713.0,53.49,56.25,0.2865366757202148,12,3.0,call,2026-09-18,0.06301369863013699,764.260009765625,54.870000000000005,0.050300710770913026,0.23242876182787883,-0.06942663777251204
714.0,52.53,55.45,0.2868723657226562,42,4.0,call,2026-09-18,0.06301369863013699,764.260009765625,53.99,0.054084089646230814,0.2323979588764665,-0.06802509584722355
715.0,51.31,54.35,0.2810130493164062,12849,6.0,call,2026-09-18,0.06301369863013699,764.260009765625,52.83,0.05754306265379518,0.22449561996278666,-0.06662551549280035
716.0,50.62,53.46,0.2794261511230468,119,1.0,call,2026-09-18,0.06301369863013699,764.260009765625,52.04,0.05457340507302082,0.22688927913197932,-0.06522789122616234
717.0,49.66,52.43,0.2750011465454102,108,165.0,call,2026-09-18,0.06301369863013699,764.260009765625,51.045,0.054265843863257966,0.22357024084385635,-0.06383221758718756
718.0,48.68,51.48,0.2721630401611328,39,10.0,call,2026-09-18,0.06301369863013699,764.260009765625,50.08,0.05591054313099036,0.2210389840800137,-0.062438489138583804
719.0,47.74,50.54,0.26947752014160153,67,4.0,call,2026-09-18,0.06301369863013699,764.260009765625,49.14,0.05698005698005692,0.21913139724757547,-0.06104670046576125
720.0,46.6,49.64,0.2675549319458008,17185,8.0,call,2026-09-18,0.06301369863013699,764.260009765625,48.120000000000005,0.06317539484621776,0.2151224553742743,-0.0596568461767069
721.0,45.82,48.59,0.26270268554687504,93,1.0,call,2026-09-18,0.06301369863013699,764.260009765625,47.205,0.058680224552483916,0.21378897328992028,-0.05826892090185889
722.0,44.88,47.66,0.2601392346191406,62,3.0,call,2026-09-18,0.06301369863013699,764.260009765625,46.269999999999996,0.060082126647935906,0.2118875747389316,-0.05688291929398169
723.0,43.92,46.69,0.25678233459472655,22,1.0,call,2026-09-18,0.06301369863013699,764.260009765625,45.305,0.06114115439796923,0.20920250469822846,-0.05549883602804331
724.0,42.98,45.71,0.25324233093261717,42,3.0,call,2026-09-18,0.06301369863013699,764.260009765625,44.345,0.06156274664561966,0.20661038096476764,-0.05411666580109158
725.0,41.96,44.88,0.2524183645629883,17621,15.0,call,2026-09-18,0.06301369863013699,764.260009765625,43.42,0.0672501151543068,0.20481615829146185,-0.05273640333213312
726.0,41.1,43.76,0.24625387542724608,160,3.0,call,2026-09-18,0.06301369863013699,764.260009765625,42.43,0.06269149186896056,0.20144895453592054,-0.051358043362011885
727.0,40.16,42.82,0.2433547344970703,70,4.0,call,2026-09-18,0.06301369863013699,764.260009765625,41.489999999999995,0.0641118341769102,0.19922081050951823,-0.04998158065328856
728.0,39.2,41.95,0.24167628448486328,51,1.0,call,2026-09-18,0.06301369863013699,764.260009765625,40.575,0.06777572396796057,0.19751030379079243,-0.04860700999012203
729.0,38.28,41.01,0.23871610900878903,102,20.0,call,2026-09-18,0.06301369863013699,764.260009765625,39.644999999999996,0.06886114264093826,0.19540130720378043,-0.04723432617814981
730.0,38.38,38.75,0.21192194335937498,30054,13.0,call,2026-09-18,0.06301369863013699,764.260009765625,38.565,0.009594191624529949,0.1899491061354055,-0.04586352404437109
731.0,37.47,39.14,0.23282627532958983,307,1.0,call,2026-09-18,0.06301369863013699,764.260009765625,38.305,0.04359744158726019,0.20185954294261535,-0.04449459843702948
732.0,35.52,36.93,0.2074053869628906,177,1.0,call,2026-09-18,0.06301369863013699,764.260009765625,36.225,0.03892339544513448,0.17504564166395065,-0.043127544225496375
733.0,35.63,37.19,0.2254410952758789,714,1.0,call,2026-09-18,0.06301369863013699,764.260009765625,36.41,0.042845372150507974,0.19623176413385932,-0.04176235630015651
734.0,34.72,36.31,0.22330488616943356,356,1.0,call,2026-09-18,0.06301369863013699,764.260009765625,35.515,0.044769815570885635,0.1943824868522676,-0.04039902957229238
735.0,33.03,34.18,0.19992865509033203,12468,3.0,call,2026-09-18,0.06301369863013699,764.260009765625,33.605000000000004,0.03422109805088524,0.1722351972487624,-0.03903755897397124
736.0,31.99,33.26,0.19727365234375,645,104.0,call,2026-09-18,0.06301369863013699,764.260009765625,32.625,0.038927203065134086,0.16888656427265633,-0.03767793945793175
737.0,32.04,33.21,0.2090533197021484,701,3.0,call,2026-09-18,0.06301369863013699,764.260009765625,32.625,0.035862068965517295,0.18459472146132508,-0.036320165997471336
738.0,31.15,32.46,0.20887021606445308,972,199.0,call,2026-09-18,0.06301369863013699,764.260009765625,31.805,0.04118849237541274,0.18390334550508475,-0.0349642335863354
739.0,30.26,30.6,0.19062088684082032,1776,399.0,call,2026-09-18,0.06301369863013699,764.260009765625,30.43,0.011173184357541895,0.1729558469809648,-0.033610137238606196
740.0,29.36,29.69,0.1879048495483398,13089,4.0,call,2026-09-18,0.06301369863013699,764.260009765625,29.525,0.011176968670618183,0.170686968523822,-0.032257871988592486
741.0,28.51,28.82,0.1857686404418945,1659,10.0,call,2026-09-18,0.06301369863013699,764.260009765625,28.665,0.010814582243153627,0.16915484936287595,-0.030907432890721107
742.0,27.61,27.93,0.18320518951416015,2054,10.0,call,2026-09-18,0.06301369863013699,764.260009765625,27.77,0.011523226503420969,0.1669071657116966,-0.0295588150194275
743.0,26.76,27.09,0.18140467041015623,1062,198.0,call,2026-09-18,0.06301369863013699,764.260009765625,26.925,0.012256267409470688,0.16544705872687124,-0.028212013469048742
744.0,25.9,27.3,0.19538158142089845,980,3.0,call,2026-09-18,0.06301369863013699,764.260009765625,26.6,0.0526315789473685,0.17257984731798667,-0.02686702335371611
745.0,25.07,26.18,0.18903398864746096,16614,11.0,call,2026-09-18,0.06301369863013699,764.260009765625,25.625,0.04331707317073168,0.16863503673158353,-0.025523839807248417
746.0,24.19,25.3,0.18619588226318357,1346,3.0,call,2026-09-18,0.06301369863013699,764.260009765625,24.745,0.04485754697918769,0.16618279562297333,-0.02418245798304715
747.0,23.36,24.46,0.18387656951904296,2076,401.0,call,2026-09-18,0.06301369863013699,764.260009765625,23.91,0.046005855290673414,0.16436152708061047,-0.022842873053990652
748.0,22.53,22.82,0.16986914123535157,1756,200.0,call,2026-09-18,0.06301369863013699,764.260009765625,22.675,0.012789415656008782,0.15615368977314445,-0.02150508021233067
749.0,21.72,22.03,0.1682212084960938,2092,4.0,call,2026-09-18,0.06301369863013699,764.260009765625,21.875,0.014171428571428675,0.15476422006391444,-0.020169074669588505
750.0,20.93,21.2,0.16590189575195316,34782,24.0,call,2026-09-18,0.06301369863013699,764.260009765625,21.064999999999998,0.01281746973652977,0.1530934027196003,-0.018834851656451816
751.0,20.13,20.39,0.1637351693725586,333,201.0,call,2026-09-18,0.06301369863013699,764.260009765625,20.259999999999998,0.012833168805528213,0.15137491343034623,-0.01750240642267315
752.0,19.31,20.4,0.17285983398437502,1403,2.0,call,2026-09-18,0.06301369863013699,764.260009765625,19.854999999999997,0.054898010576680936,0.15543165772391154,-0.01617173423696814
753.0,18.55,18.78,0.15926438888549804,829,1.0,call,2026-09-18,0.06301369863013699,764.260009765625,18.665,0.01232252879721406,0.1477805659917133,-0.014842830386914344
754.0,17.76,18.02,0.15746386978149413,1915,202.0,call,2026-09-18,0.06301369863013699,764.260009765625,17.89,0.014533258803800894,0.14611305852027226,-0.013515690178851918
755.0,16.99,17.25,0.1554039538574219,16669,186.0,call,2026-09-18,0.06301369863013699,764.260009765625,17.119999999999997,0.015186915887850561,0.14437690010109266,-0.012190308937783244
756.0,15.54,17.04,0.16068344207763674,1378,3.0,call,2026-09-18,0.06301369863013699,764.260009765625,16.29,0.09208103130755065,0.14165630887299605,-0.010866682007274905
757.0,14.78,15.77,0.1516808465576172,1820,2.0,call,2026-09-18,0.06301369863013699,764.260009765625,15.274999999999999,0.06481178396072015,0.13624012961080417,-0.009544804749359197
758.0,14.9,15.14,0.15105524246215823,943,3.0,call,2026-09-18,0.06301369863013699,764.260009765625,15.02,0.0159786950732357,0.14118269097258843,-0.008224672544436273
759.0,14.09,14.34,0.1480492910766602,727,1.0,call,2026-09-18,0.06301369863013699,764.260009765625,14.215,0.017587055926837847,0.13836015604927365,-0.006906280791178072
760.0,13.4,13.52,0.14463135650634767,24138,149.0,call,2026-09-18,0.06301369863013699,764.260009765625,13.46,0.008915304606240654,0.13606630085114332,-0.005589624906431192
761.0,12.73,12.96,0.14444825286865232,926,1.0,call,2026-09-18,0.06301369863013699,764.260009765625,12.845,0.01790579992214873,0.13547895557996012,-0.004274700325122075
762.0,12.05,12.26,0.1422815264892578,1315,2.0,call,2026-09-18,0.06301369863013699,764.260009765625,12.155000000000001,0.017276840806252493,0.13370615144912434,-0.002961502500161706
763.0,11.52,11.57,0.14008428283691404,1443,226.0,call,2026-09-18,0.06301369863013699,764.260009765625,11.545,0.004330879168471261,0.1328057969780008,-0.0016500269023509311
764.0,10.9,10.95,0.13858893646240233,2903,65.0,call,2026-09-18,0.06301369863013699,764.260009765625,10.925,0.004576659038901504,0.13157840039441246,-0.0003402690202875131
765.0,10.27,10.32,0.13678841735839847,18543,883.0,call,2026-09-18,0.06301369863013699,764.260009765625,10.295,0.004856726566294387,0.13002212476808453,0.0009677756397279868
766.0,9.69,9.74,0.13541514007568362,2572,511.0,call,2026-09-18,0.06301369863013699,764.260009765625,9.715,0.005146680391147783,0.1289168206482852,0.0022741115537833804
767.0,9.11,9.16,0.13387401779174807,1573,256.0,call,2026-09-18,0.06301369863013699,764.260009765625,9.135,0.005473453749315896,0.12760198315995747,0.0035787431804482
768.0,8.49,8.64,0.13288220642089843,2610,150.0,call,2026-09-18,0.06301369863013699,764.260009765625,8.565000000000001,0.017513134851138392,0.12620242964374276,0.004881674960864112
769.0,8.02,8.04,0.13065444549560545,2883,118.0,call,2026-09-18,0.06301369863013699,764.260009765625,8.03,0.0024906600249065473,0.12504058934348455,0.006182911318836073
770.0,7.52,7.55,0.12964737548828126,15727,1589.0,call,2026-09-18,0.06301369863013699,764.260009765625,7.535,0.003981420039814233,0.12418101784280591,0.007482456660921564
771.0,7.01,7.05,0.1282740982055664,1746,280.0,call,2026-09-18,0.06301369863013699,764.260009765625,7.029999999999999,0.0056899004267425375,0.12295856663460664,0.008780315376521453
772.0,6.53,6.57,0.12696185546875,2854,849.0,call,2026-09-18,0.06301369863013699,764.260009765625,6.550000000000001,0.006106870229007639,0.12183208001049643,0.010076491837968287
773.0,6.09,6.12,0.1258021990966797,2337,408.0,call,2026-09-18,0.06301369863013699,764.260009765625,6.105,0.004914004914004955,0.1209375507660095,0.01137099040061401
774.0,5.64,5.67,0.12439840454101564,2150,241.0,call,2026-09-18,0.06301369863013699,764.260009765625,5.654999999999999,0.005305039787798453,0.11972723480591052,0.012663815402919098
775.0,5.23,5.27,0.12345236907958985,14245,1218.0,call,2026-09-18,0.06301369863013699,764.260009765625,5.25,0.007619047619047457,0.11888884061544386,0.013954971166539128
776.0,4.84,4.88,0.1223995231628418,1901,249.0,call,2026-09-18,0.06301369863013699,764.260009765625,4.859999999999999,0.008230452674897127,0.11800986666182094,0.015244461996410816
777.0,4.47,4.5,0.12122460815429686,3258,156.0,call,2026-09-18,0.06301369863013699,764.260009765625,4.484999999999999,0.006688963210702397,0.11708771216882438,0.01653229218083944
778.0,4.13,4.16,0.12040064178466797,3133,127.0,call,2026-09-18,0.06301369863013699,764.260009765625,4.145,0.007237635705669542,0.11642073066736143,0.01781846599158375
779.0,3.79,3.83,0.1194851235961914,1985,220.0,call,2026-09-18,0.06301369863013699,764.260009765625,3.81,0.010498687664042003,0.11556668893811661,0.019102987683940347
780.0,3.47,3.5,0.11829494995117187,24274,3325.0,call,2026-09-18,0.06301369863013699,764.260009765625,3.4850000000000003,0.008608321377331363,0.11459148905794517,0.020385861496829437
781.0,3.19,3.21,0.11744046630859376,2325,697.0,call,2026-09-18,0.06301369863013699,764.260009765625,3.2,0.0062500000000000056,0.1139794637966377,0.021667091652877914
782.0,2.91,2.94,0.11667753448486329,4249,242.0,call,2026-09-18,0.06301369863013699,764.260009765625,2.925,0.01025641025641019,0.11326140431227508,0.02294668235850318
783.0,2.66,2.67,0.11563994720458985,2630,697.0,call,2026-09-18,0.06301369863013699,764.260009765625,2.665,0.0037523452157597697,0.11251931633555187,0.024224637803995135
784.0,2.42,2.44,0.11499908447265625,3070,261.0,call,2026-09-18,0.06301369863013699,764.260009765625,2.4299999999999997,0.008230452674897127,0.11194044360740718,0.025500962163599816
785.0,2.2,2.22,0.11432770446777345,22034,266.0,call,2026-09-18,0.06301369863013699,764.260009765625,2.21,0.009049773755656116,0.11136134322491184,0.026775659595600552
786.0,1.96,2.04,0.11414460083007813,1604,194.0,call,2026-09-18,0.06301369863013699,764.260009765625,2.0,0.040000000000000036,0.11069021770351388,0.028048734242398597
787.0,1.8,1.83,0.11307649627685548,1931,288.0,call,2026-09-18,0.06301369863013699,764.260009765625,1.815,0.016528925619834725,0.11023948128888074,0.029320190230595213
788.0,1.63,1.65,0.11237459899902343,1734,116.0,call,2026-09-18,0.06301369863013699,764.260009765625,1.64,0.012195121951219523,0.1097215779764088,0.03059003167107126
789.0,1.47,1.49,0.11179477081298828,4305,269.0,call,2026-09-18,0.06301369863013699,764.260009765625,1.48,0.013513513513513526,0.10925446990810357,0.031858262659066314
790.0,1.32,1.34,0.11118442535400389,49448,665.0,call,2026-09-18,0.06301369863013699,764.260009765625,1.33,0.015037593984962419,0.10873629299391066,0.033124887274259184
791.0,1.18,1.2,0.11054356262207031,2217,311.0,call,2026-09-18,0.06301369863013699,764.260009765625,1.19,0.016806722689075647,0.1081717668834273,0.03438990958084603
792.0,1.06,1.08,0.11011632080078124,1971,72.0,call,2026-09-18,0.06301369863013699,764.260009765625,1.07,0.018691588785046745,0.10784759834513348,0.03565333362761794
793.0,0.94,0.96,0.10944494079589843,3198,56.0,call,2026-09-18,0.06301369863013699,764.260009765625,0.95,0.02105263157894739,0.10723138719761306,0.03691516344804001
794.0,0.85,0.86,0.1090787335205078,3829,493.0,call,2026-09-18,0.06301369863013699,764.260009765625,0.855,0.01169590643274855,0.10707895753609731,0.03817540306032768
795.0,0.77,0.78,0.1090787335205078,16309,498.0,call,2026-09-18,0.06301369863013699,764.260009765625,0.775,0.012903225806451623,0.10716591171835743,0.039434056467524
796.0,0.67,0.68,0.1081021807861328,3778,182.0,call,2026-09-18,0.06301369863013699,764.260009765625,0.675,0.014814814814814828,0.1062810774481274,0.04069112765757505
797.0,0.6,0.61,0.10798011169433594,1909,200.0,call,2026-09-18,0.06301369863013699,764.260009765625,0.605,0.016528925619834725,0.10619359718598498,0.04194662060340701
798.0,0.53,0.55,0.10798011169433594,3593,497.0,call,2026-09-18,0.06301369863013699,764.260009765625,0.54,0.03703703703703707,0.10605276239180096,0.04320053926300089
799.0,0.49,0.5,0.10816321533203124,3284,42.0,call,2026-09-18,0.06301369863013699,764.260009765625,0.495,0.02020202020202022,0.1065527864464061,0.04445288757946672
800.0,0.43,0.45,0.10822424987792968,31202,512.0,call,2026-09-18,0.06301369863013699,764.260009765625,0.44,0.0454545454545455,0.10638791645566736,0.045703669481119286
801.0,0.38,0.4,0.10804114624023436,5009,205.0,call,2026-09-18,0.06301369863013699,764.260009765625,0.39,0.05128205128205133,0.1062086634056846,0.04695288888155136
802.0,0.34,0.35,0.10755286987304688,1407,1437.0,call,2026-09-18,0.06301369863013699,764.260009765625,0.345,0.02898550724637668,0.10603454381011597,0.048200549679706564
803.0,0.31,0.33,0.10865149169921876,3011,418.0,call,2026-09-18,0.06301369863013699,764.260009765625,0.32,0.06250000000000006,0.10682725877347449,0.04944665575995368
804.0,0.28,0.29,0.10828528442382812,2368,713.0,call,2026-09-18,0.06301369863013699,764.260009765625,0.28500000000000003,0.035087719298245446,0.10683165314273632,0.05069121099215852
805.0,0.25,0.26,0.108407353515625,11093,58.0,call,2026-09-18,0.06301369863013699,764.260009765625,0.255,0.03921568627450984,0.10695009393758127,0.05193421923175546
806.0,0.23,0.25,0.10975011352539063,1834,37.0,call,2026-09-18,0.06301369863013699,764.260009765625,0.24,0.0833333333333333,0.10800684933234934,0.05317568431982032
807.0,0.21,0.22,0.10950597534179687,1148,2.0,call,2026-09-18,0.06301369863013699,764.260009765625,0.215,0.046511627906976785,0.10816171795823927,0.054415610083140754
808.0,0.19,0.21,0.11072666625976563,1190,1.0,call,2026-09-18,0.06301369863013699,764.260009765625,0.2,0.09999999999999995,0.10899117352073256,0.05565400033428748
809.0,0.18,0.19,0.11097080444335936,1642,36.0,call,2026-09-18,0.06301369863013699,764.260009765625,0.185,0.054054054054054106,0.10971327336196152,0.05689085887168373
810.0,0.16,0.17,0.11109287353515623,8363,34.0,call,2026-09-18,0.06301369863013699,764.260009765625,0.165,0.060606060606060656,0.10981190388790206,0.058126189479676425
811.0,0.15,0.16,0.11206942626953123,932,19.0,call,2026-09-18,0.06301369863013699,764.260009765625,0.155,0.06451612903225812,0.11078604183287309,0.059359995928605046
812.0,0.14,0.15,0.1128018408203125,980,209.0,call,2026-09-18,0.06301369863013699,764.260009765625,0.14500000000000002,0.06896551724137917,0.11167872425417803,0.06059228197487001
813.0,0.13,0.14,0.1137783935546875,3862,226.0,call,2026-09-18,0.06301369863013699,764.260009765625,0.135,0.07407407407407414,0.11248268521182009,0.061823051361002586
814.0,0.12,0.13,0.11451080810546876,934,22.0,call,2026-09-18,0.06301369863013699,764.260009765625,0.125,0.08000000000000007,0.11318911237094968,0.06305230781573244
815.0,0.11,0.12,0.11499908447265625,13946,20.0,call,2026-09-18,0.06301369863013699,764.260009765625,0.11499999999999999,0.0869565217391304,0.1137871781322258,0.06428005505405478
816.0,0.11,0.12,0.11695218994140624,1418,39.0,call,2026-09-18,0.06301369863013699,764.260009765625,0.11499999999999999,0.0869565217391304,0.11570056663320591,0.06550629677729902
817.0,0.1,0.11,0.117196328125,763,4.0,call,2026-09-18,0.06301369863013699,764.260009765625,0.10500000000000001,0.09523809523809518,0.1161520805981284,0.06673103667319483
818.0,0.1,0.11,0.11914943359374999,3169,21.0,call,2026-09-18,0.06301369863013699,764.260009765625,0.10500000000000001,0.09523809523809518,0.11803447478821924,0.06795427841593915
819.0,0.09,0.1,0.11939357177734375,476,16.0,call,2026-09-18,0.06301369863013699,764.260009765625,0.095,0.10526315789473693,0.11832049325312353,0.06917602566626145
820.0,0.09,0.1,0.12134667724609374,32359,36.0,call,2026-09-18,0.06301369863013699,764.260009765625,0.095,0.10526315789473693,0.12017145685685003,0.07039628207149076
821.0,0.08,0.09,0.1215908154296875,838,1.0,call,2026-09-18,0.06301369863013699,764.260009765625,0.08499999999999999,0.11764705882352937,0.12026709887818976,0.07161505126562033
822.0,0.08,0.09,0.12305564453125001,1625,15.0,call,2026-09-18,0.06301369863013699,764.260009765625,0.08499999999999999,0.11764705882352937,0.12208591526898978,0.07283233686937196
823.0,0.08,0.09,0.12500875,1220,101.0,call,2026-09-18,0.06301369863013699,764.260009765625,0.08499999999999999,0.11764705882352937,0.12389914679966728,0.07404814249026179
824.0,0.07,0.08,0.12500875,1241,11.0,call,2026-09-18,0.06301369863013699,764.260009765625,0.07500000000000001,0.13333333333333325,0.12374324592284175,0.07526247172266383
825.0,0.07,0.08,0.12647357910156248,9573,5.0,call,2026-09-18,0.06301369863013699,764.260009765625,0.07500000000000001,0.13333333333333325,0.12552354975495708,0.07647532814787304
830.0,0.06,0.07,0.1333094482421875,7990,2.0,call,2026-09-18,0.06301369863013699,764.260009765625,0.065,0.15384615384615397,0.1320490183225617,0.08251764260383555
835.0,0.05,0.06,0.13916876464843753,4897,3.0,call,2026-09-18,0.06301369863013699,764.260009765625,0.055,0.18181818181818174,0.13793885017640511,0.08852366666404753
515.0,0.05,0.06,0.5390671093750001,201872,1.0,put,2026-09-18,0.06301369863013699,764.260009765625,0.055,0.18181818181818174,0.5535529791414023,-0.39474115752307176
520.0,0.05,0.06,0.5273484765625001,210005,184.0,put,2026-09-18,0.06301369863013699,764.260009765625,0.055,0.18181818181818174,0.5410653824311671,-0.3850792466113349
525.0,0.05,0.06,0.51562984375,208881,17.0,put,2026-09-18,0.06301369863013699,764.260009765625,0.055,0.18181818181818174,0.5286833663936472,-0.3755097955951842
530.0,0.06,0.07,0.5117236328125,3253,1.0,put,2026-09-18,0.06301369863013699,764.260009765625,0.065,0.15384615384615397,0.5246951387468245,-0.3660310516406404
535.0,0.06,0.07,0.5029346582031251,1868,7.0,put,2026-09-18,0.06301369863013699,764.260009765625,0.065,0.15384615384615397,0.5123468084025878,-0.3566413112908014
540.0,0.07,0.08,0.49707534179687507,2964,8.0,put,2026-09-18,0.06301369863013699,764.260009765625,0.07500000000000001,0.13333333333333325,0.5071766560447848,-0.3473389186284879
545.0,0.07,0.08,0.485356708984375,4898,1.0,put,2026-09-18,0.06301369863013699,764.260009765625,0.07500000000000001,0.13333333333333325,0.4948756801922484,-0.3381222635235639
550.0,0.08,0.09,0.47852083984375,16887,57.0,put,2026-09-18,0.06301369863013699,764.260009765625,0.08499999999999999,0.11764705882352937,0.48880825865433114,-0.3289897799602914
555.0,0.09,0.1,0.471684970703125,1117,6.0,put,2026-09-18,0.06301369863013699,764.260009765625,0.095,0.10526315789473693,0.48206649335702806,-0.3199399444403735
560.0,0.09,0.1,0.459966337890625,3853,2.0,put,2026-09-18,0.06301369863013699,764.260009765625,0.095,0.10526315789473693,0.4697924422593011,-0.3109712744576131
565.0,0.1,0.11,0.45215391601562505,10871,3.0,put,2026-09-18,0.06301369863013699,764.260009765625,0.10500000000000001,0.09523809523809518,0.46247903238266264,-0.3020823270403671
570.0,0.11,0.12,0.44434149414062496,6754,1062.0,put,2026-09-18,0.06301369863013699,764.260009765625,0.11499999999999999,0.0869565217391304,0.45471314400973484,-0.29327169735821207
575.0,0.12,0.13,0.436529072265625,13373,6.0,put,2026-09-18,0.06301369863013699,764.260009765625,0.125,0.08000000000000007,0.4465640714050955,-0.28453801738945744
580.0,0.13,0.14,0.42774009765625004,9950,6.0,put,2026-09-18,0.06301369863013699,764.260009765625,0.135,0.07407407407407414,0.43808618362931984,-0.2758799546463429
585.0,0.14,0.15,0.418951123046875,8940,3.0,put,2026-09-18,0.06301369863013699,764.260009765625,0.14500000000000002,0.06896551724137917,0.4293229117214927,-0.26729621095495143
590.0,0.15,0.16,0.4101621484375,20236,21.0,put,2026-09-18,0.06301369863013699,764.260009765625,0.155,0.06451612903225812,0.4203094640278552,-0.2587855212870428
595.0,0.15,0.17,0.4008848974609375,8041,10.0,put,2026-09-18,0.06301369863013699,764.260009765625,0.16,0.1250000000000001,0.40958553065868303,-0.25034665264117817
600.0,0.17,0.18,0.39160764648437496,63235,38.0,put,2026-09-18,0.06301369863013699,764.260009765625,0.175,0.05714285714285704,0.40164262784186866,-0.24197840297066156
601.0,0.17,0.18,0.3891662646484375,1641,5.0,put,2026-09-18,0.06301369863013699,764.260009765625,0.175,0.05714285714285704,0.39918796376941557,-0.24031312365160032
602.0,0.18,0.19,0.389654541015625,105,26.0,put,2026-09-18,0.06301369863013699,764.260009765625,0.185,0.054054054054054106,0.3994121516538574,-0.23865061287798695
603.0,0.18,0.19,0.38721315917968746,1561,26.0,put,2026-09-18,0.06301369863013699,764.260009765625,0.185,0.054054054054054106,0.3969496281487599,-0.23699086145962248
604.0,0.19,0.2,0.38721315917968746,1001,1.0,put,2026-09-18,0.06301369863013699,764.260009765625,0.195,0.05128205128205133,0.39704041002798224,-0.23533386025199304
605.0,0.18,0.19,0.38233039550781245,51857,17.0,put,2026-09-18,0.06301369863013699,764.260009765625,0.185,0.054054054054054106,0.3920331478762616,-0.23367960015596648
606.0,0.19,0.2,0.38233039550781245,518,3.0,put,2026-09-18,0.06301369863013699,764.260009765625,0.195,0.05128205128205133,0.39210345365569216,-0.23202807211749343
607.0,0.19,0.2,0.379889013671875,138,53.0,put,2026-09-18,0.06301369863013699,764.260009765625,0.195,0.05128205128205133,0.3896391954245729,-0.23037926712730972
608.0,0.2,0.21,0.379889013671875,88,2.0,put,2026-09-18,0.06301369863013699,764.260009765625,0.20500000000000002,0.04878048780487795,0.3895883430631925,-0.22873317622064093
609.0,0.2,0.21,0.37744763183593744,135,1.0,put,2026-09-18,0.06301369863013699,764.260009765625,0.20500000000000002,0.04878048780487795,0.3871170788201048,-0.227089790476911
610.0,0.2,0.21,0.37500625,51497,25.0,put,2026-09-18,0.06301369863013699,764.260009765625,0.20500000000000002,0.04878048780487795,0.3846485629887402,-0.22544910101945104
611.0,0.2,0.21,0.37256486816406253,450,5.0,put,2026-09-18,0.06301369863013699,764.260009765625,0.20500000000000002,0.04878048780487795,0.38218277420516156,-0.2238110990152126
612.0,0.2,0.21,0.370123486328125,341,1.0,put,2026-09-18,0.06301369863013699,764.260009765625,0.20500000000000002,0.04878048780487795,0.3797196910359322,-0.2221757756744819
613.0,0.21,0.22,0.36963520996093746,352,5.0,put,2026-09-18,0.06301369863013699,764.260009765625,0.215,0.046511627906976785,0.37952925793974346,-0.22054312225059652
614.0,0.21,0.22,0.367193828125,1152,12.0,put,2026-09-18,0.06301369863013699,764.260009765625,0.215,0.046511627906976785,0.37705943995481966,-0.21891313003966542
615.0,0.22,0.23,0.36694968994140625,104432,79.0,put,2026-09-18,0.06301369863013699,764.260009765625,0.225,0.04444444444444448,0.37676724245058413,-0.21728579038029008
616.0,0.22,0.23,0.3645083081054688,294,2.0,put,2026-09-18,0.06301369863013699,764.260009765625,0.225,0.04444444444444448,0.37429103083978976,-0.21566109465328814
617.0,0.22,0.23,0.36206692626953124,245,9.0,put,2026-09-18,0.06301369863013699,764.260009765625,0.225,0.04444444444444448,0.3718174243024215,-0.21403903428142018
618.0,0.22,0.23,0.35986968261718744,642,150.0,put,2026-09-18,0.06301369863013699,764.260009765625,0.225,0.04444444444444448,0.36934640042791045,-0.21241960072911717
619.0,0.23,0.24,0.35938140625,315,1.0,put,2026-09-18,0.06301369863013699,764.260009765625,0.235,0.042553191489361625,0.3689424182761523,-0.2108027855022118
620.0,0.24,0.25,0.3588931298828125,157955,4.0,put,2026-09-18,0.06301369863013699,764.260009765625,0.245,0.04081632653061228,0.3684596180732047,-0.20918858014767075
621.0,0.23,0.24,0.3544986425781249,655,75.0,put,2026-09-18,0.06301369863013699,764.260009765625,0.235,0.042553191489361625,0.3639905480263367,-0.20757697625332916
622.0,0.24,0.25,0.3540103662109374,924,1.0,put,2026-09-18,0.06301369863013699,764.260009765625,0.245,0.04081632653061228,0.36349093455391357,-0.20596796544762858
623.0,0.25,0.26,0.3532779516601562,242,3.0,put,2026-09-18,0.06301369863013699,764.260009765625,0.255,0.03921568627450984,0.36291828159088346,-0.2043615393993548
624.0,0.24,0.25,0.3491276025390625,807,400.0,put,2026-09-18,0.06301369863013699,764.260009765625,0.245,0.04081632653061228,0.3585321474861921,-0.20275768981738024
625.0,0.25,0.26,0.34839518798828123,132793,2.0,put,2026-09-18,0.06301369863013699,764.260009765625,0.255,0.03921568627450984,0.3579432108757467,-0.2011564084504065
626.0,0.26,0.27,0.34766277343749996,443,10.0,put,2026-09-18,0.06301369863013699,764.260009765625,0.265,0.03773584905660381,0.35728637649748557,-0.1995576870867094
627.0,0.26,0.27,0.3452213916015625,407,1.0,put,2026-09-18,0.06301369863013699,764.260009765625,0.265,0.03773584905660381,0.35479456875049464,-0.19796151755388733
628.0,0.26,0.27,0.34278000976562495,364,1.0,put,2026-09-18,0.06301369863013699,764.260009765625,0.265,0.03773584905660381,0.3523051198417412,-0.1963678917186093
629.0,0.26,0.27,0.3403386279296875,212,49.0,put,2026-09-18,0.06301369863013699,764.260009765625,0.265,0.03773584905660381,0.3498180067972746,-0.1947768014863674
630.0,0.27,0.28,0.33960621337890623,10225,15.0,put,2026-09-18,0.06301369863013699,764.260009765625,0.275,0.03636363636363639,0.3490743814626804,-0.19318823880122962
631.0,0.28,0.29,0.33887379882812496,383,1.0,put,2026-09-18,0.06301369863013699,764.260009765625,0.28500000000000003,0.035087719298245446,0.3482713333950186,-0.19160219564559478
632.0,0.28,0.29,0.3364324169921875,489,3.0,put,2026-09-18,0.06301369863013699,764.260009765625,0.28500000000000003,0.035087719298245446,0.34577136382905005,-0.19001866403995046
633.0,0.28,0.29,0.33399103515625,602,1.0,put,2026-09-18,0.06301369863013699,764.260009765625,0.28500000000000003,0.035087719298245446,0.3432736303028405,-0.18843763604263178
634.0,0.29,0.3,0.33301448242187504,790,4.0,put,2026-09-18,0.06301369863013699,764.260009765625,0.295,0.0338983050847458,0.3423999364884318,-0.186859103749582
635.0,0.29,0.3,0.3305731005859375,8489,28.0,put,2026-09-18,0.06301369863013699,764.260009765625,0.295,0.0338983050847458,0.3398971226875296,-0.18528305929411634
636.0,0.3,0.31,0.32959654785156245,263,5.0,put,2026-09-18,0.06301369863013699,764.260009765625,0.305,0.03278688524590167,0.33896360106752754,-0.1837094948466858
637.0,0.3,0.31,0.327155166015625,449,1.0,put,2026-09-18,0.06301369863013699,764.260009765625,0.305,0.03278688524590167,0.3364558343829978,-0.18213840261464456
638.0,0.31,0.32,0.32617861328125,584,1.0,put,2026-09-18,0.06301369863013699,764.260009765625,0.315,0.03174603174603177,0.3354655358483153,-0.1805697748420181
639.0,0.31,0.32,0.3237372314453124,704,4.0,put,2026-09-18,0.06301369863013699,764.260009765625,0.315,0.03174603174603177,0.33295292627164597,-0.17900360380927313
640.0,0.31,0.32,0.3210517114257812,12732,31.0,put,2026-09-18,0.06301369863013699,764.260009765625,0.315,0.03174603174603177,0.3304423672091625,-0.17743988183309048
641.0,0.32,0.33,0.3200751586914062,602,52.0,put,2026-09-18,0.06301369863013699,764.260009765625,0.325,0.030769230769230795,0.3293912732119076,-0.1758786012661379
642.0,0.32,0.33,0.31763377685546873,1033,1.0,put,2026-09-18,0.06301369863013699,764.260009765625,0.325,0.030769230769230795,0.3268759065380811,-0.17431975449684672
643.0,0.33,0.34,0.31641308593749995,290,6.0,put,2026-09-18,0.06301369863013699,764.260009765625,0.335,0.02985074626865674,0.3257734929655823,-0.1727633339491886
644.0,0.33,0.34,0.3139717041015625,209,1.0,put,2026-09-18,0.06301369863013699,764.260009765625,0.335,0.02985074626865674,0.3232533968001922,-0.1712093320824543
645.0,0.34,0.35,0.3129951513671875,6550,11.0,put,2026-09-18,0.06301369863013699,764.260009765625,0.345,0.02898550724637668,0.3221019762799679,-0.1696577413910354
646.0,0.35,0.36,0.3117744604492187,491,12.0,put,2026-09-18,0.06301369863013699,764.260009765625,0.355,0.028169014084507067,0.3209101009873754,-0.1681085544042061
647.0,0.35,0.36,0.3090889404296875,246,4.0,put,2026-09-18,0.06301369863013699,764.260009765625,0.355,0.028169014084507067,0.3183789061735043,-0.16656176368590736
648.0,0.36,0.37,0.3078682495117187,330,57.0,put,2026-09-18,0.06301369863013699,764.260009765625,0.365,0.02739726027397263,0.317141995461961,-0.1650173618345333
649.0,0.37,0.38,0.30664755859375,806,1.0,put,2026-09-18,0.06301369863013699,764.260009765625,0.375,0.02666666666666669,0.31586806203865697,-0.16347534148271795
650.0,0.37,0.38,0.3042061767578125,91054,12039.0,put,2026-09-18,0.06301369863013699,764.260009765625,0.375,0.02666666666666669,0.313326136957623,-0.1619356952971251
651.0,0.37,0.38,0.301764794921875,1120,2.0,put,2026-09-18,0.06301369863013699,764.260009765625,0.375,0.02666666666666669,0.3107859228956121,-0.16039841597823873
652.0,0.38,0.39,0.3002999658203125,346,4.0,put,2026-09-18,0.06301369863013699,764.260009765625,0.385,0.025974025974025997,0.30946421113515576,-0.15886349626015497
653.0,0.39,0.4,0.2990792749023437,523,11.0,put,2026-09-18,0.06301369863013699,764.260009765625,0.395,0.025316455696202552,0.30810852173256104,-0.15733092891037695
654.0,0.4,0.41,0.29761444580078117,515,35.0,put,2026-09-18,0.06301369863013699,764.260009765625,0.405,0.024691358024691242,0.3067201124576361,-0.15580070672960925
655.0,0.4,0.41,0.2951730639648437,30999,4.0,put,2026-09-18,0.06301369863013699,764.260009765625,0.405,0.024691358024691242,0.30416338771091367,-0.154272822551556
656.0,0.4,0.41,0.2926096130371093,458,77.0,put,2026-09-18,0.06301369863013699,764.260009765625,0.405,0.024691358024691242,0.30160819718896803,-0.15274726924271895
657.0,0.41,0.42,0.2912668530273437,786,48.0,put,2026-09-18,0.06301369863013699,764.260009765625,0.415,0.024096385542168697,0.30017645728335723,-0.15122403970219742
658.0,0.42,0.43,0.2898020239257812,627,194.0,put,2026-09-18,0.06301369863013699,764.260009765625,0.425,0.023529411764705903,0.29871443255873376,-0.14970312686149082
659.0,0.42,0.43,0.28711650390624993,616,51.0,put,2026-09-18,0.06301369863013699,764.260009765625,0.425,0.023529411764705903,0.29614892288718003,-0.14818452368430074
660.0,0.44,0.45,0.2867502966308593,89904,350.0,put,2026-09-18,0.06301369863013699,764.260009765625,0.445,0.02247191011235957,0.2957035125185683,-0.14666822316633668
661.0,0.44,0.45,0.2841868457031249,624,6.0,put,2026-09-18,0.06301369863013699,764.260009765625,0.445,0.02247191011235957,0.2931264905352963,-0.1451542183351217
662.0,0.45,0.46,0.2827220166015625,1232,237.0,put,2026-09-18,0.06301369863013699,764.260009765625,0.455,0.021978021978021997,0.29157377583772964,-0.14364250224979974
663.0,0.45,0.46,0.280158565673828,1160,6.0,put,2026-09-18,0.06301369863013699,764.260009765625,0.455,0.021978021978021997,0.28899235126908723,-0.14213306800094538
664.0,0.45,0.47,0.27857166748046874,589,58.0,put,2026-09-18,0.06301369863013699,764.260009765625,0.45999999999999996,0.04347826086956514,0.2869114860921264,-0.14062590871037411
665.0,0.48,0.49,0.2778392529296875,110406,8.0,put,2026-09-18,0.06301369863013699,764.260009765625,0.485,0.020618556701030948,0.2867594471348311,-0.1391210175309538
666.0,0.47,0.48,0.274421318359375,1192,11.0,put,2026-09-18,0.06301369863013699,764.260009765625,0.475,0.02105263157894739,0.28320531170654295,-0.13761838764641887
667.0,0.49,0.5,0.27368890380859373,914,161.0,put,2026-09-18,0.06301369863013699,764.260009765625,0.495,0.02020202020202022,0.2825013639224611,-0.13611801227118422
668.0,0.49,0.5,0.2711254528808594,1600,4.0,put,2026-09-18,0.06301369863013699,764.260009765625,0.495,0.02020202020202022,0.27989869897603814,-0.13461988465016217
669.0,0.5,0.51,0.2695385546875,1003,5.0,put,2026-09-18,0.06301369863013699,764.260009765625,0.505,0.01980198019801982,0.2782096498296718,-0.13312399805857952
670.0,0.51,0.52,0.26782958740234375,62300,87.0,put,2026-09-18,0.06301369863013699,764.260009765625,0.515,0.019417475728155355,0.2764975888607107,-0.1316303458017962
671.0,0.52,0.53,0.2661206201171875,1602,6.0,put,2026-09-18,0.06301369863013699,764.260009765625,0.525,0.019047619047619063,0.2747630849107463,-0.1301389212151262
672.0,0.54,0.55,0.2651440673828125,1191,68.0,put,2026-09-18,0.06301369863013699,764.260009765625,0.545,0.018348623853211024,0.27385877273868314,-0.1286497176636584
673.0,0.55,0.56,0.26343510009765625,995,47.0,put,2026-09-18,0.06301369863013699,764.260009765625,0.555,0.018018018018018032,0.272065423020981,-0.1271627285420801
674.0,0.56,0.57,0.2616040637207031,3069,10.0,put,2026-09-18,0.06301369863013699,764.260009765625,0.565,0.017699115044247607,0.2702515902925777,-0.12567794727450096
675.0,0.57,0.58,0.25977302734375,22732,111.0,put,2026-09-18,0.06301369863013699,764.260009765625,0.575,0.017391304347826105,0.26841770484030664,-0.12419536731427812
676.0,0.57,0.58,0.25708750732421876,692,4.0,put,2026-09-18,0.06301369863013699,764.260009765625,0.575,0.017391304347826105,0.26577168360803394,-0.1227149821438438
677.0,0.58,0.59,0.2553785400390626,1088,10.0,put,2026-09-18,0.06301369863013699,764.260009765625,0.585,0.01709401709401711,0.26391279608774504,-0.12123678527453298
678.0,0.59,0.6,0.2534254345703125,1105,1.0,put,2026-09-18,0.06301369863013699,764.260009765625,0.595,0.016806722689075647,0.2620346481398695,-0.11976077024641235
679.0,0.6,0.61,0.2515943981933594,1261,4.0,put,2026-09-18,0.06301369863013699,764.260009765625,0.605,0.016528925619834725,0.26013759786892077,-0.11828693062811187
680.0,0.61,0.62,0.24976336181640624,27845,1117.0,put,2026-09-18,0.06301369863013699,764.260009765625,0.615,0.016260162601626032,0.2582219853264878,-0.11681526001665557
681.0,0.63,0.64,0.2485426708984375,767,43.0,put,2026-09-18,0.06301369863013699,764.260009765625,0.635,0.015748031496063006,0.2570145480534088,-0.11534575203729554
682.0,0.63,0.65,0.24658956542968752,961,1.0,put,2026-09-18,0.06301369863013699,764.260009765625,0.64,0.03125000000000003,0.25469423830446997,-0.11387840034334587
683.0,0.65,0.66,0.24463645996093752,633,22.0,put,2026-09-18,0.06301369863013699,764.260009765625,0.655,0.015267175572519097,0.25306908644297893,-0.11241319861601787
684.0,0.66,0.67,0.2425612854003906,749,3.0,put,2026-09-18,0.06301369863013699,764.260009765625,0.665,0.015037593984962419,0.2510705611363922,-0.11095014056425755
685.0,0.69,0.7,0.24195093994140626,14151,9.0,put,2026-09-18,0.06301369863013699,764.260009765625,0.695,0.014388489208633108,0.25039602725106547,-0.10948921992458267
686.0,0.69,0.7,0.23926541992187497,1001,6.0,put,2026-09-18,0.06301369863013699,764.260009765625,0.695,0.014388489208633108,0.24768542778122096,-0.10803043046092269
687.0,0.71,0.72,0.23780059082031246,588,29.0,put,2026-09-18,0.06301369863013699,764.260009765625,0.715,0.013986013986014,0.2462724920748626,-0.10657376596445864
688.0,0.73,0.74,0.23633576171874998,2033,1.0,put,2026-09-18,0.06301369863013699,764.260009765625,0.735,0.01360544217687076,0.2448178861806004,-0.10511922025346428
689.0,0.74,0.75,0.2342605871582031,729,41.0,put,2026-09-18,0.06301369863013699,764.260009765625,0.745,0.01342281879194632,0.2427067719046165,-0.10366678717314944
690.0,0.76,0.77,0.23279575805664063,21627,151.0,put,2026-09-18,0.06301369863013699,764.260009765625,0.765,0.013071895424836612,0.24118703494711957,-0.10221646059550289
691.0,0.77,0.78,0.23072058349609376,464,3.0,put,2026-09-18,0.06301369863013699,764.260009765625,0.775,0.012903225806451623,0.2390361011569704,-0.10076823441913801
692.0,0.79,0.8,0.2291336853027344,2373,3.0,put,2026-09-18,0.06301369863013699,764.260009765625,0.795,0.012578616352201269,0.23745412136841046,-0.09932210256913843
693.0,0.81,0.82,0.22748575256347653,1235,1.0,put,2026-09-18,0.06301369863013699,764.260009765625,0.815,0.012269938650306624,0.23583555877656526,-0.09787805899690472
694.0,0.82,0.83,0.22534954345703123,1074,11.0,put,2026-09-18,0.06301369863013699,764.260009765625,0.825,0.012121212121212133,0.2336230181963803,-0.0964360976800034
695.0,0.85,0.86,0.22412885253906245,9245,26.0,put,2026-09-18,0.06301369863013699,764.260009765625,0.855,0.01169590643274855,0.23249271933952584,-0.09499621262201584
696.0,0.86,0.87,0.2219316088867187,1122,7.0,put,2026-09-18,0.06301369863013699,764.260009765625,0.865,0.011560693641618507,0.23023539586810404,-0.09355839785238827
697.0,0.88,0.89,0.22022264160156246,813,1.0,put,2026-09-18,0.06301369863013699,764.260009765625,0.885,0.011299435028248598,0.228491214658536,-0.09212264742628412
698.0,0.9,0.91,0.21845263977050777,2274,1.0,put,2026-09-18,0.06301369863013699,764.260009765625,0.905,0.011049723756906087,0.22671452124154584,-0.09068895542443547
699.0,0.92,0.93,0.2166826379394531,1679,1.0,put,2026-09-18,0.06301369863013699,764.260009765625,0.925,0.01081081081081082,0.22490604430154434,-0.08925731595299764
700.0,0.96,0.97,0.21576711975097657,59312,375.0,put,2026-09-18,0.06301369863013699,764.260009765625,0.965,0.010362694300518144,0.22404855498618753,-0.08782772314340331
701.0,0.96,0.98,0.21344780700683597,1564,71.0,put,2026-09-18,0.06301369863013699,764.260009765625,0.97,0.020618556701030948,0.2214380471815635,-0.08640017115221785
702.0,1.0,1.01,0.21198297790527343,812,1.0,put,2026-09-18,0.06301369863013699,764.260009765625,1.005,0.009950248756218916,0.22024023659500566,-0.08497465416099689
703.0,1.01,1.03,0.21009090698242186,700,120.0,put,2026-09-18,0.06301369863013699,764.260009765625,1.02,0.01960784313725492,0.21806212368235411,-0.08355116637614306
704.0,1.05,1.06,0.20850400878906244,1357,115.0,put,2026-09-18,0.06301369863013699,764.260009765625,1.0550000000000002,0.009478672985781998,0.21676709902232966,-0.08212970202876552
705.0,1.08,1.09,0.2069781451416015,9877,187.0,put,2026-09-18,0.06301369863013699,764.260009765625,1.085,0.00921658986175116,0.21519456914390206,-0.08071025537453934
706.0,1.11,1.12,0.20533021240234373,902,5.0,put,2026-09-18,0.06301369863013699,764.260009765625,1.1150000000000002,0.008968609865470859,0.21357639484170599,-0.07929282069356586
707.0,1.13,1.15,0.20368227966308594,1744,5.0,put,2026-09-18,0.06301369863013699,764.260009765625,1.14,0.017543859649122823,0.2117041120469311,-0.07787739229023515
708.0,1.18,1.19,0.2024005541992187,1295,1.0,put,2026-09-18,0.06301369863013699,764.260009765625,1.185,0.008438818565400852,0.2106168359772528,-0.0764639644930882
709.0,1.19,1.21,0.2002643450927734,7335,16.0,put,2026-09-18,0.06301369863013699,764.260009765625,1.2,0.016666666666666684,0.20825956489246894,-0.07505253165468043
710.0,1.23,1.24,0.19849434326171872,60174,180.0,put,2026-09-18,0.06301369863013699,764.260009765625,1.2349999999999999,0.008097165991902843,0.20667096540022892,-0.07364308815144689
711.0,1.28,1.29,0.19739572143554687,2725,14.0,put,2026-09-18,0.06301369863013699,764.260009765625,1.2850000000000001,0.007782101167315181,0.20560589003592117,-0.07223562838356708
712.0,1.31,1.33,0.19586985778808597,2316,295.0,put,2026-09-18,0.06301369863013699,764.260009765625,1.32,0.015151515151515164,0.20390719509953892,-0.07083014677483214
713.0,1.35,1.36,0.1939777868652344,1197,2.0,put,2026-09-18,0.06301369863013699,764.260009765625,1.355,0.007380073800738014,0.20216230118082776,-0.06942663777251204
714.0,1.39,1.4,0.19232985412597658,1836,16.0,put,2026-09-18,0.06301369863013699,764.260009765625,1.395,0.007168458781362013,0.2005500585272239,-0.06802509584722355
715.0,1.43,1.44,0.19068192138671874,46167,185.0,put,2026-09-18,0.06301369863013699,764.260009765625,1.435,0.0069686411149825845,0.19888568241094595,-0.06662551549280035
716.0,1.47,1.48,0.1889729541015625,2028,51.0,put,2026-09-18,0.06301369863013699,764.260009765625,1.475,0.006779661016949158,0.19717048607207535,-0.06522789122616234
717.0,1.52,1.53,0.187508125,2685,953.0,put,2026-09-18,0.06301369863013699,764.260009765625,1.525,0.006557377049180334,0.1957368126627849,-0.06383221758718756
718.0,1.56,1.58,0.1860432958984375,2679,636.0,put,2026-09-18,0.06301369863013699,764.260009765625,1.57,0.012738853503184724,0.19407777566576484,-0.062438489138583804
719.0,1.62,1.64,0.18476157043457028,4392,221.0,put,2026-09-18,0.06301369863013699,764.260009765625,1.63,0.012269938650306624,0.1928366543918279,-0.06104670046576125
720.0,1.67,1.68,0.1828084649658203,40828,1005.0,put,2026-09-18,0.06301369863013699,764.260009765625,1.6749999999999998,0.005970149253731349,0.19105932561091002,-0.0596568461767069
721.0,1.73,1.74,0.18140467041015623,2346,114.0,put,2026-09-18,0.06301369863013699,764.260009765625,1.7349999999999999,0.005763688760806922,0.18968026955549566,-0.05826892090185889
722.0,1.75,1.8,0.17993984130859375,3030,139.0,put,2026-09-18,0.06301369863013699,764.260009765625,1.775,0.028169014084507067,0.18764421401033793,-0.05688291929398169
723.0,1.81,1.86,0.17841397766113282,2624,76.0,put,2026-09-18,0.06301369863013699,764.260009765625,1.835,0.02724795640326978,0.18613830499804296,-0.05549883602804331
724.0,1.91,1.92,0.17682707946777343,5229,229.0,put,2026-09-18,0.06301369863013699,764.260009765625,1.915,0.005221932114882511,0.1851215575275773,-0.05411666580109158
725.0,1.95,1.97,0.17487397399902344,24906,324.0,put,2026-09-18,0.06301369863013699,764.260009765625,1.96,0.01020408163265307,0.1830599597761999,-0.05273640333213312
726.0,2.01,2.06,0.1739584558105469,10869,336.0,put,2026-09-18,0.06301369863013699,764.260009765625,2.035,0.0245700245700247,0.18175019205653065,-0.051358043362011885
727.0,2.11,2.13,0.17237155761718753,1604,112.0,put,2026-09-18,0.06301369863013699,764.260009765625,2.12,0.009433962264150952,0.18061665579294445,-0.04998158065328856
728.0,2.18,2.19,0.17054052124023442,35832,2364.0,put,2026-09-18,0.06301369863013699,764.260009765625,2.185,0.004576659038901504,0.1788863604632329,-0.04860700999012203
729.0,2.25,2.27,0.1690756921386719,9848,241.0,put,2026-09-18,0.06301369863013699,764.260009765625,2.26,0.008849557522123902,0.17733705220941012,-0.04723432617814981
730.0,2.34,2.36,0.16779396667480473,45474,1796.0,put,2026-09-18,0.06301369863013699,764.260009765625,2.3499999999999996,0.00851063829787235,0.1760727793251809,-0.04586352404437109
731.0,2.43,2.44,0.16614603393554692,3048,318.0,put,2026-09-18,0.06301369863013699,764.260009765625,2.435,0.0041067761806980645,0.17460038319294385,-0.04449459843702948
732.0,2.51,2.53,0.16468120483398438,31773,72.0,put,2026-09-18,0.06301369863013699,764.260009765625,2.5199999999999996,0.007936507936507945,0.17304526882683252,-0.043127544225496375
733.0,2.61,2.63,0.16333844482421878,6516,58.0,put,2026-09-18,0.06301369863013699,764.260009765625,2.62,0.007633587786259549,0.17174449721420648,-0.04176235630015651
734.0,2.68,2.73,0.16190413299560547,7879,133.0,put,2026-09-18,0.06301369863013699,764.260009765625,2.705,0.018484288354898272,0.17002206716121435,-0.04039902957229238
735.0,2.8,2.82,0.1601646484375,32347,438.0,put,2026-09-18,0.06301369863013699,764.260009765625,2.8099999999999996,0.007117437722419936,0.16864880365055787,-0.03903755897397124
736.0,2.88,2.94,0.1589744747924805,16833,62.0,put,2026-09-18,0.06301369863013699,764.260009765625,2.91,0.020618556701030945,0.16707632498134461,-0.03767793945793175
737.0,3.0,3.05,0.15747912841796874,3729,133.0,put,2026-09-18,0.06301369863013699,764.260009765625,3.025,0.016528925619834652,0.16572071588557707,-0.036320165997471336
738.0,3.13,3.15,0.15564809204101562,3776,108.0,put,2026-09-18,0.06301369863013699,764.260009765625,3.1399999999999997,0.006369426751592363,0.16426487115988678,-0.0349642335863354
739.0,3.25,3.27,0.15415274566650394,20580,45.0,put,2026-09-18,0.06301369863013699,764.260009765625,3.26,0.0061349693251533804,0.16280814576023017,-0.033610137238606196
740.0,3.39,3.4,0.15271843383789066,32723,333.0,put,2026-09-18,0.06301369863013699,764.260009765625,3.395,0.0029455081001472125,0.16153577761314192,-0.032257871988592486
741.0,3.53,3.55,0.15155877746582033,4059,109.0,put,2026-09-18,0.06301369863013699,764.260009765625,3.54,0.005649717514124299,0.16033793520824616,-0.030907432890721107
742.0,3.66,3.68,0.14991084472656252,3521,77.0,put,2026-09-18,0.06301369863013699,764.260009765625,3.67,0.005449591280653956,0.15875167364841208,-0.0295588150194275
743.0,3.81,3.83,0.14850705017089844,8033,159.0,put,2026-09-18,0.06301369863013699,764.260009765625,3.8200000000000003,0.005235602094240842,0.15741806946234543,-0.028212013469048742
744.0,3.96,3.99,0.1471642901611328,3417,53.0,put,2026-09-18,0.06301369863013699,764.260009765625,3.975,0.007547169811320817,0.15605563379259316,-0.02686702335371611
745.0,4.13,4.15,0.1456994610595703,18867,99.0,put,2026-09-18,0.06301369863013699,764.260009765625,4.140000000000001,0.004830917874396246,0.15474610554178023,-0.025523839807248417
746.0,4.29,4.31,0.14411256286621094,4758,106.0,put,2026-09-18,0.06301369863013699,764.260009765625,4.3,0.0046511627906975755,0.1532310730899914,-0.02418245798304715
747.0,4.48,4.5,0.1428918719482422,3329,212.0,put,2026-09-18,0.06301369863013699,764.260009765625,4.49,0.004454342984409705,0.15208924134632645,-0.022842873053990652
748.0,4.62,4.69,0.14151859466552735,2281,359.0,put,2026-09-18,0.06301369863013699,764.260009765625,4.655,0.015037593984962466,0.15041229742385986,-0.02150508021233067
749.0,4.85,4.87,0.1398706619262695,3377,191.0,put,2026-09-18,0.06301369863013699,764.260009765625,4.859999999999999,0.004115226337448655,0.1492470345594479,-0.020169074669588505
750.0,5.05,5.08,0.13852790191650394,39486,624.0,put,2026-09-18,0.06301369863013699,764.260009765625,5.0649999999999995,0.005923000987166881,0.1479421265265608,-0.018834851656451816
751.0,5.23,5.31,0.1373377282714844,2420,104.0,put,2026-09-18,0.06301369863013699,764.260009765625,5.27,0.015180265654648802,0.1464993844817139,-0.01750240642267315
752.0,5.5,5.53,0.1358728991699219,2635,210.0,put,2026-09-18,0.06301369863013699,764.260009765625,5.515000000000001,0.0054397098821396634,0.1455167074404527,-0.01617173423696814
753.0,5.73,5.75,0.1342554837036133,2523,109.0,put,2026-09-18,0.06301369863013699,764.260009765625,5.74,0.0034843205574912146,0.14408533523251163,-0.014842830386914344
754.0,5.93,5.96,0.13233289550781252,2375,268.0,put,2026-09-18,0.06301369863013699,764.260009765625,5.945,0.005046257359125357,0.14222014039967212,-0.013515690178851918
755.0,6.24,6.26,0.1315394464111328,37898,949.0,put,2026-09-18,0.06301369863013699,764.260009765625,6.25,0.0031999999999999316,0.14164383774195863,-0.012190308937783244
756.0,6.51,6.54,0.13027297958374018,5460,198.0,put,2026-09-18,0.06301369863013699,764.260009765625,6.525,0.0045977011494253255,0.1404694413420879,-0.010866682007274905
757.0,6.79,6.82,0.12885392639160154,7578,256.0,put,2026-09-18,0.06301369863013699,764.260009765625,6.805,0.0044085231447465465,0.13920096644391883,-0.009544804749359197
758.0,7.1,7.13,0.1276332354736328,5068,90.0,put,2026-09-18,0.06301369863013699,764.260009765625,7.115,0.004216444132115285,0.13817876983536803,-0.008224672544436273
759.0,7.35,7.45,0.1263820272827148,2338,75.0,put,2026-09-18,0.06301369863013699,764.260009765625,7.4,0.013513513513513585,0.13664258404298937,-0.006906280791178072
760.0,7.72,7.77,0.12494771545410156,49718,8818.0,put,2026-09-18,0.06301369863013699,764.260009765625,7.744999999999999,0.006455777921239487,0.1357444082644709,-0.005589624906431192
761.0,8.09,8.11,0.12358969680786133,1503,153.0,put,2026-09-18,0.06301369863013699,764.260009765625,8.1,0.0024691358024690833,0.13479484727332924,-0.004274700325122075
762.0,8.44,8.47,0.12229271270751954,2127,360.0,put,2026-09-18,0.06301369863013699,764.260009765625,8.455,0.00354819633353059,0.13365774877452546,-0.002961502500161706
763.0,8.82,8.85,0.12104150451660156,3153,194.0,put,2026-09-18,0.06301369863013699,764.260009765625,8.835,0.0033955857385398252,0.132660732878471,-0.0016500269023509311
764.0,9.22,9.25,0.1198360722351074,3679,594.0,put,2026-09-18,0.06301369863013699,764.260009765625,9.235,0.0032485110990795193,0.13173103635019828,-0.0003402690202875131
765.0,9.63,9.66,0.11853908813476563,23842,2075.0,put,2026-09-18,0.06301369863013699,764.260009765625,9.645,0.0031104199066873364,0.1307325090130068,0.0009677756397279868
766.0,10.06,10.09,0.11728787994384765,1986,600.0,put,2026-09-18,0.06301369863013699,764.260009765625,10.075,0.0029776674937964627,0.12979182375448212,0.0022741115537833804
767.0,10.52,10.53,0.11594511993408202,1670,669.0,put,2026-09-18,0.06301369863013699,764.260009765625,10.524999999999999,0.0009501187648455855,0.12890466374182563,0.0035787431804482
768.0,10.99,11.02,0.11499908447265625,2095,819.0,put,2026-09-18,0.06301369863013699,764.260009765625,11.004999999999999,0.002726033621081269,0.12819860643471273,0.004881674960864112
769.0,11.41,11.54,0.11420563537597657,3365,136.0,put,2026-09-18,0.06301369863013699,764.260009765625,11.475,0.011328976034858301,0.12714573447012412,0.006182911318836073
770.0,11.9,12.05,0.11304597900390626,16087,240.0,put,2026-09-18,0.06301369863013699,764.260009765625,11.975000000000001,0.012526096033402951,0.12626755682967106,0.007482456660921564
771.0,12.43,12.64,0.11269503036499023,2186,23.0,put,2026-09-18,0.06301369863013699,764.260009765625,12.535,0.016753091344236207,0.12596477477791243,0.008780315376521453
772.0,12.97,13.14,0.1108792526245117,2322,14.0,put,2026-09-18,0.06301369863013699,764.260009765625,13.055,0.013021830716200684,0.12490406379656029,0.010076491837968287
773.0,13.52,13.71,0.10975011352539063,2879,28.0,put,2026-09-18,0.06301369863013699,764.260009765625,13.615,0.013955196474476773,0.12415065331542056,0.01137099040061401
774.0,14.04,14.28,0.10831580169677735,4287,2.0,put,2026-09-18,0.06301369863013699,764.260009765625,14.16,0.016949152542372895,0.12295434480364235,0.012663815402919098
775.0,14.75,14.97,0.10833106033325196,7333,121.0,put,2026-09-18,0.06301369863013699,764.260009765625,14.86,0.014804845222072722,0.12367934476825264,0.013954971166539128
776.0,15.26,15.5,0.10572183349609374,2067,20.0,put,2026-09-18,0.06301369863013699,764.260009765625,15.379999999999999,0.01560468140442134,0.12164179933916076,0.015244461996410816
777.0,16.08,16.27,0.10639321350097657,1620,12.0,put,2026-09-18,0.06301369863013699,764.260009765625,16.174999999999997,0.011746522411128366,0.12330924828068979,0.01653229218083944
778.0,16.7,16.96,0.10559976440429686,1389,60.0,put,2026-09-18,0.06301369863013699,764.260009765625,16.83,0.015448603683897897,0.12274800607103631,0.01781846599158375
779.0,16.88,17.66,0.1046842462158203,1194,4.0,put,2026-09-18,0.06301369863013699,764.260009765625,17.27,0.04516502605674587,0.11866420553138075,0.019102987683940347
780.0,18.09,18.36,0.10343303802490234,4237,220.0,put,2026-09-18,0.06301369863013699,764.260009765625,18.225,0.014814814814814791,0.12220240087824291,0.020385861496829437
781.0,18.82,19.11,0.10273114074707031,920,463.0,put,2026-09-18,0.06301369863013699,764.260009765625,18.965,0.015291326127076147,0.12225543902415763,0.021667091652877914
782.0,18.48,19.87,0.10187665710449219,725,312.0,put,2026-09-18,0.06301369863013699,764.260009765625,19.175,0.07249022164276404,0.11324791552777164,0.02294668235850318
783.0,19.25,20.62,0.10050337982177734,806,20.0,put,2026-09-18,0.06301369863013699,764.260009765625,19.935000000000002,0.06872335089039382,0.11290517285281856,0.024224637803995135
784.0,21.09,21.41,0.09955734436035156,124,7.0,put,2026-09-18,0.06301369863013699,764.260009765625,21.25,0.015058823529411777,0.12219799047794598,0.025500962163599816
785.0,20.8,22.2,0.09821458435058594,1914,4.0,put,2026-09-18,0.06301369863013699,764.260009765625,21.5,0.06511627906976737,0.11226324197041494,0.026775659595600552
786.0,22.71,23.03,0.09739061798095702,302,1.0,put,2026-09-18,0.06301369863013699,764.260009765625,22.87,0.013992129427197214,0.12280609126135261,0.028048734242398597
787.0,23.51,23.86,0.09620044433593751,392,1.0,put,2026-09-18,0.06301369863013699,764.260009765625,23.685000000000002,0.0147772852016043,0.12290865812559137,0.029320190230595213
788.0,23.23,24.71,0.09510182250976565,551,3.0,put,2026-09-18,0.06301369863013699,764.260009765625,23.97,0.06174384647476014,0.11180921644120032,0.03059003167107126
789.0,25.2,25.53,0.09259940612792968,498,2.0,put,2026-09-18,0.06301369863013699,764.260009765625,25.365000000000002,0.013010053222945074,0.12350309837513704,0.031858262659066314
790.0,26.05,26.41,0.09137871520996094,1870,32.0,put,2026-09-18,0.06301369863013699,764.260009765625,26.23,0.013724742661075083,0.12404251340645728,0.033124887274259184
791.0,26.81,28.34,0.1198208135986328,610,2.0,put,2026-09-18,0.06301369863013699,764.260009765625,27.575,0.05548504079782416,0.13459638085949652,0.03438990958084603
792.0,26.5,29.13,0.1176846044921875,597,91.0,put,2026-09-18,0.06301369863013699,764.260009765625,27.814999999999998,0.0945532985799029,0.12120591155948715,0.03565333362761794
793.0,27.37,30.03,0.11798977722167968,36,1.0,put,2026-09-18,0.06301369863013699,764.260009765625,28.700000000000003,0.09268292682926829,0.12153683350873531,0.03691516344804001
795.0,29.19,31.58,0.11023838989257811,404,1.0,put,2026-09-18,0.06301369863013699,764.260009765625,30.384999999999998,0.07865723218693425,0.11926547729386087,0.039434056467524
800.0,33.67,36.52,0.12104150451660156,56,3.0,put,2026-09-18,0.06301369863013699,764.260009765625,35.095,0.08120814930901842,0.1245362828565796,0.045703669481119286
802.0,35.38,38.73,0.13355358642578125,7500,4000.0,put,2026-09-18,0.06301369863013699,764.260009765625,37.055,0.0904061530157872,0.12860645915021643,0.048200549679706564
805.0,38.42,41.43,0.12983047912597656,11,1.0,put,2026-09-18,0.06301369863013699,764.260009765625,39.925,0.07539135879774572,0.1316930948959668,0.05193421923175546
375.0,388.86,392.61,1.1189008898925783,19,5.0,call,2026-09-30,0.0958904109589041,764.260009765625,390.735,0.009597297401051863,1.0506559388174415,-0.7119820322163971
420.0,344.3,347.71,0.9841310180664062,58,5.0,call,2026-09-30,0.0958904109589041,764.260009765625,346.005,0.00985534891114281,0.9110814467604238,-0.5986533469093939
485.0,279.49,283.37,0.8033466931152342,29,13.0,call,2026-09-30,0.0958904109589041,764.260009765625,281.43,0.01378673204704543,0.7314229353571503,-0.4547591672493248
490.0,274.35,277.81,0.7634301000976562,16,1.0,call,2026-09-30,0.0958904109589041,764.260009765625,276.08000000000004,0.012532599246595114,0.6743340781576657,-0.44450266708213576
500.0,264.55,267.96,0.7453638745117188,60,2.0,call,2026-09-30,0.0958904109589041,764.260009765625,266.255,0.012807271224953403,0.6634986214786543,-0.42429995976461615
515.0,249.62,252.89,0.7005645178222657,205,1.0,call,2026-09-30,0.0958904109589041,764.260009765625,251.255,0.01301466637479844,0.616121797575526,-0.39474115752307176
520.0,244.64,248.26,0.6977569287109376,30,1.0,call,2026-09-30,0.0958904109589041,764.260009765625,246.45,0.014688577804828585,0.6212781579396781,-0.3850792466113349
530.0,234.67,238.29,0.670047244873047,48,2.0,call,2026-09-30,0.0958904109589041,764.260009765625,236.48,0.015307848443843051,0.5935483677214946,-0.3660310516406404
535.0,229.5,232.97,0.6412389392089843,46,4.0,call,2026-09-30,0.0958904109589041,764.260009765625,231.235,0.015006378792137863,0.5527864845382907,-0.3566413112908014
540.0,224.69,227.99,0.6331823791503908,42,8.0,call,2026-09-30,0.0958904109589041,764.260009765625,226.34,0.014579835645489137,0.5494685134739821,-0.3473389186284879
550.0,214.76,218.03,0.6077920080566408,27,2.0,call,2026-09-30,0.0958904109589041,764.260009765625,216.39499999999998,0.015111254881120223,0.5256961479974592,-0.3289897799602914
570.0,195.31,198.12,0.5676312768554688,70,4.0,call,2026-09-30,0.0958904109589041,764.260009765625,196.715,0.014284624965050974,0.4965295868940743,-0.29327169735821207
575.0,189.85,193.39,0.5491988439941409,357,1.0,call,2026-09-30,0.0958904109589041,764.260009765625,191.62,0.01847406325018261,0.47471374720829207,-0.28453801738945744
580.0,184.87,188.46,0.5374191766357423,17,1.0,call,2026-09-30,0.0958904109589041,764.260009765625,186.66500000000002,0.019232314574237287,0.46438387864738995,-0.2758799546463429
585.0,179.92,183.47,0.5249070947265625,736,3.0,call,2026-09-30,0.0958904109589041,764.260009765625,181.695,0.019538237155673033,0.4528520750359052,-0.26729621095495143
595.0,169.98,173.46,0.5625043750000001,424,1.0,call,2026-09-30,0.0958904109589041,764.260009765625,171.72,0.020265548567435464,0.4272853866328388,-0.25034665264117817
598.0,167.02,170.71,0.5614667877197266,1275,6.0,call,2026-09-30,0.0958904109589041,764.260009765625,168.865,0.02185177508660763,0.4295110818847519,-0.24531730423617618
599.0,166.03,169.66,0.5569502313232424,1699,164.0,call,2026-09-30,0.0958904109589041,764.260009765625,167.845,0.02162709642825223,0.42540219526020423,-0.24364646007135865
600.0,164.78,168.3,0.5424850439453126,2434,22.0,call,2026-09-30,0.0958904109589041,764.260009765625,166.54000000000002,0.021136063408190284,0.39938196332673626,-0.24197840297066156
601.0,164.04,167.5,0.5459640130615235,729,30.0,call,2026-09-30,0.0958904109589041,764.260009765625,165.76999999999998,0.02087229293599571,0.4146704271140635,-0.24031312365160032
602.0,162.79,166.31,0.5369309002685547,53,31.0,call,2026-09-30,0.0958904109589041,764.260009765625,164.55,0.021391674263141962,0.39487398663727774,-0.23865061287798695
603.0,161.81,165.32,0.5343064147949219,62,82.0,call,2026-09-30,0.0958904109589041,764.260009765625,163.565,0.02145935866475096,0.3934576889581176,-0.23699086145962248
604.0,160.84,164.33,0.5316819293212891,34,58.0,call,2026-09-30,0.0958904109589041,764.260009765625,162.585,0.021465694867300236,0.39243665921184845,-0.23533386025199304
605.0,160.06,163.33,0.5287522711181643,4886,173.0,call,2026-09-30,0.0958904109589041,764.260009765625,161.695,0.020223259841058848,0.39838004513361563,-0.23367960015596648
606.0,159.07,162.65,0.5357102093505859,1672,122.0,call,2026-09-30,0.0958904109589041,764.260009765625,160.86,0.022255377346761234,0.40744296220037596,-0.23202807211749343
607.0,158.05,161.53,0.5290574438476563,12,18.0,call,2026-09-30,0.0958904109589041,764.260009765625,159.79000000000002,0.021778584392014452,0.39992531129142744,-0.23037926712730972
608.0,156.83,160.36,0.5208788146972656,158,254.0,call,2026-09-30,0.0958904109589041,764.260009765625,158.59500000000003,0.02225795264667865,0.3826058435655123,-0.22873317622064093
609.0,155.84,159.36,0.5179491564941407,62,82.0,call,2026-09-30,0.0958904109589041,764.260009765625,157.60000000000002,0.02233502538071072,0.380357235677166,-0.227089790476911
610.0,154.85,158.37,0.5153246710205077,957,14.0,call,2026-09-30,0.0958904109589041,764.260009765625,156.61,0.02247621480109833,0.37850795168563617,-0.22544910101945104
611.0,153.92,157.38,0.5127001855468749,891,142.0,call,2026-09-30,0.0958904109589041,764.260009765625,155.64999999999998,0.02222936074526186,0.3789863257208035,-0.2238110990152126
612.0,152.86,156.38,0.5097705273437501,86,109.0,call,2026-09-30,0.0958904109589041,764.260009765625,154.62,0.022765489587375384,0.3740139570580761,-0.2221757756744819
613.0,152.07,155.58,0.5128832891845703,55,106.0,call,2026-09-30,0.0958904109589041,764.260009765625,153.825,0.02281813749390554,0.38630643837272266,-0.22054312225059652
615.0,150.11,153.52,0.5051929364013672,665,158.0,call,2026-09-30,0.0958904109589041,764.260009765625,151.815,0.02246154859532982,0.3803099176804679,-0.21728579038029008
616.0,148.89,152.41,0.49896741271972656,198,350.0,call,2026-09-30,0.0958904109589041,764.260009765625,150.64999999999998,0.023365416528377106,0.36580834906256227,-0.21566109465328814
617.0,147.9,151.42,0.4963429272460938,89,146.0,call,2026-09-30,0.0958904109589041,764.260009765625,149.66,0.023519978618201137,0.36394300020887854,-0.21403903428142018
618.0,147.13,150.42,0.49341326904296884,212,385.0,call,2026-09-30,0.0958904109589041,764.260009765625,148.77499999999998,0.022113930431860142,0.36962963344942645,-0.21241960072911717
619.0,145.96,149.44,0.4910939562988281,66,130.0,call,2026-09-30,0.0958904109589041,764.260009765625,147.7,0.02356127285037231,0.36166914352633167,-0.2108027855022118
620.0,144.94,148.45,0.48846947082519543,1289,9.0,call,2026-09-30,0.0958904109589041,764.260009765625,146.695,0.023927195882613526,0.35868717533991934,-0.20918858014767075
621.0,143.81,147.58,0.48932395446777355,32,16.0,call,2026-09-30,0.0958904109589041,764.260009765625,145.695,0.025875973780843615,0.35607475632571584,-0.20757697625332916
623.0,141.95,145.47,0.4802908416748046,32,20.0,call,2026-09-30,0.0958904109589041,764.260009765625,143.70999999999998,0.024493772180084968,0.3519457037251177,-0.2043615393993548
625.0,140.18,143.6,0.4782156671142578,252,2.0,call,2026-09-30,0.0958904109589041,764.260009765625,141.89,0.024103178518570637,0.3588525952365602,-0.2011564084504065
626.0,138.98,142.5,0.47241738525390625,240,8.0,call,2026-09-30,0.0958904109589041,764.260009765625,140.74,0.02501065795083139,0.34626874620166287,-0.1995576870867094
627.0,137.99,141.51,0.4697928997802735,122,150.0,call,2026-09-30,0.0958904109589041,764.260009765625,139.75,0.02518783542039343,0.34436819439340993,-0.19796151755388733
628.0,136.99,140.52,0.46716841430664063,16,19.0,call,2026-09-30,0.0958904109589041,764.260009765625,138.755,0.025440524665777817,0.3421203371080745,-0.1963678917186093
630.0,135.01,138.53,0.4616142706298829,821,1.0,call,2026-09-30,0.0958904109589041,764.260009765625,136.76999999999998,0.02573663815164152,0.3379673352203524,-0.19318823880122962
631.0,134.02,137.54,0.45898978515625005,794,58.0,call,2026-09-30,0.0958904109589041,764.260009765625,135.78,0.025924289291500823,0.3360569650236811,-0.19160219564559478
632.0,133.24,136.66,0.45941702697753906,149,20.0,call,2026-09-30,0.0958904109589041,764.260009765625,134.95,0.025342719525750186,0.34424465793620046,-0.19001866403995046
633.0,132.24,135.77,0.4594780615234375,342,80.0,call,2026-09-30,0.0958904109589041,764.260009765625,134.005,0.02634230066042313,0.3448848758053809,-0.18843763604263178
634.0,131.05,134.57,0.45111632873535157,129,46.0,call,2026-09-30,0.0958904109589041,764.260009765625,132.81,0.026504028311121013,0.3303017535482905,-0.186859103749582
635.0,130.1,133.58,0.4484918432617187,897,198.0,call,2026-09-30,0.0958904109589041,764.260009765625,131.84,0.026395631067961303,0.32965929273895317,-0.18528305929411634
636.0,129.06,132.59,0.4458368405151367,124,14.0,call,2026-09-30,0.0958904109589041,764.260009765625,130.825,0.026982610357347614,0.3261244295864795,-0.1837094948466858
637.0,128.28,131.46,0.4393976959228516,221,138.0,call,2026-09-30,0.0958904109589041,764.260009765625,129.87,0.02448602448602454,0.3263951472421973,-0.18213840261464456
638.0,127.1,130.6,0.44031321411132807,284,203.0,call,2026-09-30,0.0958904109589041,764.260009765625,128.85,0.027163368257663953,0.32257270422302725,-0.1805697748420181
639.0,126.09,129.61,0.43765821136474614,567,22.0,call,2026-09-30,0.0958904109589041,764.260009765625,127.85000000000001,0.02753226437231138,0.32000607448790225,-0.17900360380927313
640.0,125.31,128.62,0.4350032086181641,1014,1.0,call,2026-09-30,0.0958904109589041,764.260009765625,126.965,0.026070176820383588,0.3243743823588211,-0.17743988183309048
641.0,124.11,127.63,0.43237872314453124,343,198.0,call,2026-09-30,0.0958904109589041,764.260009765625,125.87,0.027965361086835592,0.3161219519571416,-0.1758786012661379
642.0,123.12,126.64,0.4297542376708985,301,204.0,call,2026-09-30,0.0958904109589041,764.260009765625,124.88,0.028187059577194074,0.3141740240358961,-0.17431975449684672
643.0,122.18,125.65,0.42709923492431645,144,24.0,call,2026-09-30,0.0958904109589041,764.260009765625,123.915,0.028003066618246367,0.3137193418561431,-0.1727633339491886
644.0,121.16,124.67,0.4246883703613281,214,2.0,call,2026-09-30,0.0958904109589041,764.260009765625,122.91499999999999,0.028556319407720826,0.31115923734234463,-0.1712093320824543
645.0,120.4,123.67,0.4218197467041016,608,248.0,call,2026-09-30,0.0958904109589041,764.260009765625,122.035,0.02679559142868846,0.315441983164728,-0.1696577413910354
646.0,119.37,122.8,0.4222469885253906,26,4.0,call,2026-09-30,0.0958904109589041,764.260009765625,121.08500000000001,0.028327208159557273,0.3155745917193616,-0.1681085544042061
647.0,118.46,121.69,0.4165097412109374,203,4.0,call,2026-09-30,0.0958904109589041,764.260009765625,120.07499999999999,0.026899854257755606,0.3124595017021488,-0.16656176368590736
650.0,115.84,118.73,0.40881938842773435,1403,1.0,call,2026-09-30,0.0958904109589041,764.260009765625,117.285,0.024640832160975408,0.3153084911887626,-0.1619356952971251
651.0,114.22,117.74,0.4061338684082031,109,204.0,call,2026-09-30,0.0958904109589041,764.260009765625,115.97999999999999,0.03035006035523363,0.2970269896533006,-0.16039841597823873
653.0,112.45,115.76,0.400823862915039,27,4.0,call,2026-09-30,0.0958904109589041,764.260009765625,114.105,0.029008369484246985,0.2986123940459533,-0.15733092891037695
654.0,111.43,114.77,0.3981688601684571,17,4.0,call,2026-09-30,0.0958904109589041,764.260009765625,113.1,0.029531388152077714,0.2957927001852858,-0.15580070672960925
655.0,110.44,113.64,0.39206540557861325,229,2.0,call,2026-09-30,0.0958904109589041,764.260009765625,112.03999999999999,0.02856122813280974,0.29010418869086774,-0.154272822551556
656.0,109.34,112.81,0.39331661376953125,53,1.0,call,2026-09-30,0.0958904109589041,764.260009765625,111.075,0.031240153049741155,0.2893920578215683,-0.15274726924271895
657.0,107.77,110.55,0.35785554260253905,10,1.0,call,2026-09-30,0.0958904109589041,764.260009765625,109.16,0.025467204104067435,0.21025819903289586,-0.15122403970219742
659.0,105.79,108.58,0.35315588256835934,49,1.0,call,2026-09-30,0.0958904109589041,764.260009765625,107.185,0.026029761627093268,0.20961062138603118,-0.14818452368430074
660.0,105.41,108.86,0.3828797064208984,554,5.0,call,2026-09-30,0.0958904109589041,764.260009765625,107.13499999999999,0.032202361506510506,0.2822347953528985,-0.14666822316633668
661.0,103.82,106.61,0.3484562225341796,15,1.0,call,2026-09-30,0.0958904109589041,764.260009765625,105.215,0.026517131587701432,0.20944476214226548,-0.1451542183351217
662.0,102.84,105.63,0.3462589788818359,15,1.0,call,2026-09-30,0.0958904109589041,764.260009765625,104.235,0.02676644121456317,0.20994410031489233,-0.14364250224979974
663.0,102.55,106.46,0.3877624700927734,120,102.0,call,2026-09-30,0.0958904109589041,764.260009765625,104.505,0.037414477776182925,0.29121891014536117,-0.14213306800094538
664.0,101.59,104.79,0.369574175415039,241,256.0,call,2026-09-30,0.0958904109589041,764.260009765625,103.19,0.03101075685628455,0.2747014425411221,-0.14062590871037411
665.0,100.64,104.14,0.37470107727050783,188,172.0,call,2026-09-30,0.0958904109589041,764.260009765625,102.39,0.03418302568610216,0.2811558657568756,-0.1391210175309538
666.0,99.85,102.94,0.367193828125,66,72.0,call,2026-09-30,0.0958904109589041,764.260009765625,101.395,0.030474875486956984,0.27878620242875596,-0.13761838764641887
667.0,98.44,101.96,0.36475244628906256,97,2.0,call,2026-09-30,0.0958904109589041,764.260009765625,100.19999999999999,0.03512974051896204,0.2675344017140325,-0.13611801227118422
668.0,97.69,101.13,0.3656069299316406,125,7.0,call,2026-09-30,0.0958904109589041,764.260009765625,99.41,0.034604164570968696,0.2742580219162876,-0.13461988465016217
669.0,96.66,99.89,0.3573062316894531,273,2.0,call,2026-09-30,0.0958904109589041,764.260009765625,98.275,0.03286695497328928,0.26584873737559134,-0.13312399805857952
670.0,95.5,99.01,0.3570620935058594,2742,7.0,call,2026-09-30,0.0958904109589041,764.260009765625,97.255,0.0360906894247083,0.2624081292886731,-0.1316303458017962
671.0,94.02,96.79,0.3254767160034179,67,1.0,call,2026-09-30,0.0958904109589041,764.260009765625,95.405,0.029034117708715584,0.20796318531837096,-0.1301389212151262
672.0,93.53,97.05,0.3520877780151367,35,3.0,call,2026-09-30,0.0958904109589041,764.260009765625,95.28999999999999,0.036939867772064185,0.25885751903551113,-0.1286497176636584
673.0,92.06,94.83,0.32089912506103513,34,1.0,call,2026-09-30,0.0958904109589041,764.260009765625,93.445,0.029643105570121422,0.20688300866640372,-0.1271627285420801
674.0,91.08,93.85,0.3186103295898437,53,3.0,call,2026-09-30,0.0958904109589041,764.260009765625,92.465,0.029957281133401785,0.2062494918958572,-0.12567794727450096
675.0,90.77,94.15,0.34540449523925776,433,9.0,call,2026-09-30,0.0958904109589041,764.260009765625,92.46000000000001,0.03655634869132608,0.2582588141314406,-0.12419536731427812
676.0,89.78,93.11,0.3416203533935547,42,1.0,call,2026-09-30,0.0958904109589041,764.260009765625,91.445,0.036415331620099495,0.2550852643852126,-0.1227149821438438
677.0,88.22,90.91,0.31165239135742184,274,9.0,call,2026-09-30,0.0958904109589041,764.260009765625,89.565,0.03003405348071231,0.20704326566105927,-0.12123678527453298
678.0,87.82,91.11,0.33570000244140624,29,1.0,call,2026-09-30,0.0958904109589041,764.260009765625,89.465,0.03677415749175662,0.2507351257738346,-0.11976077024641235
679.0,86.18,88.97,0.3074715249633788,89,1.0,call,2026-09-30,0.0958904109589041,764.260009765625,87.575,0.03185840707964593,0.2030168876984931,-0.11828693062811187
680.0,85.87,89.08,0.3291693060302734,1453,30.0,call,2026-09-30,0.0958904109589041,764.260009765625,87.475,0.03669619891397535,0.24598364055467975,-0.11681526001665557
681.0,84.93,88.13,0.3272772351074219,41,1.0,call,2026-09-30,0.0958904109589041,764.260009765625,86.53,0.036981393736276305,0.24551067324233045,-0.11534575203729554
682.0,83.72,87.06,0.3228827478027343,141,1.0,call,2026-09-30,0.0958904109589041,764.260009765625,85.39,0.03911465042745056,0.23753513759655528,-0.11387840034334587
683.0,82.93,86.38,0.3264532687377929,155,1.0,call,2026-09-30,0.0958904109589041,764.260009765625,84.655,0.04075364715610405,0.2449153134025387,-0.11241319861601787
684.0,82.35,85.01,0.31592480957031244,59,4.0,call,2026-09-30,0.0958904109589041,764.260009765625,83.68,0.03178776290630988,0.2431982490582426,-0.11095014056425755
685.0,81.04,84.2,0.31687084503173824,573,1.0,call,2026-09-30,0.0958904109589041,764.260009765625,82.62,0.03824739772452186,0.2384723497106108,-0.10948921992458267
686.0,80.0,83.37,0.3172980868530273,104,3.0,call,2026-09-30,0.0958904109589041,764.260009765625,81.685,0.041256044561425044,0.238164594223546,-0.10803043046092269
687.0,78.91,82.23,0.31153032226562494,194,1.0,call,2026-09-30,0.0958904109589041,764.260009765625,80.57,0.041206404368871886,0.231510123575168,-0.10657376596445864
688.0,78.06,81.31,0.31012652770996096,84,1.0,call,2026-09-30,0.0958904109589041,764.260009765625,79.685,0.04078559327351446,0.23295986882820738,-0.10511922025346428
689.0,77.06,80.41,0.3090889404296875,168,3.0,call,2026-09-30,0.0958904109589041,764.260009765625,78.735,0.04254778688004057,0.23205241557176398,-0.10366678717314944
690.0,76.08,79.3,0.3039620385742187,802,2.0,call,2026-09-30,0.0958904109589041,764.260009765625,77.69,0.041446775646801375,0.2279289912394903,-0.10221646059550289
691.0,75.08,78.44,0.3036568658447265,311,3.0,call,2026-09-30,0.0958904109589041,764.260009765625,76.75999999999999,0.04377279833246482,0.22766015265279818,-0.10076823441913801
692.0,73.55,76.34,0.2787242538452148,10,10.0,call,2026-09-30,0.0958904109589041,764.260009765625,74.945,0.037227300020014766,0.19344078879218107,-0.09932210256913843
695.0,71.39,74.56,0.29386082122802726,748,3.0,call,2026-09-30,0.0958904109589041,764.260009765625,72.975,0.043439534087016125,0.22390052927558582,-0.09499621262201584
698.0,68.6,71.58,0.2851328811645507,22,6.0,call,2026-09-30,0.0958904109589041,764.260009765625,70.09,0.042516764160365296,0.2192919948666891,-0.09068895542443547
700.0,66.42,69.67,0.28064684204101553,1888,7.0,call,2026-09-30,0.0958904109589041,764.260009765625,68.045,0.04776251010360791,0.2126572175944923,-0.08782772314340331
702.0,64.79,67.64,0.27399407653808594,47,1.0,call,2026-09-30,0.0958904109589041,764.260009765625,66.215,0.043041606886657015,0.212028622362005,-0.08497465416099689
705.0,61.58,64.69,0.2656628610229492,956,1.0,call,2026-09-30,0.0958904109589041,764.260009765625,63.135,0.04925952324384255,0.20177629594897503,-0.08071025537453934
710.0,56.92,59.98,0.2550428500366212,970,2.0,call,2026-09-30,0.0958904109589041,764.260009765625,58.45,0.05235243798118041,0.19625015813191285,-0.07364308815144689
711.0,56.13,59.04,0.25287612365722656,16,1.0,call,2026-09-30,0.0958904109589041,764.260009765625,57.585,0.05053399322740291,0.19671405847939027,-0.07223562838356708
715.0,52.25,55.24,0.24341576904296874,1978,4.0,call,2026-09-30,0.0958904109589041,764.260009765625,53.745000000000005,0.055633082147176514,0.18916429155560752,-0.06662551549280035
716.0,51.47,54.25,0.24036404174804685,44,21.0,call,2026-09-30,0.0958904109589041,764.260009765625,52.86,0.05259175179720017,0.188849735892608,-0.06522789122616234
718.0,49.59,52.35,0.23548127807617186,118,167.0,call,2026-09-30,0.0958904109589041,764.260009765625,50.97,0.0541494997057092,0.1854705909416043,-0.062438489138583804
720.0,47.62,50.45,0.23053747985839845,1703,1.0,call,2026-09-30,0.0958904109589041,764.260009765625,49.035,0.05771387784235761,0.18104739585952717,-0.0596568461767069
721.0,47.71,49.45,0.227272131652832,26,1.0,call,2026-09-30,0.0958904109589041,764.260009765625,48.58,0.03581720872787159,0.18879242213343583,-0.05826892090185889
722.0,46.81,48.48,0.22443402526855466,40,1.0,call,2026-09-30,0.0958904109589041,764.260009765625,47.644999999999996,0.03505089726099265,0.187016538847675,-0.05688291929398169
724.0,44.95,46.72,0.2213822979736328,24,5.0,call,2026-09-30,0.0958904109589041,764.260009765625,45.835,0.038616777571724575,0.1844426562740359,-0.05411666580109158
725.0,44.05,45.71,0.21790332885742186,1953,2.0,call,2026-09-30,0.0958904109589041,764.260009765625,44.879999999999995,0.03698752228164001,0.18219422668765076,-0.05273640333213312
726.0,43.14,44.85,0.21656056884765623,51,3.0,call,2026-09-30,0.0958904109589041,764.260009765625,43.995000000000005,0.038868053187862274,0.18114319894513664,-0.051358043362011885
727.0,42.25,43.92,0.21418022155761718,32,6.0,call,2026-09-30,0.0958904109589041,764.260009765625,43.085,0.038760589532319874,0.17960248429162382,-0.04998158065328856
728.0,41.36,42.94,0.21109797698974608,26,3.0,call,2026-09-30,0.0958904109589041,764.260009765625,42.15,0.03748517200474492,0.1775939761731993,-0.04860700999012203
729.0,40.43,42.51,0.21555349884033204,11,1.0,call,2026-09-30,0.0958904109589041,764.260009765625,41.47,0.05015673981191219,0.17975189643871908,-0.04723432617814981
730.0,39.52,41.23,0.2082751292419433,5302,5.0,call,2026-09-30,0.0958904109589041,764.260009765625,40.375,0.042352941176470434,0.17502897071641133,-0.04586352404437109
731.0,38.67,40.26,0.20523866058349605,81,12.0,call,2026-09-30,0.0958904109589041,764.260009765625,39.465,0.040288863549980895,0.17329947313083,-0.04449459843702948
732.0,37.76,39.32,0.2025683992004394,356,6.0,call,2026-09-30,0.0958904109589041,764.260009765625,38.54,0.040477426050856316,0.17128777529555744,-0.043127544225496375
733.0,35.83,37.32,0.18552450225830075,220,1.0,call,2026-09-30,0.0958904109589041,764.260009765625,36.575,0.040738209159261844,0.15236501514064182,-0.04176235630015651
734.0,36.12,36.44,0.18375450042724606,59,6.0,call,2026-09-30,0.0958904109589041,764.260009765625,36.28,0.008820286659316435,0.16075806483405727,-0.04039902957229238
735.0,35.12,35.46,0.18061122131347657,745,2.0,call,2026-09-30,0.0958904109589041,764.260009765625,35.29,0.00963445735335799,0.15770698310121353,-0.03903755897397124
736.0,34.35,35.8,0.1947407186889648,235,5.0,call,2026-09-30,0.0958904109589041,764.260009765625,35.075,0.04133998574483238,0.1663472466691575,-0.03767793945793175
737.0,33.41,34.89,0.19228407821655275,82,12.0,call,2026-09-30,0.0958904109589041,764.260009765625,34.15,0.043338213762811245,0.16409527427991136,-0.036320165997471336
738.0,32.53,32.84,0.17517914672851562,186,5.0,call,2026-09-30,0.0958904109589041,764.260009765625,32.685,0.009484472999847093,0.1539268816015797,-0.0349642335863354
739.0,31.66,33.12,0.1878895909118652,133,7.0,call,2026-09-30,0.0958904109589041,764.260009765625,32.39,0.045075640629823936,0.16074818585680903,-0.033610137238606196
740.0,30.81,32.31,0.18656208953857423,1458,20.0,call,2026-09-30,0.0958904109589041,764.260009765625,31.560000000000002,0.04752851711026627,0.15968390357485662,-0.032257871988592486
741.0,29.99,31.49,0.18503622589111324,33,2.0,call,2026-09-30,0.0958904109589041,764.260009765625,30.74,0.048796356538711776,0.15867752285502548,-0.030907432890721107
742.0,29.15,30.66,0.1833119999694824,221,16.0,call,2026-09-30,0.0958904109589041,764.260009765625,29.905,0.05049322855709753,0.15738740537336338,-0.0295588150194275
743.0,27.39,28.62,0.16689370712280277,246,3.0,call,2026-09-30,0.0958904109589041,764.260009765625,28.005000000000003,0.04392072844134977,0.14161136933384014,-0.028212013469048742
744.0,27.48,28.8,0.17733061447143555,219,8.0,call,2026-09-30,0.0958904109589041,764.260009765625,28.14,0.04690831556503199,0.1533412151503224,-0.02686702335371611
745.0,26.72,26.99,0.1638267211914063,3462,41.0,call,2026-09-30,0.0958904109589041,764.260009765625,26.854999999999997,0.010053993669707675,0.14599356238397296,-0.025523839807248417
746.0,25.88,26.14,0.16178206390380856,117,3.0,call,2026-09-30,0.0958904109589041,764.260009765625,26.009999999999998,0.009996155324875109,0.14437962772812055,-0.02418245798304715
747.0,25.07,25.33,0.16013413116455077,203,1.0,call,2026-09-30,0.0958904109589041,764.260009765625,25.2,0.01031746031746024,0.14313632534961712,-0.022842873053990652
748.0,24.27,24.54,0.15863878479003907,242,11.0,call,2026-09-30,0.0958904109589041,764.260009765625,24.405,0.011063306699446817,0.14199322939597653,-0.02150508021233067
749.0,23.51,24.93,0.17051000396728522,184,1.0,call,2026-09-30,0.0958904109589041,764.260009765625,24.22,0.05862923203963659,0.14823132418677315,-0.020169074669588505
750.0,22.87,23.06,0.1565483515930176,3663,168.0,call,2026-09-30,0.0958904109589041,764.260009765625,22.965,0.008273459612453635,0.14125170853699995,-0.018834851656451816
751.0,21.95,22.21,0.15413748703002933,497,1.0,call,2026-09-30,0.0958904109589041,764.260009765625,22.08,0.011775362318840651,0.13872971321024422,-0.01750240642267315
752.0,21.18,21.42,0.1523217092895508,473,2.0,call,2026-09-30,0.0958904109589041,764.260009765625,21.3,0.01126760563380291,0.13738635000123298,-0.01617173423696814
753.0,20.42,21.77,0.16297223754882814,345,1.0,call,2026-09-30,0.0958904109589041,764.260009765625,21.095,0.06399620763214021,0.1426415879634439,-0.014842830386914344
754.0,19.71,19.93,0.149422568359375,377,3.0,call,2026-09-30,0.0958904109589041,764.260009765625,19.82,0.01109989909182638,0.1353343230507471,-0.013515690178851918
755.0,18.98,19.19,0.14789670471191407,3246,2.0,call,2026-09-30,0.0958904109589041,764.260009765625,19.085,0.011003405816085976,0.13420401804852314,-0.012190308937783244
756.0,18.26,18.47,0.14646239288330076,1021,2.0,call,2026-09-30,0.0958904109589041,764.260009765625,18.365000000000002,0.011434794445956836,0.13313428177597628,-0.010866682007274905
757.0,17.64,17.86,0.14614196151733394,283,2.0,call,2026-09-30,0.0958904109589041,764.260009765625,17.75,0.012394366197183034,0.13312505799630425,-0.009544804749359197
758.0,16.84,17.06,0.14365480377197265,133,1.0,call,2026-09-30,0.0958904109589041,764.260009765625,16.95,0.012979351032448311,0.13093344869488213,-0.008224672544436273
759.0,16.24,16.47,0.14331911376953127,719,1.0,call,2026-09-30,0.0958904109589041,764.260009765625,16.354999999999997,0.01406297768266588,0.1308937856183593,-0.006906280791178072
760.0,15.54,15.7,0.14096928375244144,1667,3.0,call,2026-09-30,0.0958904109589041,764.260009765625,15.62,0.010243277848911662,0.12919309733410367,-0.005589624906431192
761.0,14.84,15.04,0.139657041015625,1609,79.0,call,2026-09-30,0.0958904109589041,764.260009765625,14.94,0.013386880856760328,0.12797338556910526,-0.004274700325122075
762.0,14.19,14.4,0.13843635009765626,967,1.0,call,2026-09-30,0.0958904109589041,764.260009765625,14.295,0.014690451206715695,0.12700593897636905,-0.002961502500161706
763.0,13.69,13.73,0.13678841735839847,186,2.0,call,2026-09-30,0.0958904109589041,764.260009765625,13.71,0.002917578409919834,0.12655050096284115,-0.0016500269023509311
764.0,13.06,13.1,0.13544565734863284,372,30.0,call,2026-09-30,0.0958904109589041,764.260009765625,13.08,0.003058103975535103,0.1254784919987677,-0.0003402690202875131
765.0,12.44,12.48,0.13407238006591798,2609,135.0,call,2026-09-30,0.0958904109589041,764.260009765625,12.46,0.003210272873194295,0.1243780955370157,0.0009677756397279868
766.0,11.87,11.91,0.13309582733154296,567,63.0,call,2026-09-30,0.0958904109589041,764.260009765625,11.89,0.0033641715727502877,0.12367030473228094,0.0022741115537833804
767.0,11.28,11.32,0.13176832595825194,350,13.0,call,2026-09-30,0.0958904109589041,764.260009765625,11.3,0.003539823008849639,0.12260850273242528,0.0035787431804482
768.0,10.73,10.77,0.13073073867797852,259,1.0,call,2026-09-30,0.0958904109589041,764.260009765625,10.75,0.0037209302325580604,0.12182647648703723,0.004881674960864112
769.0,10.19,10.22,0.12955582366943358,585,21.0,call,2026-09-30,0.0958904109589041,764.260009765625,10.205,0.0029397354238119683,0.12095034456946348,0.006182911318836073
770.0,9.67,9.71,0.12867082275390623,2133,141.0,call,2026-09-30,0.0958904109589041,764.260009765625,9.690000000000001,0.004127966976264285,0.12024355225482887,0.007482456660921564
771.0,9.16,9.19,0.12751116638183596,241,12.0,call,2026-09-30,0.0958904109589041,764.260009765625,9.175,0.0032697547683923005,0.11938457851888408,0.008780315376521453
772.0,8.66,8.7,0.12653461364746094,911,338.0,call,2026-09-30,0.0958904109589041,764.260009765625,8.68,0.004608294930875478,0.11858454537489801,0.010076491837968287
773.0,8.19,8.23,0.12563435409545898,723,34.0,call,2026-09-30,0.0958904109589041,764.260009765625,8.21,0.0048721071863582115,0.11789685580279019,0.01137099040061401
774.0,7.73,7.76,0.12458150817871094,337,75.0,call,2026-09-30,0.0958904109589041,764.260009765625,7.745,0.003873466752743623,0.11710382483209825,0.012663815402919098
775.0,7.3,7.33,0.12378805908203125,3836,22.0,call,2026-09-30,0.0958904109589041,764.260009765625,7.3149999999999995,0.004101161995898872,0.11653286718687864,0.013954971166539128
776.0,6.87,6.9,0.12287254089355469,736,41.0,call,2026-09-30,0.0958904109589041,764.260009765625,6.885,0.00435729847494557,0.11579898857221103,0.015244461996410816
777.0,6.45,6.48,0.1218807295227051,638,149.0,call,2026-09-30,0.0958904109589041,764.260009765625,6.465,0.004640371229698415,0.11500889284289192,0.01653229218083944
778.0,6.07,6.1,0.12119409088134765,1090,74.0,call,2026-09-30,0.0958904109589041,764.260009765625,6.085,0.0049301561216104125,0.11450463584991241,0.01781846599158375
779.0,5.69,5.73,0.12044641769409178,765,7.0,call,2026-09-30,0.0958904109589041,764.260009765625,5.710000000000001,0.007005253940455347,0.11389052304225039,0.019102987683940347
780.0,5.3,5.38,0.11979029632568358,3497,229.0,call,2026-09-30,0.0958904109589041,764.260009765625,5.34,0.014981273408239714,0.11316145697843534,0.020385861496829437
781.0,5.0,5.03,0.11895107131958008,789,4.0,call,2026-09-30,0.0958904109589041,764.260009765625,5.015000000000001,0.005982053838484595,0.11279714767608888,0.021667091652877914
782.0,4.67,4.7,0.11818813949584961,630,3.0,call,2026-09-30,0.0958904109589041,764.260009765625,4.6850000000000005,0.006403415154749252,0.1122014892526416,0.02294668235850318
783.0,4.3,4.4,0.11762356994628906,568,50.0,call,2026-09-30,0.0958904109589041,764.260009765625,4.35,0.02298850574712656,0.11136046441907943,0.024224637803995135
784.0,4.06,4.09,0.11676908630371094,766,4.0,call,2026-09-30,0.0958904109589041,764.260009765625,4.074999999999999,0.0073619631901841115,0.11110382144898755,0.025500962163599816
785.0,3.79,3.82,0.11628080993652344,1406,57.0,call,2026-09-30,0.0958904109589041,764.260009765625,3.8049999999999997,0.00788436268068326,0.11074451808360651,0.026775659595600552
786.0,3.51,3.54,0.11545684356689453,21156,104.0,call,2026-09-30,0.0958904109589041,764.260009765625,3.525,0.008510638297872412,0.11007130559436365,0.028048734242398597
787.0,3.27,3.29,0.11487701538085937,407,1.0,call,2026-09-30,0.0958904109589041,764.260009765625,3.2800000000000002,0.006097560975609761,0.10969668476479978,0.029320190230595213
788.0,3.03,3.06,0.11441925628662111,621,111.0,call,2026-09-30,0.0958904109589041,764.260009765625,3.045,0.009852216748768555,0.10928708960807983,0.03059003167107126
789.0,2.81,2.84,0.11390046264648437,1143,4.0,call,2026-09-30,0.0958904109589041,764.260009765625,2.825,0.010619469026548603,0.10891892254127412,0.031858262659066314
790.0,2.61,2.63,0.11341218627929686,6836,272.0,call,2026-09-30,0.0958904109589041,764.260009765625,2.62,0.007633587786259549,0.10860127610834154,0.033124887274259184
791.0,2.4,2.43,0.11286287536621094,664,70.0,call,2026-09-30,0.0958904109589041,764.260009765625,2.415,0.012422360248447308,0.10810125673071685,0.03438990958084603
792.0,2.23,2.25,0.11246615081787109,536,22.0,call,2026-09-30,0.0958904109589041,764.260009765625,2.24,0.008928571428571435,0.10790960687627321,0.03565333362761794
793.0,2.01,2.09,0.11225252990722655,350,42.0,call,2026-09-30,0.0958904109589041,764.260009765625,2.05,0.039024390243902474,0.10727874269633512,0.03691516344804001
794.0,1.9,1.92,0.11170321899414062,2318,135.0,call,2026-09-30,0.0958904109589041,764.260009765625,1.91,0.010471204188481685,0.10735122051840457,0.03817540306032768
795.0,1.75,1.77,0.11133701171874999,2140,89.0,call,2026-09-30,0.0958904109589041,764.260009765625,1.76,0.011363636363636374,0.10707816077529941,0.039434056467524
796.0,1.56,1.64,0.11115390808105467,424,15.0,call,2026-09-30,0.0958904109589041,764.260009765625,1.6,0.049999999999999906,0.10641847656921292,0.04069112765757505
797.0,1.47,1.49,0.11042149353027343,473,19.0,call,2026-09-30,0.0958904109589041,764.260009765625,1.48,0.013513513513513526,0.10637513209088481,0.04194662060340701
798.0,1.31,1.38,0.11036045898437499,373,67.0,call,2026-09-30,0.0958904109589041,764.260009765625,1.345,0.05204460966542739,0.10583437399390258,0.04320053926300089
799.0,1.24,1.26,0.1098721826171875,593,59.0,call,2026-09-30,0.0958904109589041,764.260009765625,1.25,0.016000000000000014,0.10600544203762509,0.04445288757946672
800.0,1.14,1.16,0.1097195962524414,50235,191.0,call,2026-09-30,0.0958904109589041,764.260009765625,1.15,0.017391304347826105,0.10591000122964687,0.045703669481119286
801.0,1.04,1.07,0.10962804443359375,579,4.0,call,2026-09-30,0.0958904109589041,764.260009765625,1.0550000000000002,0.02843601895734599,0.10577070225227087,0.04695288888155136
802.0,0.92,0.98,0.10938390625,851,29.0,call,2026-09-30,0.0958904109589041,764.260009765625,0.95,0.06315789473684205,0.10518135213030749,0.048200549679706564
803.0,0.87,0.89,0.10895666442871094,2362,51.0,call,2026-09-30,0.0958904109589041,764.260009765625,0.88,0.02272727272727275,0.10536811959319553,0.04944665575995368
804.0,0.8,0.82,0.10895666442871094,503,7.0,call,2026-09-30,0.0958904109589041,764.260009765625,0.81,0.024691358024691242,0.10541362799980492,0.05069121099215852
805.0,0.73,0.75,0.10877356079101563,4645,37.0,call,2026-09-30,0.0958904109589041,764.260009765625,0.74,0.027027027027027053,0.10530242657834718,0.05193421923175546
806.0,0.67,0.68,0.108407353515625,916,38.0,call,2026-09-30,0.0958904109589041,764.260009765625,0.675,0.014814814814814828,0.10518561930197104,0.05317568431982032
807.0,0.62,0.63,0.10859045715332032,1541,54.0,call,2026-09-30,0.0958904109589041,764.260009765625,0.625,0.016000000000000014,0.10543370451718438,0.054415610083140754
808.0,0.56,0.57,0.10828528442382812,278,94.0,call,2026-09-30,0.0958904109589041,764.260009765625,0.565,0.017699115044247607,0.10516857633346308,0.05565400033428748
809.0,0.52,0.53,0.10859045715332032,375,90.0,call,2026-09-30,0.0958904109589041,764.260009765625,0.525,0.019047619047619063,0.10552179378750924,0.05689085887168373
810.0,0.47,0.49,0.10877356079101563,5042,225.0,call,2026-09-30,0.0958904109589041,764.260009765625,0.48,0.041666666666666706,0.10554360328992801,0.058126189479676425
811.0,0.43,0.44,0.108407353515625,633,5.0,call,2026-09-30,0.0958904109589041,764.260009765625,0.435,0.022988505747126457,0.1054075057011271,0.059359995928605046
812.0,0.4,0.42,0.10926183715820312,851,172.0,call,2026-09-30,0.0958904109589041,764.260009765625,0.41000000000000003,0.04878048780487795,0.10606905527429097,0.06059228197487001
813.0,0.37,0.38,0.10901769897460936,540,360.0,call,2026-09-30,0.0958904109589041,764.260009765625,0.375,0.02666666666666669,0.10614114756374378,0.061823051361002586
814.0,0.34,0.35,0.10913976806640624,949,313.0,call,2026-09-30,0.0958904109589041,764.260009765625,0.345,0.02898550724637668,0.10633874539545767,0.06305230781573244
815.0,0.31,0.32,0.10926183715820312,1632,108.0,call,2026-09-30,0.0958904109589041,764.260009765625,0.315,0.03174603174603177,0.1064056807260892,0.06428005505405478
816.0,0.29,0.3,0.10975011352539063,374,1.0,call,2026-09-30,0.0958904109589041,764.260009765625,0.295,0.0338983050847458,0.10694507045362016,0.06550629677729902
817.0,0.26,0.27,0.10950597534179687,272,72.0,call,2026-09-30,0.0958904109589041,764.260009765625,0.265,0.03773584905660381,0.10674241946023265,0.06673103667319483
818.0,0.25,0.26,0.11048252807617187,121,14.0,call,2026-09-30,0.0958904109589041,764.260009765625,0.255,0.03921568627450984,0.10775809251984474,0.06795427841593915
819.0,0.22,0.23,0.1098721826171875,1905,131.0,call,2026-09-30,0.0958904109589041,764.260009765625,0.225,0.04444444444444448,0.10727145626512474,0.06917602566626145
820.0,0.21,0.22,0.11084873535156249,2866,120.0,call,2026-09-30,0.0958904109589041,764.260009765625,0.215,0.046511627906976785,0.10815099081867356,0.07039628207149076
821.0,0.19,0.2,0.11084873535156249,710,23.0,call,2026-09-30,0.0958904109589041,764.260009765625,0.195,0.05128205128205133,0.1081557048593344,0.07161505126562033
822.0,0.18,0.19,0.11158114990234375,114,126.0,call,2026-09-30,0.0958904109589041,764.260009765625,0.185,0.054054054054054106,0.10890290208620629,0.07283233686937196
823.0,0.17,0.19,0.11304597900390626,74,2.0,call,2026-09-30,0.0958904109589041,764.260009765625,0.18,0.11111111111111106,0.11005191865040403,0.07404814249026179
824.0,0.16,0.17,0.1128018408203125,1980,9.0,call,2026-09-30,0.0958904109589041,764.260009765625,0.165,0.060606060606060656,0.11022714374429746,0.07526247172266383
825.0,0.15,0.17,0.11426666992187501,33703,8.0,call,2026-09-30,0.0958904109589041,764.260009765625,0.16,0.1250000000000001,0.11130023386169327,0.07647532814787304
826.0,0.14,0.15,0.1137783935546875,29,4.0,call,2026-09-30,0.0958904109589041,764.260009765625,0.14500000000000002,0.06896551724137917,0.11129357009414982,0.07768671533417006
827.0,0.14,0.15,0.11536529174804688,127,1.0,call,2026-09-30,0.0958904109589041,764.260009765625,0.14500000000000002,0.06896551724137917,0.11282999424095631,0.07889663683688346
828.0,0.13,0.14,0.1157314990234375,1106,5.0,call,2026-09-30,0.0958904109589041,764.260009765625,0.135,0.07407407407407414,0.11323534190062279,0.08010509619845177
829.0,0.12,0.13,0.11597563720703125,389,63.0,call,2026-09-30,0.0958904109589041,764.260009765625,0.125,0.08000000000000007,0.11355533551571305,0.08131209694848698
830.0,0.11,0.13,0.11744046630859376,1571,10.0,call,2026-09-30,0.0958904109589041,764.260009765625,0.12,0.1666666666666667,0.11442608101251216,0.08251764260383555
831.0,0.11,0.12,0.1176846044921875,166,8.0,call,2026-09-30,0.0958904109589041,764.260009765625,0.11499999999999999,0.0869565217391304,0.11526178473740269,0.08372173666864029
832.0,0.1,0.12,0.11914943359374999,402,2.0,call,2026-09-30,0.0958904109589041,764.260009765625,0.11,0.18181818181818174,0.11606058383330484,0.08492438263440062
833.0,0.1,0.11,0.11939357177734375,198,3.0,call,2026-09-30,0.0958904109589041,764.260009765625,0.10500000000000001,0.09523809523809518,0.11682037408127546,0.08612558398003466
834.0,0.1,0.11,0.1206142626953125,425,6.0,call,2026-09-30,0.0958904109589041,764.260009765625,0.10500000000000001,0.09523809523809518,0.1182763601447924,0.08732534417193887
835.0,0.09,0.1,0.1206142626953125,964,1.0,call,2026-09-30,0.0958904109589041,764.260009765625,0.095,0.10526315789473693,0.11821299652899188,0.08852366666404753
836.0,0.09,0.1,0.12207909179687501,50,2.0,call,2026-09-30,0.0958904109589041,764.260009765625,0.095,0.10526315789473693,0.11964673220875585,0.08972055489789361
837.0,0.09,0.1,0.1235439208984375,365,6.0,call,2026-09-30,0.0958904109589041,764.260009765625,0.095,0.10526315789473693,0.12107661472143927,0.09091601230266745
838.0,0.08,0.09,0.12329978271484376,725,5.0,call,2026-09-30,0.0958904109589041,764.260009765625,0.08499999999999999,0.11764705882352937,0.12082670317660305,0.0921100422952751
839.0,0.08,0.09,0.12476461181640625,686,1.0,call,2026-09-30,0.0958904109589041,764.260009765625,0.08499999999999999,0.11764705882352937,0.12223378053243797,0.09330264828039818
840.0,0.07,0.09,0.125985302734375,675,2.0,call,2026-09-30,0.0958904109589041,764.260009765625,0.08,0.24999999999999986,0.12273099519132373,0.09449383365055145
841.0,0.07,0.08,0.12549702636718751,97,12.0,call,2026-09-30,0.0958904109589041,764.260009765625,0.07500000000000001,0.13333333333333325,0.12316743176253135,0.09568360178614013
842.0,0.07,0.08,0.12696185546875,330,1.0,call,2026-09-30,0.0958904109589041,764.260009765625,0.07500000000000001,0.13333333333333325,0.12454723374398408,0.09687195605551874
843.0,0.07,0.08,0.12842668457031248,708,14.0,call,2026-09-30,0.0958904109589041,764.260009765625,0.07500000000000001,0.13333333333333325,0.125923579829243,0.09805889981504741
845.0,0.06,0.07,0.1289149609375,449,3.0,call,2026-09-30,0.0958904109589041,764.260009765625,0.065,0.15384615384615397,0.1265389292081954,0.10042856917036588
846.0,0.06,0.07,0.13037979003906247,34,3.0,call,2026-09-30,0.0958904109589041,764.260009765625,0.065,0.15384615384615397,0.1278871998797006,0.10161130141941525
847.0,0.06,0.07,0.131844619140625,638,594.0,call,2026-09-30,0.0958904109589041,764.260009765625,0.065,0.15384615384615397,0.12923223157533825,0.1027926364652465
848.0,0.06,0.07,0.13306531005859373,935,638.0,call,2026-09-30,0.0958904109589041,764.260009765625,0.065,0.15384615384615397,0.13057405623115753,0.10397257760509512
849.0,0.05,0.06,0.131844619140625,177,113.0,call,2026-09-30,0.0958904109589041,764.260009765625,0.055,0.18181818181818174,0.1294571036356306,0.1051511281245393
850.0,0.05,0.06,0.1333094482421875,5688,3.0,call,2026-09-30,0.0958904109589041,764.260009765625,0.055,0.18181818181818174,0.13077273109973567,0.10632829129755426
851.0,0.05,0.06,0.13477427734375003,47,12.0,call,2026-09-30,0.0958904109589041,764.260009765625,0.055,0.18181818181818174,0.1320853231447196,0.1075040703865662
852.0,0.05,0.06,0.13575083007812502,505,1.0,call,2026-09-30,0.0958904109589041,764.260009765625,0.055,0.18181818181818174,0.13339490771641954,0.10867846864250774
853.0,0.05,0.06,0.13721565917968753,29,4.0,call,2026-09-30,0.0958904109589041,764.260009765625,0.055,0.18181818181818174,0.13470151212199807,0.10985148930487126
854.0,0.05,0.06,0.13868048828125001,153,44.0,call,2026-09-30,0.0958904109589041,764.260009765625,0.055,0.18181818181818174,0.13600516305313695,0.11102313560176194
455.0,0.05,0.06,0.56836369140625,148,1.0,put,2026-09-30,0.0958904109589041,764.260009765625,0.055,0.18181818181818174,0.5787431728559874,-0.5186106392358575
460.0,0.05,0.06,0.5566450585937501,344,2.0,put,2026-09-30,0.0958904109589041,764.260009765625,0.055,0.18181818181818174,0.5674146974144672,-0.5076815687036673
465.0,0.05,0.06,0.5449264257812501,262,1.0,put,2026-09-30,0.0958904109589041,764.260009765625,0.055,0.18181818181818174,0.556200717814693,-0.4968706525994517
470.0,0.06,0.07,0.5429733203125001,1823,1.0,put,2026-09-30,0.0958904109589041,764.260009765625,0.065,0.15384615384615397,0.5535677792897035,-0.48617536348270374
475.0,0.06,0.07,0.5312546875,1701,2.0,put,2026-09-30,0.0958904109589041,764.260009765625,0.065,0.15384615384615397,0.542423604204865,-0.4755932541521668
480.0,0.07,0.08,0.5283250292968751,1474,1.0,put,2026-09-30,0.0958904109589041,764.260009765625,0.07500000000000001,0.13333333333333325,0.538651019476055,-0.4651219542848714
485.0,0.07,0.08,0.51758294921875,733,3.0,put,2026-09-30,0.0958904109589041,764.260009765625,0.07500000000000001,0.13333333333333325,0.5275882956201671,-0.4547591672493248
490.0,0.08,0.09,0.5127001855468749,1314,1.0,put,2026-09-30,0.0958904109589041,764.260009765625,0.08499999999999999,0.11764705882352937,0.5229597263391265,-0.44450266708213576
495.0,0.08,0.09,0.5019581054687501,895,20.0,put,2026-09-30,0.0958904109589041,764.260009765625,0.08499999999999999,0.11764705882352937,0.5119854973890483,-0.43435029561811755
500.0,0.09,0.1,0.499028447265625,2950,2.0,put,2026-09-30,0.0958904109589041,764.260009765625,0.095,0.10526315789473693,0.506694270079391,-0.42429995976461615
505.0,0.09,0.1,0.48828636718750007,746,30.0,put,2026-09-30,0.0958904109589041,764.260009765625,0.095,0.10526315789473693,0.4958124893684177,-0.41434962891144805
510.0,0.1,0.11,0.48242705078125003,610,41.0,put,2026-09-30,0.0958904109589041,764.260009765625,0.10500000000000001,0.09523809523809518,0.48999618153031393,-0.40449733246843644
515.0,0.11,0.12,0.47559118164062497,882,1.0,put,2026-09-30,0.0958904109589041,764.260009765625,0.11499999999999999,0.0869565217391304,0.4837516557014716,-0.39474115752307176
520.0,0.11,0.12,0.46484910156250003,1374,3.0,put,2026-09-30,0.0958904109589041,764.260009765625,0.11499999999999999,0.0869565217391304,0.47296845791604036,-0.3850792466113349
525.0,0.12,0.13,0.4585015087890626,909,19.0,put,2026-09-30,0.0958904109589041,764.260009765625,0.125,0.08000000000000007,0.4663734207336824,-0.3755097955951842
530.0,0.13,0.14,0.45166563964843753,1018,23.0,put,2026-09-30,0.0958904109589041,764.260009765625,0.135,0.07407407407407414,0.45947661370619225,-0.3660310516406404
535.0,0.14,0.15,0.44434149414062496,300907,1.0,put,2026-09-30,0.0958904109589041,764.260009765625,0.14500000000000002,0.06896551724137917,0.4523204696386297,-0.3566413112908014
540.0,0.15,0.16,0.4370173486328125,1920,20.0,put,2026-09-30,0.0958904109589041,764.260009765625,0.155,0.06451612903225812,0.4449394592347316,-0.3473389186284879
545.0,0.16,0.17,0.4292049267578125,828,2.0,put,2026-09-30,0.0958904109589041,764.260009765625,0.165,0.060606060606060656,0.437361933794235,-0.3381222635235639
550.0,0.17,0.18,0.42139250488281255,1594,2.0,put,2026-09-30,0.0958904109589041,764.260009765625,0.175,0.05714285714285704,0.42961148388388765,-0.3289897799602914
555.0,0.19,0.2,0.41602146484374997,1115,1.0,put,2026-09-30,0.0958904109589041,764.260009765625,0.195,0.05128205128205133,0.4243099754368858,-0.3199399444403735
560.0,0.2,0.21,0.40820904296875,1213,1.0,put,2026-09-30,0.0958904109589041,764.260009765625,0.20500000000000002,0.04878048780487795,0.41612437834316496,-0.3109712744576131
565.0,0.21,0.22,0.39990834472656256,529,2.0,put,2026-09-30,0.0958904109589041,764.260009765625,0.215,0.046511627906976785,0.4078286062845371,-0.3020823270403671
570.0,0.23,0.24,0.393560751953125,1884,24.0,put,2026-09-30,0.0958904109589041,764.260009765625,0.235,0.042553191489361625,0.40156544267852584,-0.29327169735821207
575.0,0.24,0.25,0.38477177734374995,1273,4.0,put,2026-09-30,0.0958904109589041,764.260009765625,0.245,0.04081632653061228,0.3929722222029128,-0.28453801738945744
580.0,0.26,0.27,0.3781800463867187,2566,32.0,put,2026-09-30,0.0958904109589041,764.260009765625,0.265,0.03773584905660381,0.38617661016880817,-0.2758799546463429
585.0,0.28,0.29,0.3711000390625,691,13.0,put,2026-09-30,0.0958904109589041,764.260009765625,0.28500000000000003,0.035087719298245446,0.3790896019527627,-0.26729621095495143
590.0,0.3,0.31,0.36377589355468753,1478,24.0,put,2026-09-30,0.0958904109589041,764.260009765625,0.305,0.03278688524590167,0.3717460572155909,-0.2587855212870428
594.0,0.32,0.33,0.358404853515625,225,2.0,put,2026-09-30,0.0958904109589041,764.260009765625,0.325,0.030769230769230795,0.36631116692508414,-0.25202873882416305
595.0,0.32,0.33,0.3562076098632812,516,1.0,put,2026-09-30,0.0958904109589041,764.260009765625,0.325,0.030769230769230795,0.3641745444441553,-0.25034665264117817
596.0,0.32,0.33,0.3540103662109374,94,54.0,put,2026-09-30,0.0958904109589041,764.260009765625,0.325,0.030769230769230795,0.36204045180073774,-0.24866739112145825
597.0,0.33,0.34,0.3532779516601562,20490,168.0,put,2026-09-30,0.0958904109589041,764.260009765625,0.335,0.02985074626865674,0.3613792301971677,-0.24699094479420589
598.0,0.33,0.34,0.3513248461914062,6944,13.0,put,2026-09-30,0.0958904109589041,764.260009765625,0.335,0.02985074626865674,0.3592430943355966,-0.24531730423617618
599.0,0.34,0.35,0.3505924316406249,223,1.0,put,2026-09-30,0.0958904109589041,764.260009765625,0.345,0.02898550724637668,0.35853679039327285,-0.24364646007135865
600.0,0.34,0.35,0.34839518798828123,29133,26.0,put,2026-09-30,0.0958904109589041,764.260009765625,0.345,0.02898550724637668,0.3563987065102203,-0.24197840297066156
601.0,0.35,0.36,0.34766277343749996,124,3.0,put,2026-09-30,0.0958904109589041,764.260009765625,0.355,0.028169014084507067,0.3556494751409256,-0.24031312365160032
602.0,0.35,0.36,0.3454655297851562,130,53.0,put,2026-09-30,0.0958904109589041,764.260009765625,0.355,0.028169014084507067,0.35350952983302064,-0.23865061287798695
603.0,0.36,0.37,0.344733115234375,267,1.0,put,2026-09-30,0.0958904109589041,764.260009765625,0.365,0.02739726027397263,0.35271935765877843,-0.23699086145962248
604.0,0.36,0.37,0.3425358715820312,90,1.0,put,2026-09-30,0.0958904109589041,764.260009765625,0.365,0.02739726027397263,0.35057762458334374,-0.23533386025199304
605.0,0.36,0.37,0.34058276611328125,531,3.0,put,2026-09-30,0.0958904109589041,764.260009765625,0.365,0.02739726027397263,0.3484382702728609,-0.23367960015596648
606.0,0.37,0.38,0.33960621337890623,58,1.0,put,2026-09-30,0.0958904109589041,764.260009765625,0.375,0.02666666666666669,0.3476048978763213,-0.23202807211749343
607.0,0.38,0.39,0.33887379882812496,59,1.0,put,2026-09-30,0.0958904109589041,764.260009765625,0.385,0.025974025974025997,0.3467382188993141,-0.23037926712730972
608.0,0.38,0.39,0.33667655517578127,178,10.0,put,2026-09-30,0.0958904109589041,764.260009765625,0.385,0.025974025974025997,0.3445931086795556,-0.22873317622064093
609.0,0.38,0.39,0.33447931152343746,137,25.0,put,2026-09-30,0.0958904109589041,764.260009765625,0.385,0.025974025974025997,0.3424503065443657,-0.227089790476911
610.0,0.39,0.4,0.33350275878906255,550,1.0,put,2026-09-30,0.0958904109589041,764.260009765625,0.395,0.025316455696202552,0.34154388539876357,-0.22544910101945104
611.0,0.4,0.41,0.3327703442382813,86,2.0,put,2026-09-30,0.0958904109589041,764.260009765625,0.405,0.024691358024691242,0.34060701627083684,-0.2238110990152126
612.0,0.41,0.42,0.3316717224121094,320,1.0,put,2026-09-30,0.0958904109589041,764.260009765625,0.415,0.024096385542168697,0.33964088741137716,-0.2221757756744819
613.0,0.41,0.42,0.32959654785156245,303,102.0,put,2026-09-30,0.0958904109589041,764.260009765625,0.415,0.024096385542168697,0.337488866917222,-0.22054312225059652
614.0,0.41,0.42,0.32739930419921875,149,87.0,put,2026-09-30,0.0958904109589041,764.260009765625,0.415,0.024096385542168697,0.33533906341833647,-0.21891313003966542
615.0,0.42,0.43,0.32642275146484373,702,1.0,put,2026-09-30,0.0958904109589041,764.260009765625,0.425,0.023529411764705903,0.33433746080087523,-0.21728579038029008
616.0,0.43,0.44,0.3254461987304687,200,122.0,put,2026-09-30,0.0958904109589041,764.260009765625,0.435,0.022988505747126457,0.3333089171979422,-0.21566109465328814
617.0,0.43,0.44,0.3232489550781249,347,30.0,put,2026-09-30,0.0958904109589041,764.260009765625,0.435,0.022988505747126457,0.33115401226267394,-0.21403903428142018
618.0,0.44,0.45,0.32227240234374993,107,1.0,put,2026-09-30,0.0958904109589041,764.260009765625,0.445,0.02247191011235957,0.33009596390389384,-0.21241960072911717
619.0,0.45,0.46,0.3210517114257812,1058,95.0,put,2026-09-30,0.0958904109589041,764.260009765625,0.455,0.021978021978021997,0.3290129247845553,-0.2108027855022118
620.0,0.45,0.46,0.3188544677734374,3210,4.0,put,2026-09-30,0.0958904109589041,764.260009765625,0.455,0.021978021978021997,0.3268531345883083,-0.20918858014767075
621.0,0.45,0.46,0.31690136230468746,198,1.0,put,2026-09-30,0.0958904109589041,764.260009765625,0.455,0.021978021978021997,0.32469542486936714,-0.20757697625332916
622.0,0.45,0.47,0.3156806713867187,240,4.0,put,2026-09-30,0.0958904109589041,764.260009765625,0.45999999999999996,0.04347826086956514,0.3230624221428767,-0.20596796544762858
623.0,0.47,0.48,0.3145820495605468,178,10.0,put,2026-09-30,0.0958904109589041,764.260009765625,0.475,0.02105263157894739,0.3224441932311173,-0.2043615393993548
624.0,0.48,0.49,0.313483427734375,147,45.0,put,2026-09-30,0.0958904109589041,764.260009765625,0.485,0.020618556701030948,0.32128451644958694,-0.20275768981738024
625.0,0.48,0.49,0.3112861840820312,2786,1.0,put,2026-09-30,0.0958904109589041,764.260009765625,0.485,0.020618556701030948,0.31911871528055635,-0.2011564084504065
626.0,0.49,0.5,0.3100654931640625,508,50.0,put,2026-09-30,0.0958904109589041,764.260009765625,0.495,0.02020202020202022,0.3179340246563922,-0.1995576870867094
627.0,0.49,0.5,0.3078682495117187,525,83.0,put,2026-09-30,0.0958904109589041,764.260009765625,0.495,0.02020202020202022,0.31576691476369284,-0.19796151755388733
628.0,0.51,0.52,0.30762411132812495,170,1.0,put,2026-09-30,0.0958904109589041,764.260009765625,0.515,0.019417475728155355,0.3155021907359422,-0.1963678917186093
629.0,0.51,0.52,0.30542686767578126,327,1.0,put,2026-09-30,0.0958904109589041,764.260009765625,0.515,0.019417475728155355,0.3133286702192365,-0.1947768014863674
630.0,0.52,0.53,0.3042061767578125,3751,9.0,put,2026-09-30,0.0958904109589041,764.260009765625,0.525,0.019047619047619063,0.31207962098204856,-0.19318823880122962
631.0,0.52,0.53,0.3020089331054688,147,4.0,put,2026-09-30,0.0958904109589041,764.260009765625,0.525,0.019047619047619063,0.3099048340746794,-0.19160219564559478
632.0,0.52,0.54,0.3007882421875,228,1.0,put,2026-09-30,0.0958904109589041,764.260009765625,0.53,0.03773584905660381,0.3081840326026701,-0.19001866403995046
633.0,0.54,0.55,0.2995675512695312,478,20.0,put,2026-09-30,0.0958904109589041,764.260009765625,0.545,0.018348623853211024,0.30734351421281175,-0.18843763604263178
634.0,0.55,0.56,0.29822479125976553,238,2.0,put,2026-09-30,0.0958904109589041,764.260009765625,0.555,0.018018018018018032,0.30603543237561204,-0.186859103749582
635.0,0.55,0.57,0.29688203124999996,150956,100.0,put,2026-09-30,0.0958904109589041,764.260009765625,0.56,0.035714285714285546,0.304282665149249,-0.18528305929411634
636.0,0.57,0.58,0.2955392712402344,116,10.0,put,2026-09-30,0.0958904109589041,764.260009765625,0.575,0.017391304347826105,0.3033668173979513,-0.1837094948466858
637.0,0.57,0.58,0.2933420275878905,474,9.0,put,2026-09-30,0.0958904109589041,764.260009765625,0.575,0.017391304347826105,0.3011786021505578,-0.18213840261464456
638.0,0.57,0.59,0.2919992675781249,32,3.0,put,2026-09-30,0.0958904109589041,764.260009765625,0.58,0.03448275862068969,0.29940515478311036,-0.1805697748420181
639.0,0.6,0.61,0.2913889221191405,111,1.0,put,2026-09-30,0.0958904109589041,764.260009765625,0.605,0.016528925619834725,0.2992392614978571,-0.17900360380927313
640.0,0.6,0.61,0.2893137475585937,3134,1.0,put,2026-09-30,0.0958904109589041,764.260009765625,0.605,0.016528925619834725,0.29704228720308,-0.17743988183309048
641.0,0.61,0.62,0.28784891845703114,210,2.0,put,2026-09-30,0.0958904109589041,764.260009765625,0.615,0.016260162601626032,0.29563192333692584,-0.1758786012661379
642.0,0.62,0.63,0.2863840893554687,81,1.0,put,2026-09-30,0.0958904109589041,764.260009765625,0.625,0.016000000000000014,0.29420636836088915,-0.17431975449684672
643.0,0.62,0.63,0.2841868457031249,173,2.0,put,2026-09-30,0.0958904109589041,764.260009765625,0.625,0.016000000000000014,0.2920052506958932,-0.1727633339491886
644.0,0.63,0.64,0.28284408569335934,87,3.0,put,2026-09-30,0.0958904109589041,764.260009765625,0.635,0.015748031496063006,0.29056199373250363,-0.1712093320824543
645.0,0.64,0.65,0.28137925659179686,594,101.0,put,2026-09-30,0.0958904109589041,764.260009765625,0.645,0.015503875968992262,0.289104225046344,-0.1696577413910354
646.0,0.66,0.67,0.2805247729492187,457,1.0,put,2026-09-30,0.0958904109589041,764.260009765625,0.665,0.015037593984962419,0.2883587685247506,-0.1681085544042061
647.0,0.67,0.68,0.2790599438476562,291,1.0,put,2026-09-30,0.0958904109589041,764.260009765625,0.675,0.014814814814814828,0.28686202852537357,-0.16656176368590736
648.0,0.68,0.69,0.2775951147460937,492,1.0,put,2026-09-30,0.0958904109589041,764.260009765625,0.685,0.014598540145985252,0.2853519085818974,-0.1650173618345333
649.0,0.68,0.69,0.27539787109374997,209,1.0,put,2026-09-30,0.0958904109589041,764.260009765625,0.685,0.014598540145985252,0.28313394779504103,-0.16347534148271795
650.0,0.69,0.71,0.2745433874511719,3960,1.0,put,2026-09-30,0.0958904109589041,764.260009765625,0.7,0.0285714285714286,0.2819509826767825,-0.1619356952971251
651.0,0.71,0.72,0.27295648925781246,419,2.0,put,2026-09-30,0.0958904109589041,764.260009765625,0.715,0.013986013986014,0.2807437759372111,-0.16039841597823873
652.0,0.72,0.73,0.27149166015625,219,120.0,put,2026-09-30,0.0958904109589041,764.260009765625,0.725,0.013793103448275874,0.27918258879098007,-0.15886349626015497
653.0,0.74,0.75,0.270515107421875,130,1.0,put,2026-09-30,0.0958904109589041,764.260009765625,0.745,0.01342281879194632,0.2782594345909385,-0.15733092891037695
654.0,0.75,0.76,0.26892820922851557,32,1.0,put,2026-09-30,0.0958904109589041,764.260009765625,0.755,0.013245033112582794,0.27666493539246784,-0.15580070672960925
655.0,0.75,0.76,0.26673096557617193,428,100.0,put,2026-09-30,0.0958904109589041,764.260009765625,0.755,0.013245033112582794,0.2744266001079545,-0.154272822551556
656.0,0.77,0.78,0.2657544128417969,196,1.0,put,2026-09-30,0.0958904109589041,764.260009765625,0.775,0.012903225806451623,0.27344126410758174,-0.15274726924271895
657.0,0.78,0.79,0.2640454455566406,534,1.0,put,2026-09-30,0.0958904109589041,764.260009765625,0.785,0.012738853503184724,0.27181244509365304,-0.15122403970219742
658.0,0.79,0.8,0.2624585473632813,1216,1.0,put,2026-09-30,0.0958904109589041,764.260009765625,0.795,0.012578616352201269,0.27017252630323424,-0.14970312686149082
659.0,0.8,0.81,0.260749580078125,643,1.0,put,2026-09-30,0.0958904109589041,764.260009765625,0.805,0.012422360248447215,0.26852166535135247,-0.14818452368430074
660.0,0.82,0.83,0.2597119927978516,2742,2.0,put,2026-09-30,0.0958904109589041,764.260009765625,0.825,0.012121212121212133,0.2674459990021146,-0.14666822316633668
661.0,0.83,0.84,0.2580640600585938,408,40.0,put,2026-09-30,0.0958904109589041,764.260009765625,0.835,0.011976047904191628,0.2657658972056651,-0.1451542183351217
662.0,0.85,0.86,0.2569654382324219,132,2.0,put,2026-09-30,0.0958904109589041,764.260009765625,0.855,0.01169590643274855,0.26464202571987394,-0.14364250224979974
663.0,0.85,0.87,0.25525647094726567,233,1.0,put,2026-09-30,0.0958904109589041,764.260009765625,0.86,0.023255813953488393,0.26265478165661027,-0.14213306800094538
664.0,0.87,0.89,0.25403578002929694,938,1.0,put,2026-09-30,0.0958904109589041,764.260009765625,0.88,0.02272727272727275,0.26149036533697423,-0.14062590871037411
665.0,0.89,0.9,0.2523268127441406,984,13.0,put,2026-09-30,0.0958904109589041,764.260009765625,0.895,0.011173184357541908,0.26002898650896583,-0.1391210175309538
666.0,0.9,0.91,0.25061784545898436,161,8.0,put,2026-09-30,0.0958904109589041,764.260009765625,0.905,0.011049723756906087,0.25828427211449323,-0.13761838764641887
667.0,0.92,0.94,0.24988543090820312,224,1.0,put,2026-09-30,0.0958904109589041,764.260009765625,0.9299999999999999,0.021505376344085923,0.2573149812135909,-0.13611801227118422
668.0,0.93,0.94,0.2475661181640625,220,3.0,put,2026-09-30,0.0958904109589041,764.260009765625,0.935,0.010695187165775291,0.25528375709773143,-0.13461988465016217
669.0,0.96,0.97,0.24683370361328127,547,9.0,put,2026-09-30,0.0958904109589041,764.260009765625,0.965,0.010362694300518144,0.25451691532855236,-0.13312399805857952
670.0,0.96,0.98,0.24500266723632813,3290,9.0,put,2026-09-30,0.0958904109589041,764.260009765625,0.97,0.020618556701030948,0.2524665046569702,-0.1316303458017962
671.0,0.98,1.0,0.2436599072265625,175,1.0,put,2026-09-30,0.0958904109589041,764.260009765625,0.99,0.02020202020202022,0.251150237835537,-0.1301389212151262
672.0,1.0,1.02,0.24231714721679687,404,10.0,put,2026-09-30,0.0958904109589041,764.260009765625,1.01,0.01980198019801982,0.24981024905022517,-0.1286497176636584
673.0,1.03,1.04,0.24097438720703124,1623,3.0,put,2026-09-30,0.0958904109589041,764.260009765625,1.0350000000000001,0.009661835748792277,0.24868304510743977,-0.1271627285420801
674.0,1.05,1.06,0.23957059265136715,607,2.0,put,2026-09-30,0.0958904109589041,764.260009765625,1.0550000000000002,0.009478672985781998,0.24729322154735947,-0.12567794727450096
675.0,1.06,1.08,0.2381667980957031,9656,6.0,put,2026-09-30,0.0958904109589041,764.260009765625,1.07,0.018691588785046745,0.245653531541533,-0.12419536731427812
676.0,1.08,1.1,0.23670196899414062,1143,1.0,put,2026-09-30,0.0958904109589041,764.260009765625,1.09,0.018348623853211024,0.24422407689254005,-0.1227149821438438
677.0,1.1,1.12,0.2352371398925781,1161,4.0,put,2026-09-30,0.0958904109589041,764.260009765625,1.11,0.018018018018018032,0.24277346062584337,-0.12123678527453298
678.0,1.11,1.13,0.23334506896972657,377,67.0,put,2026-09-30,0.0958904109589041,764.260009765625,1.12,0.017857142857142672,0.24086722168833596,-0.11976077024641235
679.0,1.14,1.16,0.23230748168945312,739,1.0,put,2026-09-30,0.0958904109589041,764.260009765625,1.15,0.017391304347826105,0.23981043252253964,-0.11828693062811187
680.0,1.17,1.18,0.2307816180419922,10596,32.0,put,2026-09-30,0.0958904109589041,764.260009765625,1.1749999999999998,0.00851063829787235,0.2385084670374017,-0.11681526001665557
681.0,1.18,1.2,0.22925575439453127,654,1.0,put,2026-09-30,0.0958904109589041,764.260009765625,1.19,0.016806722689075647,0.23676759265225394,-0.11534575203729554
682.0,1.21,1.23,0.22809609802246095,1017,1.0,put,2026-09-30,0.0958904109589041,764.260009765625,1.22,0.016393442622950834,0.23562272226262554,-0.11387840034334587
683.0,1.23,1.24,0.2260819580078125,318,1.0,put,2026-09-30,0.0958904109589041,764.260009765625,1.2349999999999999,0.008097165991902843,0.23384756284466376,-0.11241319861601787
684.0,1.25,1.26,0.22449505981445309,454,4.0,put,2026-09-30,0.0958904109589041,764.260009765625,1.255,0.00796812749003985,0.23225642537845786,-0.11095014056425755
685.0,1.28,1.3,0.22364057617187497,1972,6.0,put,2026-09-30,0.0958904109589041,764.260009765625,1.29,0.015503875968992262,0.2312255848298942,-0.10948921992458267
686.0,1.31,1.33,0.2224198852539062,222,2.0,put,2026-09-30,0.0958904109589041,764.260009765625,1.32,0.015151515151515164,0.22996724008469752,-0.10803043046092269
687.0,1.33,1.34,0.22034471069335934,1667,3.0,put,2026-09-30,0.0958904109589041,764.260009765625,1.335,0.007490636704119857,0.22812180515783909,-0.10657376596445864
688.0,1.37,1.38,0.2194291925048828,521,21.0,put,2026-09-30,0.0958904109589041,764.260009765625,1.375,0.0072727272727271175,0.22717835308465137,-0.10511922025346428
689.0,1.39,1.4,0.21772022521972656,666,1.0,put,2026-09-30,0.0958904109589041,764.260009765625,1.395,0.007168458781362013,0.22547653932726025,-0.10366678717314944
690.0,1.42,1.44,0.2166826379394531,7187,16.0,put,2026-09-30,0.0958904109589041,764.260009765625,1.43,0.013986013986014,0.22428652486945472,-0.10221646059550289
691.0,1.45,1.46,0.21491263610839845,1995,1.0,put,2026-09-30,0.0958904109589041,764.260009765625,1.455,0.006872852233676982,0.22271691317023146,-0.10076823441913801
692.0,1.47,1.48,0.21314263427734376,311,1.0,put,2026-09-30,0.0958904109589041,764.260009765625,1.475,0.006779661016949158,0.22095567805539884,-0.09932210256913843
693.0,1.5,1.51,0.21173883972167967,101,2.0,put,2026-09-30,0.0958904109589041,764.260009765625,1.505,0.006644518272425255,0.2195137450310517,-0.09787805899690472
694.0,1.55,1.56,0.21088435607910155,311,9.0,put,2026-09-30,0.0958904109589041,764.260009765625,1.5550000000000002,0.0064308681672025775,0.21870103872648802,-0.0964360976800034
695.0,1.57,1.58,0.2090533197021484,3865,1.0,put,2026-09-30,0.0958904109589041,764.260009765625,1.5750000000000002,0.006349206349206354,0.21687381910354436,-0.09499621262201584
696.0,1.6,1.62,0.20783262878417966,140,1.0,put,2026-09-30,0.0958904109589041,764.260009765625,1.61,0.012422360248447215,0.2155068541756512,-0.09355839785238827
697.0,1.64,1.65,0.20624573059082027,3648,4.0,put,2026-09-30,0.0958904109589041,764.260009765625,1.645,0.0060790273556231055,0.21410948272074473,-0.09212264742628412
698.0,1.69,1.7,0.20526917785644527,398,15.0,put,2026-09-30,0.0958904109589041,764.260009765625,1.6949999999999998,0.0058997050147492685,0.2131388439796534,-0.09068895542443547
699.0,1.72,1.73,0.20368227966308594,3844,30.0,put,2026-09-30,0.0958904109589041,764.260009765625,1.725,0.005797101449275368,0.2115252021321489,-0.08925731595299764
700.0,1.75,1.76,0.2020343469238281,9000,136.0,put,2026-09-30,0.0958904109589041,764.260009765625,1.755,0.0056980056980057035,0.209888151114369,-0.08782772314340331
701.0,1.8,1.81,0.20093572509765623,452,1.0,put,2026-09-30,0.0958904109589041,764.260009765625,1.8050000000000002,0.005540166204986154,0.20880505528738694,-0.08640017115221785
702.0,1.81,1.87,0.20002020690917968,627,1.0,put,2026-09-30,0.0958904109589041,764.260009765625,1.84,0.03260869565217394,0.20725453124605173,-0.08497465416099689
703.0,1.88,1.9,0.19831123962402342,270,158.0,put,2026-09-30,0.0958904109589041,764.260009765625,1.89,0.010582010582010592,0.2060935488405795,-0.08355116637614306
704.0,1.92,1.94,0.1968158932495117,245,2.0,put,2026-09-30,0.0958904109589041,764.260009765625,1.93,0.010362694300518144,0.2046188591992969,-0.08212970202876552
705.0,1.97,1.98,0.195320546875,6269,63.0,put,2026-09-30,0.0958904109589041,764.260009765625,1.975,0.005063291139240511,0.2032472363454833,-0.08071025537453934
706.0,1.99,2.05,0.1945270977783203,469,2.0,put,2026-09-30,0.0958904109589041,764.260009765625,2.02,0.02970297029702962,0.20184076665325706,-0.07929282069356586
707.0,2.03,2.1,0.1931843377685547,20754,246.0,put,2026-09-30,0.0958904109589041,764.260009765625,2.065,0.0338983050847459,0.20040013455190478,-0.07787739229023515
708.0,2.08,2.15,0.19178054321289065,527,305.0,put,2026-09-30,0.0958904109589041,764.260009765625,2.115,0.03309692671394791,0.1990524067029298,-0.0764639644930882
709.0,2.18,2.19,0.19013261047363283,619,119.0,put,2026-09-30,0.0958904109589041,764.260009765625,2.185,0.004576659038901504,0.1981622875482151,-0.07505253165468043
710.0,2.22,2.24,0.1886677813720703,3339,162.0,put,2026-09-30,0.0958904109589041,764.260009765625,2.2300000000000004,0.008968609865470859,0.1966099338408109,-0.07364308815144689
711.0,2.28,2.3,0.18744709045410157,549,68.0,put,2026-09-30,0.0958904109589041,764.260009765625,2.29,0.00873362445414848,0.19538357236904036,-0.07223562838356708
712.0,2.34,2.36,0.18613484771728517,307,41.0,put,2026-09-30,0.0958904109589041,764.260009765625,2.3499999999999996,0.00851063829787235,0.19411315157455608,-0.07083014677483214
713.0,2.36,2.43,0.185005708618164,470,152.0,put,2026-09-30,0.0958904109589041,764.260009765625,2.395,0.029227557411273603,0.19245572770043848,-0.06942663777251204
714.0,2.42,2.49,0.18360191406249998,437,116.0,put,2026-09-30,0.0958904109589041,764.260009765625,2.455,0.02851323828920582,0.1911065554319874,-0.06802509584722355
715.0,2.49,2.55,0.18219811950683595,1573,258.0,put,2026-09-30,0.0958904109589041,764.260009765625,2.52,0.023809523809523656,0.1898263854268923,-0.06662551549280035
716.0,2.59,2.61,0.18073329040527342,144,108.0,put,2026-09-30,0.0958904109589041,764.260009765625,2.5999999999999996,0.0076923076923077005,0.1888261752669152,-0.06522789122616234
717.0,2.65,2.67,0.17920742675781248,385,342.0,put,2026-09-30,0.0958904109589041,764.260009765625,2.66,0.0075187969924812095,0.18734504467264046,-0.06383221758718756
718.0,2.71,2.74,0.17786466674804688,260,161.0,put,2026-09-30,0.0958904109589041,764.260009765625,2.725,0.011009174311926696,0.18592914178397274,-0.062438489138583804
719.0,2.8,2.83,0.17688811401367188,381,36.0,put,2026-09-30,0.0958904109589041,764.260009765625,2.815,0.010657193605683925,0.18498226843877713,-0.06104670046576125
720.0,2.84,2.9,0.17545380218505857,11446,802.0,put,2026-09-30,0.0958904109589041,764.260009765625,2.87,0.020905923344947754,0.18327291931094447,-0.0596568461767069
721.0,2.96,2.98,0.17414155944824222,290,3.0,put,2026-09-30,0.0958904109589041,764.260009765625,2.9699999999999998,0.006734006734006741,0.18241633094920753,-0.05826892090185889
722.0,2.99,3.07,0.1729819030761719,204,227.0,put,2026-09-30,0.0958904109589041,764.260009765625,3.0300000000000002,0.026402640264026278,0.1807219082279469,-0.05688291929398169
723.0,3.09,3.12,0.1710287976074219,171,3.0,put,2026-09-30,0.0958904109589041,764.260009765625,3.105,0.00966183574879235,0.17927620833883065,-0.05549883602804331
724.0,3.21,3.23,0.17014379669189456,274,2.0,put,2026-09-30,0.0958904109589041,764.260009765625,3.2199999999999998,0.006211180124223608,0.17852932008247377,-0.05411666580109158
725.0,3.29,3.32,0.16883155395507815,18342,100.0,put,2026-09-30,0.0958904109589041,764.260009765625,3.3049999999999997,0.009077155824508262,0.1771626745887157,-0.05273640333213312
726.0,3.35,3.42,0.1676108630371094,244,61.0,put,2026-09-30,0.0958904109589041,764.260009765625,3.385,0.020679468242245154,0.1756561098909272,-0.051358043362011885
727.0,3.48,3.51,0.16620706848144534,150,4.0,put,2026-09-30,0.0958904109589041,764.260009765625,3.495,0.008583690987124408,0.17463064636258227,-0.04998158065328856
728.0,3.59,3.61,0.16489482574462894,263,1.0,put,2026-09-30,0.0958904109589041,764.260009765625,3.5999999999999996,0.005555555555555561,0.17345400159076974,-0.04860700999012203
729.0,3.69,3.71,0.16352154846191408,1177,14.0,put,2026-09-30,0.0958904109589041,764.260009765625,3.7,0.00540540540540541,0.1721324382374262,-0.04723432617814981
730.0,3.8,3.82,0.16223982299804687,15461,5218.0,put,2026-09-30,0.0958904109589041,764.260009765625,3.8099999999999996,0.0052493438320210025,0.17092084051563175,-0.04586352404437109
731.0,3.9,3.93,0.1609275802612305,157,2.0,put,2026-09-30,0.0958904109589041,764.260009765625,3.915,0.007662835249042209,0.16956644051310635,-0.04449459843702948
732.0,3.97,4.06,0.1598594757080078,1124,5.0,put,2026-09-30,0.0958904109589041,764.260009765625,4.015,0.02241594022415926,0.16807448088829405,-0.043127544225496375
733.0,4.09,4.17,0.1583946466064453,348,3.0,put,2026-09-30,0.0958904109589041,764.260009765625,4.13,0.01937046004842617,0.16676508297414827,-0.04176235630015651
734.0,4.26,4.29,0.1570518865966797,863,100.0,put,2026-09-30,0.0958904109589041,764.260009765625,4.275,0.00701754385964918,0.16585850191247256,-0.04039902957229238
735.0,4.39,4.42,0.1557701611328125,6099,83.0,put,2026-09-30,0.0958904109589041,764.260009765625,4.404999999999999,0.006810442678774177,0.1646472276325156,-0.03903755897397124
736.0,4.53,4.55,0.1544274011230469,427,17.0,put,2026-09-30,0.0958904109589041,764.260009765625,4.54,0.004405286343612241,0.16344327981724102,-0.03767793945793175
737.0,4.67,4.7,0.15329826202392582,619,5.0,put,2026-09-30,0.0958904109589041,764.260009765625,4.6850000000000005,0.006403415154749252,0.16231712563671877,-0.036320165997471336
738.0,4.81,4.84,0.1519555020141602,467,5.0,put,2026-09-30,0.0958904109589041,764.260009765625,4.824999999999999,0.0062176165803109334,0.1610460735338327,-0.0349642335863354
739.0,4.91,5.0,0.15079584564208987,574,8.0,put,2026-09-30,0.0958904109589041,764.260009765625,4.955,0.018163471241170504,0.15956379137521348,-0.033610137238606196
740.0,5.12,5.15,0.14945308563232423,12512,118.0,put,2026-09-30,0.0958904109589041,764.260009765625,5.135,0.005842259006816017,0.15871497031264398,-0.032257871988592486
741.0,5.28,5.3,0.14801877380371098,257,71.0,put,2026-09-30,0.0958904109589041,764.260009765625,5.29,0.0037807183364838514,0.15743715376296072,-0.030907432890721107
742.0,5.45,5.47,0.14678282424926758,361,4.0,put,2026-09-30,0.0958904109589041,764.260009765625,5.46,0.003663003663003585,0.15628811496097694,-0.0295588150194275
743.0,5.62,5.65,0.14559265060424803,455,1.0,put,2026-09-30,0.0958904109589041,764.260009765625,5.635,0.005323868677905989,0.15512620092619084,-0.028212013469048742
744.0,5.74,5.84,0.14444825286865232,328,3.0,put,2026-09-30,0.0958904109589041,764.260009765625,5.79,0.017271157167530162,0.15362210409486193,-0.02686702335371611
745.0,5.99,6.02,0.14309023422241213,2960,3.0,put,2026-09-30,0.0958904109589041,764.260009765625,6.005,0.0049958368026643395,0.15281940381354342,-0.025523839807248417
746.0,6.18,6.21,0.1417627328491211,543,10.0,put,2026-09-30,0.0958904109589041,764.260009765625,6.195,0.004842615012106578,0.1516048722127364,-0.02418245798304715
747.0,6.33,6.43,0.1407251455688477,617,12.0,put,2026-09-30,0.0958904109589041,764.260009765625,6.38,0.015673981191222514,0.15024372330223987,-0.022842873053990652
748.0,6.6,6.63,0.13935186828613283,895,6.0,put,2026-09-30,0.0958904109589041,764.260009765625,6.615,0.004535147392290287,0.14941780343857505,-0.02150508021233067
749.0,6.75,6.87,0.13834479827880858,791,1.0,put,2026-09-30,0.0958904109589041,764.260009765625,6.8100000000000005,0.017621145374449355,0.14800669954590293,-0.020169074669588505
750.0,7.04,7.08,0.13691048645019532,5879,105.0,put,2026-09-30,0.0958904109589041,764.260009765625,7.0600000000000005,0.005665722379603404,0.14717182813952012,-0.018834851656451816
751.0,7.22,7.33,0.13584238189697267,583,3.0,put,2026-09-30,0.0958904109589041,764.260009765625,7.275,0.01512027491408939,0.14582050079200845,-0.01750240642267315
752.0,7.54,7.57,0.13453013916015627,250,52.0,put,2026-09-30,0.0958904109589041,764.260009765625,7.555,0.003970880211780311,0.1451404424488834,-0.01617173423696814
753.0,7.79,7.82,0.13324841369628904,589,18.0,put,2026-09-30,0.0958904109589041,764.260009765625,7.805,0.0038436899423446827,0.1440046902933193,-0.014842830386914344
754.0,8.06,8.1,0.13219556777954106,14345,5024.0,put,2026-09-30,0.0958904109589041,764.260009765625,8.08,0.004950495049504845,0.14305561218831858,-0.013515690178851918
755.0,8.33,8.37,0.13092910095214844,3471,58.0,put,2026-09-30,0.0958904109589041,764.260009765625,8.35,0.004790419161676545,0.14194418142424237,-0.012190308937783244
756.0,8.62,8.66,0.1297541859436035,396,1494.0,put,2026-09-30,0.0958904109589041,764.260009765625,8.64,0.004629629629629736,0.14095275396714413,-0.010866682007274905
757.0,8.93,8.96,0.12857927093505855,2630,12.0,put,2026-09-30,0.0958904109589041,764.260009765625,8.945,0.0033538289547234363,0.14001921532413458,-0.009544804749359197
758.0,9.15,9.29,0.12760271820068358,197,3.0,put,2026-09-30,0.0958904109589041,764.260009765625,9.219999999999999,0.015184381778741736,0.1386428681348404,-0.008224672544436273
759.0,9.55,9.59,0.1261989236450195,265,4.0,put,2026-09-30,0.0958904109589041,764.260009765625,9.57,0.004179728317659263,0.13797992027813644,-0.006906280791178072
760.0,9.9,9.94,0.1251918536376953,2969,253.0,put,2026-09-30,0.0958904109589041,764.260009765625,9.92,0.004032258064516043,0.1371966969029735,-0.005589624906431192
761.0,10.25,10.28,0.12394064544677735,153,13.0,put,2026-09-30,0.0958904109589041,764.260009765625,10.265,0.0029225523623964303,0.1362391543776321,-0.004274700325122075
762.0,10.62,10.66,0.12299460998535157,275,13.0,put,2026-09-30,0.0958904109589041,764.260009765625,10.64,0.003759398496240688,0.13548348196420262,-0.002961502500161706
763.0,10.9,11.04,0.1219112467956543,472,55.0,put,2026-09-30,0.0958904109589041,764.260009765625,10.969999999999999,0.012762078395624321,0.13412210019448154,-0.0016500269023509311
764.0,11.39,11.43,0.12079736633300782,320,31.0,put,2026-09-30,0.0958904109589041,764.260009765625,11.41,0.0035056967572304246,0.13381067789831166,-0.0003402690202875131
765.0,11.69,11.85,0.1198360722351074,1240,328.0,put,2026-09-30,0.0958904109589041,764.260009765625,11.77,0.01359388275276127,0.1325178115726857,0.0009677756397279868
766.0,12.2,12.25,0.11853908813476563,210,264.0,put,2026-09-30,0.0958904109589041,764.260009765625,12.225,0.004089979550102308,0.1321041648114067,0.0022741115537833804
767.0,12.65,12.69,0.1175015008544922,445,20.0,put,2026-09-30,0.0958904109589041,764.260009765625,12.67,0.0031570639305445263,0.13145096120037017,0.0035787431804482
768.0,13.09,13.13,0.11631132720947265,151,15.0,put,2026-09-30,0.0958904109589041,764.260009765625,13.11,0.0030511060259344716,0.13060994192157582,0.004881674960864112
769.0,13.57,13.61,0.11539580902099611,173,45.0,put,2026-09-30,0.0958904109589041,764.260009765625,13.59,0.0029433406916849997,0.13005672317428052,0.006182911318836073
770.0,13.99,14.12,0.11463287719726564,1033,79.0,put,2026-09-30,0.0958904109589041,764.260009765625,14.055,0.009249377445748773,0.12920556044797316,0.007482456660921564
771.0,14.45,14.62,0.11359528991699218,137,1.0,put,2026-09-30,0.0958904109589041,764.260009765625,14.535,0.011695906432748532,0.12837279386511644,0.008780315376521453
772.0,14.99,15.15,0.11272554763793946,433,3.0,put,2026-09-30,0.0958904109589041,764.260009765625,15.07,0.01061712010617121,0.12798649723865546,0.010076491837968287
773.0,15.51,15.71,0.11200839172363279,89,2.0,put,2026-09-30,0.0958904109589041,764.260009765625,15.61,0.012812299807815572,0.12751256645325468,0.01137099040061401
774.0,16.06,16.26,0.11100132171630858,153,2.0,put,2026-09-30,0.0958904109589041,764.260009765625,16.16,0.012376237623762552,0.12700345913635475,0.012663815402919098
775.0,16.67,16.83,0.1100552862548828,472,53.0,put,2026-09-30,0.0958904109589041,764.260009765625,16.75,0.009552238805969946,0.12678736652609843,0.013954971166539128
776.0,17.2,17.4,0.10892614715576171,353,1.0,put,2026-09-30,0.0958904109589041,764.260009765625,17.299999999999997,0.011560693641618458,0.1259859903602194,0.015244461996410816
777.0,17.81,18.03,0.10828528442382812,353,4.0,put,2026-09-30,0.0958904109589041,764.260009765625,17.92,0.012276785714285848,0.12581354113960155,0.01653229218083944
778.0,18.43,18.65,0.10733924896240235,283,5.0,put,2026-09-30,0.0958904109589041,764.260009765625,18.54,0.011866235167205981,0.12549833975093858,0.01781846599158375
779.0,19.06,19.29,0.10643898941040039,101,60.0,put,2026-09-30,0.0958904109589041,764.260009765625,19.174999999999997,0.011994784876140833,0.1252084815051024,0.019102987683940347
780.0,19.63,19.84,0.104226487121582,297,8.0,put,2026-09-30,0.0958904109589041,764.260009765625,19.735,0.010640993159361584,0.12389711348758002,0.020385861496829437
781.0,20.41,20.62,0.10465372894287109,29,1.0,put,2026-09-30,0.0958904109589041,764.260009765625,20.515,0.01023641238118454,0.1250099381435178,0.021667091652877914
782.0,21.07,21.31,0.10379924530029297,79,11.0,put,2026-09-30,0.0958904109589041,764.260009765625,21.189999999999998,0.011326097215667696,0.12475644692219827,0.02294668235850318
783.0,20.74,22.02,0.10297527893066405,10,1.0,put,2026-09-30,0.0958904109589041,764.260009765625,21.38,0.05986903648269416,0.11837448342283502,0.024224637803995135
784.0,22.49,22.75,0.10221234710693358,16,1.0,put,2026-09-30,0.0958904109589041,764.260009765625,22.619999999999997,0.01149425287356329,0.12479648916838743,0.025500962163599816
785.0,23.25,24.33,0.11325959991455078,67,3.0,put,2026-09-30,0.0958904109589041,764.260009765625,23.79,0.045397225725094505,0.13033622639251138,0.026775659595600552
786.0,23.95,24.24,0.10047286254882812,18,6.0,put,2026-09-30,0.0958904109589041,764.260009765625,24.095,0.012035692052292973,0.12485669036672478,0.028048734242398597
788.0,25.5,25.79,0.09873337799072265,10,2.0,put,2026-09-30,0.0958904109589041,764.260009765625,25.645,0.011308247221680607,0.12537098889217418,0.03059003167107126
790.0,27.07,27.38,0.09665820343017578,21,6.0,put,2026-09-30,0.0958904109589041,764.260009765625,27.225,0.011386593204774975,0.1257959627812394,0.033124887274259184
800.0,34.33,36.43,0.0969938934326172,303,1.0,put,2026-09-30,0.0958904109589041,764.260009765625,35.379999999999995,0.0593555681175806,0.12367859441917092,0.045703669481119286
810.0,43.55,46.49,0.11896632995605468,16,8.0,put,2026-09-30,0.0958904109589041,764.260009765625,45.019999999999996,0.06530430919591304,0.1405071093689417,0.058126189479676425
300.0,464.02,467.44,1.1977579174804687,220,8.0,call,2026-10-16,0.13972602739726028,764.260009765625,465.73,0.0073433105017929184,1.1450745599567485,-0.9351255835306069
305.0,458.89,462.32,1.1628459826660156,74,40.0,call,2026-10-16,0.13972602739726028,764.260009765625,460.605,0.007446727673386105,1.1006481510361186,-0.9185962815793963
310.0,454.56,457.33,1.1828654138183592,10,,call,2026-10-16,0.13972602739726028,764.260009765625,455.945,0.006075294169252831,1.1309683941272068,-0.902335760707616
315.0,449.05,452.48,1.1438031091308591,30,,call,2026-10-16,0.13972602739726028,764.260009765625,450.765,0.007609286435282258,1.0814847464037205,-0.8863354193611749
320.0,444.05,447.49,1.1257367932128908,95,,call,2026-10-16,0.13972602739726028,764.260009765625,445.77,0.007716984094936846,1.0599187436301918,-0.8705870623930357
325.0,439.07,442.37,1.1015669921875002,15,,call,2026-10-16,0.13972602739726028,764.260009765625,440.72,0.007487747322563104,1.0297261258015362,-0.8550828758570704
330.0,434.08,437.52,1.0922896948242187,20,15.0,call,2026-10-16,0.13972602739726028,764.260009765625,435.79999999999995,0.007893529141808164,1.0209186085249786,-0.8398154037262819
335.0,429.14,432.53,1.0781296093750001,10,15.0,call,2026-10-16,0.13972602739726028,764.260009765625,430.835,0.007868441514732987,1.004987772577096,-0.8247775263617415
480.0,284.45,287.88,0.6676058630371096,26,,call,2026-10-16,0.13972602739726028,764.260009765625,286.16499999999996,0.011986091939964732,0.5338331335971489,-0.4651219542848714
520.0,244.71,248.15,0.5809368078613282,12,1.0,call,2026-10-16,0.13972602739726028,764.260009765625,246.43,0.013959339366148592,0.455688345057301,-0.3850792466113349
525.0,239.76,243.2,0.5710492114257812,48,5.0,call,2026-10-16,0.13972602739726028,764.260009765625,241.48,0.014245486168626793,0.44856961975346277,-0.3755097955951842
530.0,234.81,238.25,0.5611616149902343,12,6.0,call,2026-10-16,0.13972602739726028,764.260009765625,236.53,0.014543609690102726,0.44133055553542827,-0.3660310516406404
560.0,205.3,208.7,0.5080615600585938,40,1.0,call,2026-10-16,0.13972602739726028,764.260009765625,207.0,0.01642512077294675,0.4114578017272213,-0.3109712744576131
565.0,200.44,203.62,0.5491988439941409,10,3.0,call,2026-10-16,0.13972602739726028,764.260009765625,202.03,0.015740236598525005,0.401383582455103,-0.3020823270403671
570.0,195.23,198.67,0.5377853839111328,13,1.0,call,2026-10-16,0.13972602739726028,764.260009765625,196.95,0.017466362020817455,0.3820292917174163,-0.29327169735821207
580.0,185.35,188.79,0.5155077746582031,14,1.0,call,2026-10-16,0.13972602739726028,764.260009765625,187.07,0.01838883840273693,0.36758690671621136,-0.2758799546463429
585.0,180.41,183.86,0.5046436254882812,32,5.0,call,2026-10-16,0.13972602739726028,764.260009765625,182.135,0.018941993576193576,0.3605736675951352,-0.26729621095495143
600.0,165.82,169.21,0.4753775607299804,269,1.0,call,2026-10-16,0.13972602739726028,764.260009765625,167.515,0.020236993702056623,0.3501752577047357,-0.24197840297066156
605.0,160.69,164.14,0.4610039251708985,26,1.0,call,2026-10-16,0.13972602739726028,764.260009765625,162.415,0.021241880368192523,0.33243426539379906,-0.23367960015596648
610.0,155.77,159.22,0.45026184509277345,69,25.0,call,2026-10-16,0.13972602739726028,764.260009765625,157.495,0.0219054573161052,0.32562283029725264,-0.22544910101945104
620.0,145.93,149.38,0.42874716766357424,450,1.0,call,2026-10-16,0.13972602739726028,764.260009765625,147.655,0.02336527716636747,0.31145500136359233,-0.20918858014767075
625.0,141.24,144.47,0.4181271566772461,233,2.0,call,2026-10-16,0.13972602739726028,764.260009765625,142.85500000000002,0.022610339155087252,0.3099260823255619,-0.2011564084504065
630.0,136.33,139.71,0.41061990753173827,54,2.0,call,2026-10-16,0.13972602739726028,764.260009765625,138.02,0.024489204463121254,0.3058940130835764,-0.19318823880122962
635.0,131.42,134.66,0.3969786865234375,4345,1.0,call,2026-10-16,0.13972602739726028,764.260009765625,133.04,0.024353577871316968,0.2953327278096901,-0.18528305929411634
640.0,126.36,129.77,0.3865722964477538,426,2.0,call,2026-10-16,0.13972602739726028,764.260009765625,128.065,0.026627103424042564,0.285031640009247,-0.17743988183309048
645.0,121.62,124.88,0.3761048718261719,234,1.0,call,2026-10-16,0.13972602739726028,764.260009765625,123.25,0.026450304259634815,0.2810042918638771,-0.1696577413910354
650.0,116.75,120.14,0.3683534844970704,310,4.0,call,2026-10-16,0.13972602739726028,764.260009765625,118.445,0.0286208788889358,0.27670473994129224,-0.1619356952971251
655.0,111.75,115.14,0.3556582989501953,35,3.0,call,2026-10-16,0.13972602739726028,764.260009765625,113.445,0.029882321829961662,0.26535627940489714,-0.154272822551556
660.0,106.97,110.28,0.345435012512207,280,4.0,call,2026-10-16,0.13972602739726028,764.260009765625,108.625,0.03047180667433834,0.25993548958807355,-0.14666822316633668
665.0,102.19,105.56,0.33743948699951176,472,11.0,call,2026-10-16,0.13972602739726028,764.260009765625,103.875,0.03244283995186527,0.25609765564802,-0.1391210175309538
670.0,97.37,100.65,0.32605654418945307,489,9.0,call,2026-10-16,0.13972602739726028,764.260009765625,99.01,0.033127966872033135,0.24843019269412878,-0.1316303458017962
675.0,92.76,95.78,0.31522291229248034,93,2.0,call,2026-10-16,0.13972602739726028,764.260009765625,94.27000000000001,0.03203564230402032,0.24373240676315497,-0.12419536731427812
680.0,87.73,91.0,0.3056404885864258,2471,3.0,call,2026-10-16,0.13972602739726028,764.260009765625,89.36500000000001,0.036591506742013044,0.2344674517650634,-0.11681526001665557
685.0,82.99,86.2,0.2955392712402344,1688,3.0,call,2026-10-16,0.13972602739726028,764.260009765625,84.595,0.03794550505349025,0.228168240253811,-0.10948921992458267
690.0,78.24,81.39,0.28507184661865226,1183,8.0,call,2026-10-16,0.13972602739726028,764.260009765625,79.815,0.03946626573952272,0.22119157182922528,-0.10221646059550289
695.0,73.54,76.63,0.27506218109130853,1035,1.0,call,2026-10-16,0.13972602739726028,764.260009765625,75.08500000000001,0.041153359525870535,0.21479697630623068,-0.09499621262201584
700.0,68.89,71.91,0.26532717102050785,963,8.0,call,2026-10-16,0.13972602739726028,764.260009765625,70.4,0.04289772727272721,0.20871749732533626,-0.08782772314340331
701.0,68.08,70.96,0.26328251373291023,24,2.0,call,2026-10-16,0.13972602739726028,764.260009765625,69.52,0.041426927502876805,0.2084632752431869,-0.08640017115221785
702.0,67.15,70.02,0.2613294082641602,75,2.0,call,2026-10-16,0.13972602739726028,764.260009765625,68.58500000000001,0.04184588466865918,0.20717272037318799,-0.08497465416099689
704.0,65.3,68.12,0.25713328323364254,72,2.0,call,2026-10-16,0.13972602739726028,764.260009765625,66.71000000000001,0.042272522860141014,0.20443325160642145,-0.08212970202876552
705.0,64.36,67.17,0.25501233276367197,337,1.0,call,2026-10-16,0.13972602739726028,764.260009765625,65.765,0.042727894776857026,0.2029012610541096,-0.08071025537453934
706.0,64.42,66.23,0.2530287100219727,24,1.0,call,2026-10-16,0.13972602739726028,764.260009765625,65.325,0.027707615767317294,0.2097094025580803,-0.07929282069356586
707.0,63.52,65.3,0.2511366390991211,41,,call,2026-10-16,0.13972602739726028,764.260009765625,64.41,0.027635460332246453,0.2085234174627002,-0.07787739229023515
710.0,60.73,62.61,0.24662008270263674,1030,3.0,call,2026-10-16,0.13972602739726028,764.260009765625,61.67,0.030484838657369912,0.20487102995577788,-0.07364308815144689
712.0,59.06,61.04,0.24617758224487307,18,1.0,call,2026-10-16,0.13972602739726028,764.260009765625,60.05,0.032972522897585295,0.20535804011742947,-0.07083014677483214
714.0,57.1,58.8,0.23758696990966793,80,80.0,call,2026-10-16,0.13972602739726028,764.260009765625,57.95,0.0293356341673856,0.19863131284728547,-0.06802509584722355
715.0,56.17,58.18,0.23923490264892577,357,10.0,call,2026-10-16,0.13972602739726028,764.260009765625,57.175,0.03515522518583294,0.19924767474569663,-0.06662551549280035
716.0,55.26,57.23,0.23694610717773437,18,1.0,call,2026-10-16,0.13972602739726028,764.260009765625,56.245,0.03502533558538535,0.19758650496719624,-0.06522789122616234
718.0,53.46,55.3,0.23194127441406248,18,1.0,call,2026-10-16,0.13972602739726028,764.260009765625,54.379999999999995,0.03383596910628901,0.1941307398363042,-0.062438489138583804
719.0,52.56,54.25,0.22846230529785155,11,4.0,call,2026-10-16,0.13972602739726028,764.260009765625,53.405,0.031644977062072796,0.19178831906351507,-0.06104670046576125
720.0,51.81,52.15,0.21274590972900392,470,2.0,call,2026-10-16,0.13972602739726028,764.260009765625,51.980000000000004,0.006540977298961068,0.18321592487952185,-0.0596568461767069
721.0,50.78,52.42,0.22452557708740228,42,1.0,call,2026-10-16,0.13972602739726028,764.260009765625,51.6,0.03178294573643412,0.18902636216392005,-0.05826892090185889
722.0,50.01,50.36,0.20948056152343747,76,74.0,call,2026-10-16,0.13972602739726028,764.260009765625,50.185,0.0069741954767361045,0.1807115320431628,-0.05688291929398169
724.0,48.12,49.7,0.2187883297729492,10,2.0,call,2026-10-16,0.13972602739726028,764.260009765625,48.91,0.03230423226334094,0.18488404376394457,-0.05411666580109158
725.0,46.32,47.7,0.2046588323974609,475,13.0,call,2026-10-16,0.13972602739726028,764.260009765625,47.010000000000005,0.02935545628589667,0.17028271320188873,-0.05273640333213312
726.0,46.38,47.9,0.21497367065429687,19,1.0,call,2026-10-16,0.13972602739726028,764.260009765625,47.14,0.032244378447178534,0.18225878356517847,-0.051358043362011885
727.0,45.49,47.09,0.21399711791992188,85,6.0,call,2026-10-16,0.13972602739726028,764.260009765625,46.290000000000006,0.034564700799308734,0.181329382759955,-0.04998158065328856
728.0,44.6,46.32,0.21341728973388674,13,1.0,call,2026-10-16,0.13972602739726028,764.260009765625,45.46,0.037835459744830595,0.18059960808658929,-0.04860700999012203
729.0,43.76,45.57,0.2130053065490723,36,4.0,call,2026-10-16,0.13972602739726028,764.260009765625,44.665,0.04052390014552787,0.1802411058798975,-0.04723432617814981
730.0,42.99,44.55,0.209694182434082,783,5.0,call,2026-10-16,0.13972602739726028,764.260009765625,43.769999999999996,0.03564084989718975,0.17862804354263917,-0.04586352404437109
731.0,42.13,42.47,0.19518321914672854,227,170.0,call,2026-10-16,0.13972602739726028,764.260009765625,42.3,0.008037825059101568,0.17011706752009997,-0.04449459843702948
732.0,41.21,42.77,0.20575745422363279,29,1.0,call,2026-10-16,0.13972602739726028,764.260009765625,41.99,0.03715170278637776,0.17542508106637414,-0.043127544225496375
733.0,40.32,41.78,0.20270572692871092,153,3.0,call,2026-10-16,0.13972602739726028,764.260009765625,41.05,0.03556638246041415,0.17319631528428978,-0.04176235630015651
734.0,39.46,40.92,0.20098150100708007,31,6.0,call,2026-10-16,0.13972602739726028,764.260009765625,40.19,0.03632744463796967,0.17186258517265413,-0.04039902957229238
735.0,38.66,40.27,0.20134770828247067,1775,4.0,call,2026-10-16,0.13972602739726028,764.260009765625,39.465,0.040795641707842556,0.17201189008665227,-0.03903755897397124
736.0,37.78,39.29,0.19834175689697264,90,9.0,call,2026-10-16,0.13972602739726028,764.260009765625,38.535,0.039185156351368836,0.16979924263799825,-0.03767793945793175
737.0,36.98,38.4,0.19620554779052735,167,3.0,call,2026-10-16,0.13972602739726028,764.260009765625,37.69,0.03767577606792257,0.16850107068006717,-0.036320165997471336
738.0,36.15,36.44,0.18335777587890623,224,67.0,call,2026-10-16,0.13972602739726028,764.260009765625,36.295,0.007990081278412981,0.16111267042746769,-0.0349642335863354
739.0,35.32,35.63,0.1820302745056152,639,3.0,call,2026-10-16,0.13972602739726028,764.260009765625,35.475,0.008738548273432059,0.16006826275835728,-0.033610137238606196
740.0,34.67,34.89,0.1813588945007324,1720,12.0,call,2026-10-16,0.13972602739726028,764.260009765625,34.78,0.0063254744105807606,0.16032004206466535,-0.032257871988592486
741.0,33.71,33.97,0.1788717367553711,209,42.0,call,2026-10-16,0.13972602739726028,764.260009765625,33.84,0.0076832151300235815,0.15787514022021829,-0.030907432890721107
742.0,32.88,34.31,0.18853045364379883,172,1.0,call,2026-10-16,0.13972602739726028,764.260009765625,33.595,0.0425658580145855,0.16270651273621253,-0.0295588150194275
743.0,32.07,33.49,0.18685200363159182,200,1.0,call,2026-10-16,0.13972602739726028,764.260009765625,32.78,0.04331909701037223,0.16143933033047075,-0.028212013469048742
744.0,31.26,32.54,0.1839070867919922,242,25.0,call,2026-10-16,0.13972602739726028,764.260009765625,31.9,0.04012539184952971,0.15945704383006465,-0.02686702335371611
745.0,29.72,31.55,0.1805501867675781,1558,27.0,call,2026-10-16,0.13972602739726028,764.260009765625,30.634999999999998,0.0597355965399054,0.15352087218993393,-0.025523839807248417
746.0,29.82,30.09,0.17273776489257814,249,1.0,call,2026-10-16,0.13972602739726028,764.260009765625,29.955,0.009013520280420618,0.1535155451541005,-0.02418245798304715
747.0,28.94,30.25,0.18009242767333983,232,2.0,call,2026-10-16,0.13972602739726028,764.260009765625,29.595,0.044264233823280916,0.1566074615720368,-0.022842873053990652
748.0,28.16,28.42,0.16883155395507815,104,54.0,call,2026-10-16,0.13972602739726028,764.260009765625,28.29,0.00919052668787563,0.15024900959120946,-0.02150508021233067
749.0,26.65,27.68,0.16767189758300782,367,3.0,call,2026-10-16,0.13972602739726028,764.260009765625,27.165,0.03791643659120196,0.14566908264280415,-0.020169074669588505
750.0,26.71,26.88,0.16593241302490236,2778,24.0,call,2026-10-16,0.13972602739726028,764.260009765625,26.795,0.006344467251352795,0.14843128911884634,-0.018834851656451816
751.0,26.01,26.25,0.165673016204834,234,1.0,call,2026-10-16,0.13972602739726028,764.260009765625,26.130000000000003,0.009184845005740468,0.14821523558215574,-0.01750240642267315
752.0,25.16,26.47,0.17304293762207032,460,3.0,call,2026-10-16,0.13972602739726028,764.260009765625,25.814999999999998,0.050745690490025135,0.15124068471426144,-0.01617173423696814
753.0,24.54,24.78,0.16304853073120118,188,22.0,call,2026-10-16,0.13972602739726028,764.260009765625,24.66,0.009732360097323681,0.1462231247741518,-0.014842830386914344
754.0,23.82,24.05,0.16169051208496094,574,3.0,call,2026-10-16,0.13972602739726028,764.260009765625,23.935000000000002,0.009609358679757695,0.1452188982044753,-0.013515690178851918
755.0,23.13,23.35,0.16054611434936522,3310,8.0,call,2026-10-16,0.13972602739726028,764.260009765625,23.240000000000002,0.009466437177280653,0.14442361267625675,-0.012190308937783244
756.0,22.4,22.62,0.15906602661132813,538,1.0,call,2026-10-16,0.13972602739726028,764.260009765625,22.509999999999998,0.00977343402932041,0.14323190209118133,-0.010866682007274905
757.0,21.59,21.83,0.15699085205078128,237,1.0,call,2026-10-16,0.13972602739726028,764.260009765625,21.71,0.011054813450022958,0.14132969825918454,-0.009544804749359197
758.0,21.02,21.23,0.156533092956543,181,1.0,call,2026-10-16,0.13972602739726028,764.260009765625,21.125,0.009940828402366904,0.14132111405792774,-0.008224672544436273
759.0,20.24,20.46,0.15450369430541994,316,4.0,call,2026-10-16,0.13972602739726028,764.260009765625,20.35,0.01081081081081093,0.1395072726203101,-0.006906280791178072
760.0,19.59,19.78,0.15320671020507814,7724,15.0,call,2026-10-16,0.13972602739726028,764.260009765625,19.685000000000002,0.009652019304038672,0.13861501887784727,-0.005589624906431192
761.0,18.92,19.13,0.15207757110595704,336,1.0,call,2026-10-16,0.13972602739726028,764.260009765625,19.025,0.011038107752956494,0.1376880449977019,-0.004274700325122075
762.0,18.39,18.56,0.15158929473876953,291,1.0,call,2026-10-16,0.13972602739726028,764.260009765625,18.475,0.009201623815967423,0.13766057233462417,-0.002961502500161706
763.0,17.73,17.92,0.15041437973022465,514,4.0,call,2026-10-16,0.13972602739726028,764.260009765625,17.825000000000003,0.010659186535764446,0.13665663727998242,-0.0016500269023509311
764.0,17.01,17.19,0.14836972244262697,383,116.0,call,2026-10-16,0.13972602739726028,764.260009765625,17.1,0.010526315789473667,0.13490658208366293,-0.0003402690202875131
765.0,16.46,16.59,0.14737791107177733,5685,323.0,call,2026-10-16,0.13972602739726028,764.260009765625,16.525,0.007866868381240484,0.13439976082454969,0.0009677756397279868
766.0,15.9,15.94,0.1458825646972656,5046,135.0,call,2026-10-16,0.13972602739726028,764.260009765625,15.92,0.002512562814070298,0.1335402761293524,0.0022741115537833804
767.0,15.31,15.35,0.14481446014404298,4967,124.0,call,2026-10-16,0.13972602739726028,764.260009765625,15.33,0.0026092628832354303,0.13272434106839417,0.0035787431804482
768.0,14.74,14.76,0.14367006240844726,2054,257.0,call,2026-10-16,0.13972602739726028,764.260009765625,14.75,0.0013559322033898015,0.13190629551884597,0.004881674960864112
769.0,14.15,14.19,0.14261721649169923,760,219.0,call,2026-10-16,0.13972602739726028,764.260009765625,14.17,0.002822865208186249,0.13099671950291605,0.006182911318836073
770.0,13.61,13.64,0.1416406637573242,8486,202.0,call,2026-10-16,0.13972602739726028,764.260009765625,13.625,0.0022018348623854046,0.1303017977102109,0.007482456660921564
771.0,13.07,13.11,0.14075566284179689,1543,39.0,call,2026-10-16,0.13972602739726028,764.260009765625,13.09,0.0030557677616500495,0.12960058761392876,0.008780315376521453
772.0,12.5,12.59,0.1398554032897949,1398,42.0,call,2026-10-16,0.13972602739726028,764.260009765625,12.545,0.007174172977281774,0.12871526766889127,0.010076491837968287
773.0,12.01,12.05,0.13869574691772463,872,35.0,call,2026-10-16,0.13972602739726028,764.260009765625,12.030000000000001,0.00332502078137996,0.12799735511044116,0.01137099040061401
774.0,11.53,11.57,0.13797859100341797,621,37.0,call,2026-10-16,0.13972602739726028,764.260009765625,11.55,0.003463203463203543,0.12749178864538227,0.012663815402919098
775.0,11.05,11.09,0.13715462463378908,4458,131.0,call,2026-10-16,0.13972602739726028,764.260009765625,11.07,0.0036133694670279267,0.1268877782664723,0.013954971166539128
776.0,10.57,10.61,0.13625436508178712,757,51.0,call,2026-10-16,0.13972602739726028,764.260009765625,10.59,0.0037771482530688525,0.1261831993542821,0.015244461996410816
777.0,10.08,10.11,0.13506419143676762,606,54.0,call,2026-10-16,0.13972602739726028,764.260009765625,10.094999999999999,0.0029717682020801747,0.1252397501134708,0.01653229218083944
778.0,9.64,9.68,0.1344080700683594,2463,33.0,call,2026-10-16,0.13972602739726028,764.260009765625,9.66,0.0041407867494823135,0.12473473699947552,0.01781846599158375
779.0,9.22,9.26,0.13373669006347655,1617,52.0,call,2026-10-16,0.13972602739726028,764.260009765625,9.24,0.004329004329004236,0.12426424732409604,0.019102987683940347
780.0,8.78,8.84,0.1329737582397461,5481,145.0,call,2026-10-16,0.13972602739726028,764.260009765625,8.809999999999999,0.006810442678774177,0.12359726350620395,0.020385861496829437
781.0,8.37,8.4,0.13192091232299807,1763,14.0,call,2026-10-16,0.13972602739726028,764.260009765625,8.385,0.003577817531306039,0.12286828249033445,0.021667091652877914
782.0,7.99,8.02,0.13132582550048827,885,16.0,call,2026-10-16,0.13972602739726028,764.260009765625,8.004999999999999,0.003747657713928715,0.12245374573489723,0.02294668235850318
783.0,7.61,7.64,0.13063918685913084,665,18.0,call,2026-10-16,0.13972602739726028,764.260009765625,7.625,0.003934426229508113,0.12193319147462131,0.024224637803995135
784.0,7.24,7.27,0.12992203094482419,948,17.0,call,2026-10-16,0.13972602739726028,764.260009765625,7.255,0.004135079255685646,0.12140002345042607,0.025500962163599816
785.0,6.86,6.93,0.12941849594116211,3692,23.0,call,2026-10-16,0.13972602739726028,764.260009765625,6.895,0.010152284263959303,0.12085398220199053,0.026775659595600552
786.0,6.49,6.59,0.1287928918457031,490,27.0,call,2026-10-16,0.13972602739726028,764.260009765625,6.54,0.015290519877675787,0.12024483146276718,0.028048734242398597
787.0,6.16,6.26,0.12818254638671872,468,15.0,call,2026-10-16,0.13972602739726028,764.260009765625,6.21,0.016103059581320394,0.11977318581063301,0.029320190230595213
788.0,5.87,5.91,0.12723651092529298,626,167.0,call,2026-10-16,0.13972602739726028,764.260009765625,5.890000000000001,0.006791171477079801,0.11929151761294249,0.03059003167107126
789.0,5.54,5.63,0.12690082092285154,737,13.0,call,2026-10-16,0.13972602739726028,764.260009765625,5.585,0.016114592658907762,0.11885277331930014,0.031858262659066314
790.0,5.28,5.3,0.1259395268249512,9873,361.0,call,2026-10-16,0.13972602739726028,764.260009765625,5.29,0.0037807183364838514,0.11840676654990531,0.033124887274259184
791.0,5.0,5.02,0.12540547454833983,547,3.0,call,2026-10-16,0.13972602739726028,764.260009765625,5.01,0.003992015968063787,0.11800898526427309,0.03438990958084603
792.0,4.73,4.75,0.1248561636352539,452,14.0,call,2026-10-16,0.13972602739726028,764.260009765625,4.74,0.004219409282700331,0.11760794059168513,0.03565333362761794
793.0,4.47,4.49,0.1243221113586426,701,16.0,call,2026-10-16,0.13972602739726028,764.260009765625,4.48,0.004464285714285817,0.11720496360201509,0.03691516344804001
794.0,4.19,4.28,0.12426107681274415,752,14.0,call,2026-10-16,0.13972602739726028,764.260009765625,4.235,0.02125147579693031,0.11686009705056807,0.03817540306032768
795.0,3.98,4.0,0.12325400680541992,6828,69.0,call,2026-10-16,0.13972602739726028,764.260009765625,3.99,0.005012531328320806,0.11639964925715147,0.039434056467524
796.0,3.76,3.79,0.12297935134887697,1163,16.0,call,2026-10-16,0.13972602739726028,764.260009765625,3.775,0.007947019867549735,0.11618561612513244,0.04069112765757505
797.0,3.55,3.58,0.12259788543701172,10910,49.0,call,2026-10-16,0.13972602739726028,764.260009765625,3.565,0.008415147265077208,0.11592419549376429,0.04194662060340701
798.0,3.34,3.37,0.12210960906982424,1757,40.0,call,2026-10-16,0.13972602739726028,764.260009765625,3.355,0.008941877794336885,0.1155492269531146,0.04320053926300089
799.0,3.14,3.17,0.12162133270263673,1838,80.0,call,2026-10-16,0.13972602739726028,764.260009765625,3.1550000000000002,0.009508716323296293,0.11518681020561125,0.04445288757946672
800.0,2.95,2.98,0.12116357360839844,9747,137.0,call,2026-10-16,0.13972602739726028,764.260009765625,2.965,0.010118043844856596,0.11484071124223587,0.045703669481119286
805.0,2.16,2.18,0.11936305450439452,4336,90.0,call,2026-10-16,0.13972602739726028,764.260009765625,2.17,0.00921658986175116,0.1136121629242735,0.05193421923175546
810.0,1.55,1.57,0.1178677081298828,8827,127.0,call,2026-10-16,0.13972602739726028,764.260009765625,1.56,0.012820512820512832,0.1125583163342753,0.058126189479676425
815.0,1.1,1.11,0.11658598266601564,11596,34.0,call,2026-10-16,0.13972602739726028,764.260009765625,1.105,0.009049773755656116,0.11173442818465959,0.06428005505405478
820.0,0.78,0.79,0.11603667175292968,9115,83.0,call,2026-10-16,0.13972602739726028,764.260009765625,0.785,0.012738853503184724,0.1115033198663001,0.07039628207149076
825.0,0.56,0.57,0.11615874084472656,4886,137.0,call,2026-10-16,0.13972602739726028,764.260009765625,0.565,0.017699115044247607,0.1119080758552259,0.07647532814787304
830.0,0.4,0.41,0.11646391357421876,12968,15.0,call,2026-10-16,0.13972602739726028,764.260009765625,0.405,0.024691358024691242,0.11244218140359415,0.08251764260383555
835.0,0.29,0.3,0.11731839721679688,10423,674.0,call,2026-10-16,0.13972602739726028,764.260009765625,0.295,0.0338983050847458,0.1134272519773108,0.08852366666404753
840.0,0.22,0.23,0.11902736450195311,2584,1.0,call,2026-10-16,0.13972602739726028,764.260009765625,0.225,0.04444444444444448,0.11526683290325071,0.09449383365055145
845.0,0.18,0.19,0.12195702270507813,10458,54.0,call,2026-10-16,0.13972602739726028,764.260009765625,0.185,0.054054054054054106,0.11829972225022348,0.10042856917036588
850.0,0.14,0.15,0.124032197265625,9601,8.0,call,2026-10-16,0.13972602739726028,764.260009765625,0.14500000000000002,0.06896551724137917,0.12044064650491984,0.10632829129755426
855.0,0.12,0.13,0.1274501318359375,761,1.0,call,2026-10-16,0.13972602739726028,764.260009765625,0.125,0.08000000000000007,0.12399026534285704,0.11219341074995223
860.0,0.09,0.11,0.13062392822265623,2020,5.0,call,2026-10-16,0.13972602739726028,764.260009765625,0.1,0.20000000000000004,0.12625800868100395,0.11802433106074553
865.0,0.08,0.09,0.132821171875,575,2.0,call,2026-10-16,0.13972602739726028,764.260009765625,0.08499999999999999,0.11764705882352937,0.12935346379402815,0.12382144874507132
870.0,0.07,0.08,0.13648324462890626,349,1.0,call,2026-10-16,0.13972602739726028,764.260009765625,0.07500000000000001,0.13333333333333325,0.13289696890530292,0.1295851534618215
875.0,0.06,0.07,0.139657041015625,877,1.0,call,2026-10-16,0.13972602739726028,764.260009765625,0.065,0.15384615384615397,0.13606291071852072,0.13531582817080642
880.0,0.05,0.06,0.14258669921875,429,24.0,call,2026-10-16,0.13972602739726028,764.260009765625,0.055,0.18181818181818174,0.1387764655196862,0.14101384928544425
885.0,0.05,0.06,0.147469462890625,1391,1126.0,call,2026-10-16,0.13972602739726028,764.260009765625,0.055,0.18181818181818174,0.1438657554789684,0.1466795868211215
375.0,0.05,0.06,0.6367223828125,6669,21.0,put,2026-10-16,0.13972602739726028,764.260009765625,0.055,0.18181818181818174,0.6458435319669419,-0.7119820322163971
380.0,0.05,0.06,0.6250037500000001,2334,1531.0,put,2026-10-16,0.13972602739726028,764.260009765625,0.055,0.18181818181818174,0.6345579659746304,-0.6987368054663765
385.0,0.05,0.06,0.6132851171875001,692,2.0,put,2026-10-16,0.13972602739726028,764.260009765625,0.055,0.18181818181818174,0.6234166122346749,-0.6856647238990238
390.0,0.05,0.06,0.6035195898437502,2906,245.0,put,2026-10-16,0.13972602739726028,764.260009765625,0.055,0.18181818181818174,0.6124154845312016,-0.6727613190631159
395.0,0.06,0.07,0.6015664843750002,1695,243.0,put,2026-10-16,0.13972602739726028,764.260009765625,0.065,0.15384615384615397,0.6106137511500374,-0.6600222932856862
400.0,0.06,0.07,0.5898478515625001,21216,28.0,put,2026-10-16,0.13972602739726028,764.260009765625,0.065,0.15384615384615397,0.5997358466541716,-0.647443511078826
405.0,0.06,0.07,0.5800823242187501,3149,2.0,put,2026-10-16,0.13972602739726028,764.260009765625,0.065,0.15384615384615397,0.5889887917121958,-0.6350209910802689
410.0,0.07,0.08,0.57617611328125,13516,6.0,put,2026-10-16,0.13972602739726028,764.260009765625,0.07500000000000001,0.13333333333333325,0.5860362532311594,-0.6227508984884546
415.0,0.07,0.08,0.5664105859375,1251,1.0,put,2026-10-16,0.13972602739726028,764.260009765625,0.07500000000000001,0.13333333333333325,0.5754158437566509,-0.6106295379561097
420.0,0.08,0.09,0.5625043750000001,1261,1.0,put,2026-10-16,0.13972602739726028,764.260009765625,0.08499999999999999,0.11764705882352937,0.5716189012603445,-0.5986533469093939
425.0,0.08,0.09,0.551762294921875,154829,19.0,put,2026-10-16,0.13972602739726028,764.260009765625,0.08499999999999999,0.11764705882352937,0.5611297732014234,-0.586818889262391
430.0,0.09,0.1,0.5478560839843751,15597,11.0,put,2026-10-16,0.13972602739726028,764.260009765625,0.095,0.10526315789473693,0.556687669623336,-0.5751228494991998
435.0,0.09,0.1,0.5371140039062501,192,10.0,put,2026-10-16,0.13972602739726028,764.260009765625,0.095,0.10526315789473693,0.5463316477813099,-0.5635620270981238
440.0,0.1,0.11,0.532231240234375,460,45.0,put,2026-10-16,0.13972602739726028,764.260009765625,0.10500000000000001,0.09523809523809518,0.5413857748241475,-0.552133331274501
445.0,0.11,0.12,0.5273484765625001,4213,5.0,put,2026-10-16,0.13972602739726028,764.260009765625,0.11499999999999999,0.0869565217391304,0.5360137803540121,-0.5408337760205677
450.0,0.11,0.12,0.516606396484375,1745,6.0,put,2026-10-16,0.13972602739726028,764.260009765625,0.11499999999999999,0.0869565217391304,0.5258168926426563,-0.5296604754224425
455.0,0.12,0.13,0.5112353564453125,2656,5.0,put,2026-10-16,0.13972602739726028,764.260009765625,0.125,0.08000000000000007,0.5201207380052848,-0.5186106392358575
460.0,0.13,0.14,0.5048877636718749,376,5.0,put,2026-10-16,0.13972602739726028,764.260009765625,0.135,0.07407407407407414,0.5141297069104532,-0.5076815687036673
465.0,0.14,0.15,0.5009815527343751,2598,10.0,put,2026-10-16,0.13972602739726028,764.260009765625,0.14500000000000002,0.06896551724137917,0.5078880264194482,-0.4968706525994517
470.0,0.15,0.16,0.49414568359375005,254,5.0,put,2026-10-16,0.13972602739726028,764.260009765625,0.155,0.06451612903225812,0.5014315855523768,-0.48617536348270374
475.0,0.16,0.17,0.48730981445312505,213,34.0,put,2026-10-16,0.13972602739726028,764.260009765625,0.165,0.060606060606060656,0.49478989798059386,-0.4755932541521668
480.0,0.17,0.18,0.4804739453125,6083,1.0,put,2026-10-16,0.13972602739726028,764.260009765625,0.175,0.05714285714285704,0.48798751193068385,-0.4651219542848714
485.0,0.18,0.19,0.47363807617187503,131,26.0,put,2026-10-16,0.13972602739726028,764.260009765625,0.185,0.054054054054054106,0.48104504405223447,-0.4547591672493248
490.0,0.19,0.2,0.46680220703125,61,1.0,put,2026-10-16,0.13972602739726028,764.260009765625,0.195,0.05128205128205133,0.4739799603968616,-0.44450266708213576
495.0,0.2,0.21,0.4594780615234375,184,4.0,put,2026-10-16,0.13972602739726028,764.260009765625,0.20500000000000002,0.04878048780487795,0.46680715441799553,-0.43435029561811755
500.0,0.22,0.23,0.4545952978515625,3741,3.0,put,2026-10-16,0.13972602739726028,764.260009765625,0.225,0.04444444444444448,0.46195323618196665,-0.42429995976461615
505.0,0.23,0.24,0.4467828759765625,435,52.0,put,2026-10-16,0.13972602739726028,764.260009765625,0.235,0.042553191489361625,0.45448425243214624,-0.41434962891144805
510.0,0.24,0.25,0.43945873046875,1481,2.0,put,2026-10-16,0.13972602739726028,764.260009765625,0.245,0.04081632653061228,0.4469494695055838,-0.40449733246843644
515.0,0.26,0.27,0.4338435522460938,325,10.0,put,2026-10-16,0.13972602739726028,764.260009765625,0.265,0.03773584905660381,0.44138586024990045,-0.39474115752307176
520.0,0.27,0.28,0.42627526855468756,856,19.0,put,2026-10-16,0.13972602739726028,764.260009765625,0.275,0.03636363636363639,0.43365100761460473,-0.3850792466113349
525.0,0.29,0.3,0.42017181396484377,301537,6.0,put,2026-10-16,0.13972602739726028,764.260009765625,0.295,0.0338983050847458,0.4276863352652321,-0.3755097955951842
530.0,0.31,0.32,0.4138242211914062,823,21.0,put,2026-10-16,0.13972602739726028,764.260009765625,0.315,0.03174603174603177,0.4214951646676462,-0.3660310516406404
535.0,0.33,0.34,0.4074766284179688,440,3.0,put,2026-10-16,0.13972602739726028,764.260009765625,0.335,0.02985074626865674,0.41510470207636324,-0.3566413112908014
540.0,0.35,0.36,0.4008848974609375,5276,3.0,put,2026-10-16,0.13972602739726028,764.260009765625,0.355,0.028169014084507067,0.40853768814039715,-0.3473389186284879
545.0,0.36,0.37,0.39282833740234374,721,15.0,put,2026-10-16,0.13972602739726028,764.260009765625,0.365,0.02739726027397263,0.400396214112055,-0.3381222635235639
550.0,0.39,0.4,0.38721315917968746,15066,21.0,put,2026-10-16,0.13972602739726028,764.260009765625,0.395,0.025316455696202552,0.3949478277363024,-0.3289897799602914
555.0,0.41,0.43,0.3815979809570312,272,8.0,put,2026-10-16,0.13972602739726028,764.260009765625,0.42,0.047619047619047665,0.3885825450638471,-0.3199399444403735
560.0,0.44,0.45,0.3742738354492187,393,25.0,put,2026-10-16,0.13972602739726028,764.260009765625,0.445,0.02247191011235957,0.3820343365370881,-0.3109712744576131
565.0,0.46,0.47,0.367193828125,856,8.0,put,2026-10-16,0.13972602739726028,764.260009765625,0.46499999999999997,0.021505376344085923,0.37476355072074635,-0.3020823270403671
570.0,0.49,0.5,0.36084623535156246,870,48.0,put,2026-10-16,0.13972602739726028,764.260009765625,0.495,0.02020202020202022,0.3684610948755227,-0.29327169735821207
575.0,0.52,0.53,0.35425450439453116,894,6.0,put,2026-10-16,0.13972602739726028,764.260009765625,0.525,0.019047619047619063,0.3619630151927014,-0.28453801738945744
580.0,0.56,0.57,0.3485172570800781,1496,55.0,put,2026-10-16,0.13972602739726028,764.260009765625,0.565,0.017699115044247607,0.35621953198971706,-0.2758799546463429
585.0,0.59,0.6,0.3415593188476562,1681,4.0,put,2026-10-16,0.13972602739726028,764.260009765625,0.595,0.016806722689075647,0.3493348894353422,-0.26729621095495143
590.0,0.62,0.63,0.33460138061523437,3207,56.0,put,2026-10-16,0.13972602739726028,764.260009765625,0.625,0.016000000000000014,0.34230818119468903,-0.2587855212870428
595.0,0.66,0.67,0.3282537878417968,1662,101.0,put,2026-10-16,0.13972602739726028,764.260009765625,0.665,0.015037593984962419,0.33593487181405,-0.25034665264117817
600.0,0.7,0.71,0.32166205688476557,13304,18.0,put,2026-10-16,0.13972602739726028,764.260009765625,0.705,0.014184397163120581,0.32935613456277096,-0.24197840297066156
605.0,0.74,0.75,0.31482618774414056,2156,1.0,put,2026-10-16,0.13972602739726028,764.260009765625,0.745,0.01342281879194632,0.32259028046144134,-0.23367960015596648
610.0,0.79,0.8,0.3086006640625,2926,21.0,put,2026-10-16,0.13972602739726028,764.260009765625,0.795,0.012578616352201269,0.3163064716854417,-0.22544910101945104
615.0,0.85,0.86,0.30261927856445314,1038,2.0,put,2026-10-16,0.13972602739726028,764.260009765625,0.855,0.01169590643274855,0.3104007644384154,-0.21728579038029008
620.0,0.9,0.91,0.295905478515625,3333,40.0,put,2026-10-16,0.13972602739726028,764.260009765625,0.905,0.011049723756906087,0.30363783151648294,-0.20918858014767075
625.0,0.96,0.97,0.28943581665039053,156400,10.0,put,2026-10-16,0.13972602739726028,764.260009765625,0.965,0.010362694300518144,0.2972226421801399,-0.2011564084504065
630.0,1.02,1.03,0.2827220166015625,36327,24.0,put,2026-10-16,0.13972602739726028,764.260009765625,1.025,0.009756097560975618,0.2905678251229958,-0.19318823880122962
635.0,1.09,1.1,0.27637442382812494,1211,100.0,put,2026-10-16,0.13972602739726028,764.260009765625,1.0950000000000002,0.009132420091324207,0.28416848805482786,-0.18528305929411634
640.0,1.17,1.18,0.27008786560058595,5352,116.0,put,2026-10-16,0.13972602739726028,764.260009765625,1.1749999999999998,0.00851063829787235,0.27795424593747975,-0.17743988183309048
645.0,1.25,1.26,0.26355716918945316,10348,104.0,put,2026-10-16,0.13972602739726028,764.260009765625,1.255,0.00796812749003985,0.27144609838293215,-0.1696577413910354
650.0,1.34,1.36,0.25751474914550787,25499,27.0,put,2026-10-16,0.13972602739726028,764.260009765625,1.35,0.014814814814814828,0.2652530593941147,-0.1619356952971251
655.0,1.44,1.46,0.25110612182617187,8784,2.0,put,2026-10-16,0.13972602739726028,764.260009765625,1.45,0.013793103448275874,0.25891959974275397,-0.154272822551556
660.0,1.56,1.58,0.245124736328125,5127,187.0,put,2026-10-16,0.13972602739726028,764.260009765625,1.57,0.012738853503184724,0.2529460085743812,-0.14666822316633668
665.0,1.68,1.69,0.23834990173339843,1881,7.0,put,2026-10-16,0.13972602739726028,764.260009765625,1.685,0.005934718100890213,0.24643106909478102,-0.1391210175309538
670.0,1.82,1.84,0.23249058532714845,3988,68.0,put,2026-10-16,0.13972602739726028,764.260009765625,1.83,0.010928961748633888,0.24047181085685035,-0.1316303458017962
675.0,1.98,2.0,0.2264481652832031,6496,136.0,put,2026-10-16,0.13972602739726028,764.260009765625,1.99,0.010050251256281416,0.23450035140984102,-0.12419536731427812
680.0,2.14,2.15,0.21967333068847655,41680,129.0,put,2026-10-16,0.13972602739726028,764.260009765625,2.145,0.004662004662004562,0.2279548888896653,-0.11681526001665557
685.0,2.35,2.36,0.21393608337402342,1930,26.0,put,2026-10-16,0.13972602739726028,764.260009765625,2.355,0.004246284501061481,0.22232489443528486,-0.10948921992458267
690.0,2.56,2.58,0.20789366333007808,9815,268.0,put,2026-10-16,0.13972602739726028,764.260009765625,2.5700000000000003,0.007782101167315181,0.21625870064103578,-0.10221646059550289
695.0,2.79,2.82,0.20169865692138672,3922,132.0,put,2026-10-16,0.13972602739726028,764.260009765625,2.8049999999999997,0.010695187165775333,0.21008412214692276,-0.09499621262201584
700.0,3.08,3.09,0.1955036505126953,26640,3677.0,put,2026-10-16,0.13972602739726028,764.260009765625,3.085,0.0032414910858994447,0.20422848283297076,-0.08782772314340331
701.0,3.11,3.18,0.1948322705078125,1414,19.0,put,2026-10-16,0.13972602739726028,764.260009765625,3.145,0.022257551669316464,0.20305619461591892,-0.08640017115221785
702.0,3.18,3.24,0.19361157958984376,440,17.0,put,2026-10-16,0.13972602739726028,764.260009765625,3.21,0.018691588785046745,0.20194961466792563,-0.08497465416099689
703.0,3.27,3.3,0.19232985412597658,667,18.0,put,2026-10-16,0.13972602739726028,764.260009765625,3.285,0.009132420091324141,0.2009958766739825,-0.08355116637614306
704.0,3.33,3.35,0.19089554229736327,1063,33.0,put,2026-10-16,0.13972602739726028,764.260009765625,3.34,0.005988023952095814,0.1996499030025229,-0.08212970202876552
705.0,3.37,3.43,0.1899189895629883,4030,161.0,put,2026-10-16,0.13972602739726028,764.260009765625,3.4000000000000004,0.017647058823529425,0.19836936408715553,-0.08071025537453934
706.0,3.47,3.5,0.18872881591796875,375,29.0,put,2026-10-16,0.13972602739726028,764.260009765625,3.4850000000000003,0.008608321377331363,0.19749879256793673,-0.07929282069356586
707.0,3.55,3.57,0.1875386422729492,645,199.0,put,2026-10-16,0.13972602739726028,764.260009765625,3.5599999999999996,0.0056179775280898936,0.19641920818351596,-0.07787739229023515
708.0,3.61,3.64,0.18631795135498047,474,1042.0,put,2026-10-16,0.13972602739726028,764.260009765625,3.625,0.008275862068965585,0.19513917194809796,-0.0764639644930882
709.0,3.68,3.7,0.18488363952636716,1121,26.0,put,2026-10-16,0.13972602739726028,764.260009765625,3.6900000000000004,0.00542005420054201,0.1938327067533427,-0.07505253165468043
710.0,3.76,3.79,0.1839070867919922,11611,105.0,put,2026-10-16,0.13972602739726028,764.260009765625,3.775,0.007947019867549735,0.19282804459819147,-0.07364308815144689
711.0,3.85,3.87,0.18274743041992186,4076,17.0,put,2026-10-16,0.13972602739726028,764.260009765625,3.8600000000000003,0.005181347150259072,0.19178802531288114,-0.07223562838356708
712.0,3.88,3.96,0.18170984313964844,572,16.0,put,2026-10-16,0.13972602739726028,764.260009765625,3.92,0.02040816326530614,0.19031569793976774,-0.07083014677483214
713.0,3.96,4.04,0.1804891522216797,454,18.0,put,2026-10-16,0.13972602739726028,764.260009765625,4.0,0.020000000000000018,0.18913431408433315,-0.06942663777251204
714.0,4.09,4.11,0.1790548403930664,560,22.0,put,2026-10-16,0.13972602739726028,764.260009765625,4.1,0.004878048780487918,0.18823049290636565,-0.06802509584722355
715.0,4.18,4.2,0.1779257012939453,5888,287.0,put,2026-10-16,0.13972602739726028,764.260009765625,4.1899999999999995,0.0047732696897375805,0.1871343227544272,-0.06662551549280035
716.0,4.27,4.29,0.1767355276489258,649,33.0,put,2026-10-16,0.13972602739726028,764.260009765625,4.279999999999999,0.004672897196261791,0.1860031989978315,-0.06522789122616234
717.0,4.32,4.39,0.17566742309570313,699,18.0,put,2026-10-16,0.13972602739726028,764.260009765625,4.355,0.016073478760045785,0.1846159112464285,-0.06383221758718756
718.0,4.45,4.47,0.1742941458129883,1248,18.0,put,2026-10-16,0.13972602739726028,764.260009765625,4.46,0.0044843049327353305,0.18363806593812276,-0.062438489138583804
719.0,4.55,4.57,0.17313448944091797,479,20.0,put,2026-10-16,0.13972602739726028,764.260009765625,4.5600000000000005,0.004385964912280803,0.1825484765897417,-0.06104670046576125
720.0,4.63,4.67,0.17195957443237309,11950,302.0,put,2026-10-16,0.13972602739726028,764.260009765625,4.65,0.008602150537634416,0.18128015976278275,-0.0596568461767069
721.0,4.71,4.78,0.17087621124267582,562,17.0,put,2026-10-16,0.13972602739726028,764.260009765625,4.745,0.014752370916754538,0.18004881290463537,-0.05826892090185889
722.0,4.81,4.89,0.16974707214355472,984,21.0,put,2026-10-16,0.13972602739726028,764.260009765625,4.85,0.016494845360824757,0.178920657054286,-0.05688291929398169
723.0,4.94,4.97,0.16819069122314456,610,39.0,put,2026-10-16,0.13972602739726028,764.260009765625,4.955,0.006054490413723383,0.1777546156702669,-0.05549883602804331
724.0,5.04,5.11,0.16739724212646484,313,30.0,put,2026-10-16,0.13972602739726028,764.260009765625,5.075,0.013793103448275917,0.17675169450533765,-0.05411666580109158
725.0,5.18,5.21,0.16602396484375004,31319,267.0,put,2026-10-16,0.13972602739726028,764.260009765625,5.195,0.005774783445620837,0.17570611591651192,-0.05273640333213312
726.0,5.3,5.33,0.1648643084716797,1735,25.0,put,2026-10-16,0.13972602739726028,764.260009765625,5.3149999999999995,0.00564440263405461,0.1746184860477786,-0.051358043362011885
727.0,5.43,5.46,0.16379620391845706,1582,33.0,put,2026-10-16,0.13972602739726028,764.260009765625,5.445,0.005509641873278282,0.17361738404197793,-0.04998158065328856
728.0,5.55,5.58,0.16256025436401367,1323,41.0,put,2026-10-16,0.13972602739726028,764.260009765625,5.5649999999999995,0.00539083557951487,0.17244546416301249,-0.04860700999012203
729.0,5.67,5.71,0.16140059799194334,714,39.0,put,2026-10-16,0.13972602739726028,764.260009765625,5.6899999999999995,0.007029876977152906,0.1712952585443561,-0.04723432617814981
730.0,5.76,5.85,0.16031723480224608,30655,190.0,put,2026-10-16,0.13972602739726028,764.260009765625,5.805,0.015503875968992224,0.16998024236509984,-0.04586352404437109
731.0,5.94,5.97,0.15894395751953128,809,24.0,put,2026-10-16,0.13972602739726028,764.260009765625,5.955,0.005037783375314754,0.16905151211163952,-0.04449459843702948
732.0,6.09,6.12,0.15789111160278319,830,18.0,put,2026-10-16,0.13972602739726028,764.260009765625,6.105,0.004914004914004955,0.16807347242098458,-0.043127544225496375
733.0,6.22,6.26,0.15667042068481446,2819,18.0,put,2026-10-16,0.13972602739726028,764.260009765625,6.24,0.006410256410256416,0.16686978233351635,-0.04176235630015651
734.0,6.33,6.37,0.15506826385498051,625,17.0,put,2026-10-16,0.13972602739726028,764.260009765625,6.35,0.006299212598425203,0.16533106640271109,-0.04039902957229238
735.0,6.53,6.57,0.1544121424865723,8924,2087.0,put,2026-10-16,0.13972602739726028,764.260009765625,6.550000000000001,0.006106870229007639,0.1647921107564751,-0.03903755897397124
736.0,6.69,6.72,0.1531609342956543,1049,17.0,put,2026-10-16,0.13972602739726028,764.260009765625,6.705,0.004474272930648674,0.1636799484396217,-0.03767793945793175
737.0,6.85,6.89,0.15207757110595704,1315,19.0,put,2026-10-16,0.13972602739726028,764.260009765625,6.869999999999999,0.005822416302765653,0.16263151307803958,-0.036320165997471336
738.0,7.03,7.06,0.15093317337036138,5522,27.0,put,2026-10-16,0.13972602739726028,764.260009765625,7.045,0.0042583392476933084,0.16164294776767876,-0.0349642335863354
739.0,7.2,7.23,0.14974299972534183,2119,215.0,put,2026-10-16,0.13972602739726028,764.260009765625,7.215,0.004158004158004193,0.16054666064474954,-0.033610137238606196
740.0,7.38,7.41,0.14859860198974612,11869,297.0,put,2026-10-16,0.13972602739726028,764.260009765625,7.395,0.0040567951318458756,0.15950698339561348,-0.032257871988592486
741.0,7.56,7.6,0.14749998016357424,1042,18.0,put,2026-10-16,0.13972602739726028,764.260009765625,7.58,0.0052770448548812715,0.1584670302917428,-0.030907432890721107
742.0,7.75,7.79,0.1463403237915039,6251,16.0,put,2026-10-16,0.13972602739726028,764.260009765625,7.77,0.005148005148005153,0.157425263223534,-0.0295588150194275
743.0,7.92,8.01,0.14544006423950195,614,22.0,put,2026-10-16,0.13972602739726028,764.260009765625,7.965,0.01129943502824857,0.1563801741732938,-0.028212013469048742
744.0,8.16,8.2,0.14417359741210936,1022,18.0,put,2026-10-16,0.13972602739726028,764.260009765625,8.18,0.004889975550122145,0.15548481688722837,-0.02686702335371611
745.0,8.37,8.41,0.1430444583129883,7742,63.0,put,2026-10-16,0.13972602739726028,764.260009765625,8.39,0.004767580452920253,0.1544779130763121,-0.025523839807248417
746.0,8.58,8.62,0.14185428466796873,720,55.0,put,2026-10-16,0.13972602739726028,764.260009765625,8.6,0.0046511627906975755,0.15341187999023134,-0.02418245798304715
747.0,8.78,8.86,0.14087773193359376,491,281.0,put,2026-10-16,0.13972602739726028,764.260009765625,8.82,0.009070294784580506,0.15238666483348712,-0.022842873053990652
748.0,9.04,9.08,0.139657041015625,533,379.0,put,2026-10-16,0.13972602739726028,764.260009765625,9.059999999999999,0.004415011037527696,0.15149806073426444,-0.02150508021233067
749.0,9.28,9.32,0.13855841918945314,973,17.0,put,2026-10-16,0.13972602739726028,764.260009765625,9.3,0.004301075268817303,0.15054482575873818,-0.020169074669588505
750.0,9.54,9.57,0.13749031463623052,15715,961.0,put,2026-10-16,0.13972602739726028,764.260009765625,9.555,0.00313971742543183,0.14967240974838414,-0.018834851656451816
751.0,9.78,9.82,0.1363459169006348,627,60.0,put,2026-10-16,0.13972602739726028,764.260009765625,9.8,0.0040816326530613185,0.14863710968884772,-0.01750240642267315
752.0,10.0,10.11,0.13549143325805668,845,25.0,put,2026-10-16,0.13972602739726028,764.260009765625,10.055,0.010939830929885572,0.14763175368792897,-0.01617173423696814
753.0,10.28,10.37,0.13430125961303713,2867,20.0,put,2026-10-16,0.13972602739726028,764.260009765625,10.325,0.008716707021791755,0.14670094583810478,-0.014842830386914344
754.0,10.56,10.66,0.1333094482421875,788,18.0,put,2026-10-16,0.13972602739726028,764.260009765625,10.61,0.009425070688030127,0.14584110793082447,-0.013515690178851918
755.0,10.89,10.93,0.13205824005126954,16740,10857.0,put,2026-10-16,0.13972602739726028,764.260009765625,10.91,0.003666361136571874,0.1450488872457248,-0.012190308937783244
756.0,11.19,11.24,0.1310816873168945,504,21.0,put,2026-10-16,0.13972602739726028,764.260009765625,11.215,0.004458314757021909,0.14422905400318412,-0.010866682007274905
757.0,11.45,11.56,0.1301203932189941,689,18.0,put,2026-10-16,0.13972602739726028,764.260009765625,11.504999999999999,0.009561060408518141,0.14319763663152332,-0.009544804749359197
758.0,11.77,11.87,0.12899125411987306,768,56.0,put,2026-10-16,0.13972602739726028,764.260009765625,11.82,0.008460236886632796,0.14232069089713317,-0.008224672544436273
759.0,12.15,12.2,0.127938408203125,488,17.0,put,2026-10-16,0.13972602739726028,764.260009765625,12.175,0.0041067761806980645,0.14172919148800958,-0.006906280791178072
760.0,12.44,12.54,0.12690082092285154,4315,125.0,put,2026-10-16,0.13972602739726028,764.260009765625,12.489999999999998,0.008006405124099251,0.14069775486442931,-0.005589624906431192
761.0,12.84,12.89,0.12586323364257812,380,23.0,put,2026-10-16,0.13972602739726028,764.260009765625,12.865,0.003886513797124035,0.14012606989000262,-0.004274700325122075
762.0,13.22,13.27,0.12500875,441,22.0,put,2026-10-16,0.13972602739726028,764.260009765625,13.245000000000001,0.0037750094375235133,0.13951641360916867,-0.002961502500161706
763.0,13.52,13.65,0.12404745590209962,1053,27.0,put,2026-10-16,0.13972602739726028,764.260009765625,13.585,0.009569377990430679,0.1384687306423706,-0.0016500269023509311
764.0,13.97,14.02,0.1229030581665039,633,45.0,put,2026-10-16,0.13972602739726028,764.260009765625,13.995000000000001,0.003572704537334686,0.1379590114457578,-0.0003402690202875131
765.0,14.36,14.41,0.12183495361328125,4204,1405.0,put,2026-10-16,0.13972602739726028,764.260009765625,14.385,0.0034758428919013356,0.13718709660084327,0.0009677756397279868
766.0,14.77,14.83,0.12094995269775391,3753,1129.0,put,2026-10-16,0.13972602739726028,764.260009765625,14.8,0.004054054054054087,0.13654983655900046,0.0022741115537833804
767.0,15.12,15.26,0.12003443450927734,5334,133.0,put,2026-10-16,0.13972602739726028,764.260009765625,15.19,0.00921658986175119,0.13560554231758126,0.0035787431804482
768.0,15.64,15.69,0.1190121058654785,2082,169.0,put,2026-10-16,0.13972602739726028,764.260009765625,15.665,0.003191828917969929,0.13532052661573576,0.004881674960864112
769.0,16.09,16.15,0.11815762222290038,763,202.0,put,2026-10-16,0.13972602739726028,764.260009765625,16.119999999999997,0.0037220843672455786,0.13477021855867793,0.006182911318836073
770.0,16.48,16.63,0.11736417312622072,7126,133.0,put,2026-10-16,0.13972602739726028,764.260009765625,16.555,0.009060706735125254,0.13395371566519756,0.007482456660921564
771.0,17.02,17.08,0.11620451675415039,1108,1.0,put,2026-10-16,0.13972602739726028,764.260009765625,17.049999999999997,0.003519061583577638,0.13357375827156479,0.008780315376521453
772.0,17.51,17.57,0.11528899856567384,1484,1.0,put,2026-10-16,0.13972602739726028,764.260009765625,17.54,0.0034207525655643514,0.1330580102775961,0.010076491837968287
773.0,17.92,18.11,0.11469391174316407,661,46.0,put,2026-10-16,0.13972602739726028,764.260009765625,18.015,0.010546766583402593,0.1323164218630374,0.01137099040061401
774.0,18.45,18.63,0.11380891082763672,517,276.0,put,2026-10-16,0.13972602739726028,764.260009765625,18.54,0.009708737864077655,0.1319234641129914,0.012663815402919098
775.0,18.98,19.16,0.11289339263916015,3279,110.0,put,2026-10-16,0.13972602739726028,764.260009765625,19.07,0.009438909281594111,0.1314811021056617,0.013954971166539128
776.0,19.52,19.71,0.11205416763305662,730,1.0,put,2026-10-16,0.13972602739726028,764.260009765625,19.615000000000002,0.009686464440479289,0.13107806408009046,0.015244461996410816
777.0,20.08,20.28,0.11126071853637695,1199,17.0,put,2026-10-16,0.13972602739726028,764.260009765625,20.18,0.009910802775024917,0.13075989581222483,0.01653229218083944
778.0,20.66,20.86,0.11045201080322264,506,6.0,put,2026-10-16,0.13972602739726028,764.260009765625,20.759999999999998,0.00963391136801538,0.13048277979981562,0.01781846599158375
779.0,21.26,21.45,0.10959752716064453,402,2.0,put,2026-10-16,0.13972602739726028,764.260009765625,21.355,0.008897213767267513,0.13024777756777536,0.019102987683940347
780.0,21.75,21.99,0.10813269805908202,1349,295.0,put,2026-10-16,0.13972602739726028,764.260009765625,21.869999999999997,0.010973936899862756,0.12918016880739555,0.020385861496829437
781.0,22.47,22.67,0.10788855987548829,142,14.0,put,2026-10-16,0.13972602739726028,764.260009765625,22.57,0.008861320336730299,0.12972375745072096,0.021667091652877914
782.0,23.09,23.31,0.1071256280517578,143,1.0,put,2026-10-16,0.13972602739726028,764.260009765625,23.2,0.009482758620689606,0.12952863345751767,0.02294668235850318
783.0,23.73,23.96,0.10633217895507813,83,1.0,put,2026-10-16,0.13972602739726028,764.260009765625,23.845,0.009645628014258773,0.12938067201042167,0.024224637803995135
784.0,24.39,24.63,0.10561502304077147,117,1.0,put,2026-10-16,0.13972602739726028,764.260009765625,24.509999999999998,0.00979192166462662,0.12933013064355928,0.025500962163599816
785.0,25.05,25.29,0.10463847030639647,357,5.0,put,2026-10-16,0.13972602739726028,764.260009765625,25.17,0.009535160905840223,0.12913890507629258,0.026775659595600552
786.0,25.74,26.0,0.10405864212036131,83,60.0,put,2026-10-16,0.13972602739726028,764.260009765625,25.869999999999997,0.010050251256281468,0.12924471827867562,0.028048734242398597
787.0,26.44,26.71,0.10334148620605467,68,2.0,put,2026-10-16,0.13972602739726028,764.260009765625,26.575000000000003,0.010159924741298195,0.12931208837763805,0.029320190230595213
789.0,27.88,28.16,0.10178510528564452,16,15.0,put,2026-10-16,0.13972602739726028,764.260009765625,28.02,0.009992862241256286,0.1295356956818144,0.031858262659066314
790.0,28.63,28.89,0.10083906982421875,105,1.0,put,2026-10-16,0.13972602739726028,764.260009765625,28.759999999999998,0.00904033379694025,0.12969766974103855,0.033124887274259184
791.0,29.36,29.66,0.10022872436523436,132,1.0,put,2026-10-16,0.13972602739726028,764.260009765625,29.509999999999998,0.010166045408336183,0.12987983809845216,0.03438990958084603
795.0,32.47,32.77,0.09647509979248048,20,4.0,put,2026-10-16,0.13972602739726028,764.260009765625,32.620000000000005,0.009196811771919198,0.13098049122489647,0.039434056467524
797.0,32.95,34.41,0.09473561523437501,40,80.0,put,2026-10-16,0.13972602739726028,764.260009765625,33.68,0.04334916864608057,0.1252171126935894,0.04194662060340701
798.0,34.96,36.35,0.11138278762817383,27,100.0,put,2026-10-16,0.13972602739726028,764.260009765625,35.655,0.038984714626279636,0.13911231348747816,0.04320053926300089
799.0,35.8,37.18,0.11100132171630858,100,,put,2026-10-16,0.13972602739726028,764.260009765625,36.489999999999995,0.037818580432995415,0.1397496441225764,0.04445288757946672
800.0,36.49,36.84,0.0897002651977539,505,2.0,put,2026-10-16,0.13972602739726028,764.260009765625,36.665000000000006,0.009545888449475013,0.13240698651399083,0.045703669481119286
805.0,39.64,42.35,0.10904821624755859,17,1.0,put,2026-10-16,0.13972602739726028,764.260009765625,40.995000000000005,0.06610562263690695,0.13565600378785653,0.05193421923175546
810.0,44.04,46.89,0.10852942260742188,83,2.0,put,2026-10-16,0.13972602739726028,764.260009765625,45.465,0.06268558231606733,0.1394459750597374,0.058126189479676425
830.0,63.26,66.53,0.13086806640624998,30,40.0,put,2026-10-16,0.13972602739726028,764.260009765625,64.895,0.05038909006857236,0.17156770961823942,0.08251764260383555
485.0,282.45,285.71,0.5746197323608399,25,,call,2026-11-30,0.26301369863013696,764.260009765625,284.08,0.011475640664601489,0.48810720627787496,-0.4547591672493248
580.0,189.61,192.87,0.4470880487060547,10,1.0,call,2026-11-30,0.26301369863013696,764.260009765625,191.24,0.01704664296172344,0.35359779354796017,-0.2758799546463429
585.0,184.6,188.01,0.4386652813720704,11,10.0,call,2026-11-30,0.26301369863013696,764.260009765625,186.305,0.018303319825018097,0.3451023748902973,-0.26729621095495143
600.0,170.05,173.32,0.41174904663085937,20,10.0,call,2026-11-30,0.26301369863013696,764.260009765625,171.685,0.01904650959606245,0.3240817263444738,-0.24197840297066156
620.0,150.89,154.15,0.3809571182250976,11,1.0,call,2026-11-30,0.26301369863013696,764.260009765625,152.51999999999998,0.02137424600052465,0.30194761611854015,-0.20918858014767075
640.0,132.0,134.87,0.3477238079833984,163,1.0,call,2026-11-30,0.26301369863013696,764.260009765625,133.435,0.021508599692734325,0.27885041800900695,-0.17743988183309048
645.0,127.24,130.12,0.34004871383666996,16,1.0,call,2026-11-30,0.26301369863013696,764.260009765625,128.68,0.022381100404103276,0.27295353979379106,-0.1696577413910354
650.0,122.49,125.52,0.33386896606445315,14,4000.0,call,2026-11-30,0.26301369863013696,764.260009765625,124.005,0.02443449860892707,0.26810066172699043,-0.1619356952971251
655.0,117.75,120.8,0.3262396478271484,745,1.0,call,2026-11-30,0.26301369863013696,764.260009765625,119.275,0.025571159086145438,0.2622026126764812,-0.154272822551556
660.0,113.03,115.95,0.31716075912475583,592,1.0,call,2026-11-30,0.26301369863013696,764.260009765625,114.49000000000001,0.02550441086557779,0.2553618300866354,-0.14666822316633668
665.0,108.09,111.4,0.3110115286254882,1270,1.0,call,2026-11-30,0.26301369863013696,764.260009765625,109.745,0.030160827372545464,0.24893984782296477,-0.1391210175309538
670.0,103.46,106.59,0.302115743560791,1242,1.0,call,2026-11-30,0.26301369863013696,764.260009765625,105.025,0.02980242799333501,0.2426838065669623,-0.1316303458017962
673.0,100.88,103.94,0.2990029817199707,244,5.0,call,2026-11-30,0.26301369863013696,764.260009765625,102.41,0.0298798945415487,0.24156531651319277,-0.1271627285420801
674.0,99.94,102.87,0.29616487533569336,100,1.0,call,2026-11-30,0.26301369863013696,764.260009765625,101.405,0.028894038755485497,0.23949494717962816,-0.12567794727450096
675.0,99.02,102.09,0.29607332351684573,185,39.0,call,2026-11-30,0.26301369863013696,764.260009765625,100.555,0.030530555417433318,0.2393338285579296,-0.12419536731427812
676.0,98.09,101.12,0.2941812525939941,30,16.0,call,2026-11-30,0.26301369863013696,764.260009765625,99.605,0.030420159630540646,0.2379293855401537,-0.1227149821438438
678.0,96.24,99.31,0.29158728439331044,127,67.0,call,2026-11-30,0.26301369863013696,764.260009765625,97.775,0.03139861927895686,0.2359411178618029,-0.11976077024641235
679.0,95.31,98.23,0.2886576261901855,86,17.0,call,2026-11-30,0.26301369863013696,764.260009765625,96.77000000000001,0.030174640901105727,0.23385944183006846,-0.11828693062811187
680.0,94.39,97.43,0.2883066775512695,88,5.0,call,2026-11-30,0.26301369863013696,764.260009765625,95.91,0.031696382024815,0.23349167114954675,-0.11681526001665557
681.0,93.47,96.41,0.2859263302612304,33,20.0,call,2026-11-30,0.26301369863013696,764.260009765625,94.94,0.030966926479882008,0.23181539124794368,-0.11534575203729554
682.0,92.49,95.56,0.2851023638916015,58,8.0,call,2026-11-30,0.26301369863013696,764.260009765625,94.025,0.03265089072055312,0.23077486351933732,-0.11387840034334587
683.0,91.63,94.6,0.28327132751464834,40,4.0,call,2026-11-30,0.26301369863013696,764.260009765625,93.115,0.031896042528056695,0.22977959382137494,-0.11241319861601787
684.0,90.71,93.63,0.281333480682373,109,56.0,call,2026-11-30,0.26301369863013696,764.260009765625,92.16999999999999,0.03168059021373551,0.22837214223282787,-0.11095014056425755
685.0,89.74,92.8,0.28064684204101553,14,8.0,call,2026-11-30,0.26301369863013696,764.260009765625,91.27,0.033526898214090085,0.22746730664859965,-0.10948921992458267
686.0,88.82,91.88,0.2791514956665039,54,4.0,call,2026-11-30,0.26301369863013696,764.260009765625,90.35,0.03386828998339792,0.2263233128484688,-0.10803043046092269
687.0,88.98,90.91,0.27719839019775383,39,19.0,call,2026-11-30,0.26301369863013696,764.260009765625,89.945,0.021457557396186478,0.23082744186132878,-0.10657376596445864
688.0,88.05,90.0,0.2757640783691406,31,9.0,call,2026-11-30,0.26301369863013696,764.260009765625,89.025,0.02190395956192084,0.22961676226661168,-0.10511922025346428
689.0,87.14,89.09,0.2743297665405273,296,14.0,call,2026-11-30,0.26301369863013696,764.260009765625,88.11500000000001,0.02213017079952338,0.22850268874779356,-0.10366678717314944
690.0,86.23,88.18,0.272895454711914,83,30.0,call,2026-11-30,0.26301369863013696,764.260009765625,87.20500000000001,0.02236110314775532,0.22737664498175242,-0.10221646059550289
691.0,84.24,87.3,0.2716900224304199,34,25.0,call,2026-11-30,0.26301369863013696,764.260009765625,85.77,0.03567681007345228,0.2206545785351238,-0.10076823441913801
693.0,82.49,85.45,0.2685009674072265,196,124.0,call,2026-11-30,0.26301369863013696,764.260009765625,83.97,0.035250684768369754,0.21864487500979574,-0.09787805899690472
694.0,81.57,84.38,0.2656476023864746,10,,call,2026-11-30,0.26301369863013696,764.260009765625,82.975,0.03386562217535405,0.2166211880993056,-0.0964360976800034
695.0,80.68,83.55,0.26483889465332033,15,4.0,call,2026-11-30,0.26301369863013696,764.260009765625,82.11500000000001,0.0349509833769712,0.21600629984113137,-0.09499621262201584
696.0,79.77,82.7,0.2638470832824707,102,3.0,call,2026-11-30,0.26301369863013696,764.260009765625,81.235,0.03606819720563805,0.21516319932454717,-0.09355839785238827
697.0,80.06,81.97,0.2638623419189453,20,10.0,call,2026-11-30,0.26301369863013696,764.260009765625,81.015,0.02357588100968952,0.2209636433524529,-0.09212264742628412
698.0,77.99,80.87,0.2607343214416504,13,13.0,call,2026-11-30,0.26301369863013696,764.260009765625,79.43,0.03625834067732606,0.21296802259148248,-0.09068895542443547
699.0,77.09,79.98,0.25937630279541024,126,125.0,call,2026-11-30,0.26301369863013696,764.260009765625,78.535,0.036798879480486414,0.21192566958674128,-0.08925731595299764
700.0,76.17,79.09,0.2580030255126954,695,415.0,call,2026-11-30,0.26301369863013696,764.260009765625,77.63,0.037614324359139535,0.2107689267350509,-0.08782772314340331
701.0,76.45,78.3,0.2574537145996094,18,3.0,call,2026-11-30,0.26301369863013696,764.260009765625,77.375,0.02390953150242319,0.21595868860124667,-0.08640017115221785
702.0,74.38,77.25,0.25473767730712893,24,24.0,call,2026-11-30,0.26301369863013696,764.260009765625,75.815,0.03785530567829591,0.208367560598944,-0.08497465416099689
703.0,73.5,76.36,0.25333388275146485,23,13.0,call,2026-11-30,0.26301369863013696,764.260009765625,74.93,0.03816895769384758,0.20736718744278598,-0.08355116637614306
704.0,73.67,75.59,0.2528913822937012,11,1.0,call,2026-11-30,0.26301369863013696,764.260009765625,74.63,0.02572691946938231,0.2119422653973957,-0.08212970202876552
705.0,72.91,74.83,0.25249465774536134,278,1.0,call,2026-11-30,0.26301369863013696,764.260009765625,73.87,0.02599160687694601,0.21203586673970082,-0.08071025537453934
706.0,71.9,73.57,0.24808491180419923,40,34.0,call,2026-11-30,0.26301369863013696,764.260009765625,72.735,0.022960060493572385,0.20860298641149352,-0.07929282069356586
707.0,69.97,72.82,0.2477492218017578,42,43.0,call,2026-11-30,0.26301369863013696,764.260009765625,71.395,0.039918761818054406,0.20325274918513034,-0.07787739229023515
709.0,69.37,71.3,0.2468642208862305,21,1.0,call,2026-11-30,0.26301369863013696,764.260009765625,70.33500000000001,0.0274401080543114,0.20758006537559837,-0.07505253165468043
710.0,68.37,70.3,0.24451439086914065,155,4.0,call,2026-11-30,0.26301369863013696,764.260009765625,69.33500000000001,0.027835869330064072,0.2053804369124795,-0.07364308815144689
712.0,66.65,68.37,0.24031826583862304,30,4.0,call,2026-11-30,0.26301369863013696,764.260009765625,67.51,0.025477707006369407,0.20253650588915395,-0.07083014677483214
713.0,65.88,67.79,0.24118800811767577,25,4.0,call,2026-11-30,0.26301369863013696,764.260009765625,66.83500000000001,0.028577840951597374,0.2031917731932006,-0.06942663777251204
714.0,63.77,66.54,0.23686981399536133,10,10.0,call,2026-11-30,0.26301369863013696,764.260009765625,65.155,0.042514005064845414,0.1949609702972243,-0.06802509584722355
715.0,62.94,64.42,0.22583781982421874,64,2.0,call,2026-11-30,0.26301369863013696,764.260009765625,63.68,0.023241206030150816,0.188522976866807,-0.06662551549280035
716.0,62.18,64.89,0.2347641221618652,150,88.0,call,2026-11-30,0.26301369863013696,764.260009765625,63.535,0.04265365546549148,0.19388413580983788,-0.06522789122616234
717.0,62.33,64.04,0.23348239669799803,83,87.0,call,2026-11-30,0.26301369863013696,764.260009765625,63.185,0.027063385297143434,0.19726358643362785,-0.06383221758718756
718.0,60.44,61.96,0.2228776443481445,75,14.0,call,2026-11-30,0.26301369863013696,764.260009765625,61.2,0.024836601307189593,0.18652140978343837,-0.062438489138583804
719.0,60.59,62.24,0.23014075531005856,11,10.0,call,2026-11-30,0.26301369863013696,764.260009765625,61.415000000000006,0.026866400716437328,0.19469394716087327,-0.06104670046576125
720.0,58.72,61.31,0.2282334257507324,350,1.0,call,2026-11-30,0.26301369863013696,764.260009765625,60.015,0.04315587769724241,0.18904880753792624,-0.0596568461767069
721.0,58.92,60.82,0.22956092712402343,20,1.0,call,2026-11-30,0.26301369863013696,764.260009765625,59.870000000000005,0.03173542675797559,0.19393177513499546,-0.05826892090185889
722.0,58.07,59.76,0.22666178619384764,24,2.0,call,2026-11-30,0.26301369863013696,764.260009765625,58.915,0.028685394212000302,0.19200482005995445,-0.05688291929398169
724.0,56.48,58.27,0.2254410952758789,170,1.0,call,2026-11-30,0.26301369863013696,764.260009765625,57.375,0.03119825708061013,0.1911308603866998,-0.05411666580109158
725.0,55.53,57.21,0.2225114370727539,234,1.0,call,2026-11-30,0.26301369863013696,764.260009765625,56.370000000000005,0.029803086748270348,0.18876021434794454,-0.05273640333213312
726.0,54.72,56.55,0.22246566116333005,211,8.0,call,2026-11-30,0.26301369863013696,764.260009765625,55.635,0.032892963062820135,0.1885451314259728,-0.051358043362011885
727.0,53.86,54.22,0.21031978652954103,11,2.0,call,2026-11-30,0.26301369863013696,764.260009765625,54.04,0.006661732050333076,0.181445698094412,-0.04998158065328856
728.0,52.15,53.52,0.2099993551635742,212,20.0,call,2026-11-30,0.26301369863013696,764.260009765625,52.835,0.025929781394908764,0.1774745791545643,-0.04860700999012203
729.0,52.32,53.86,0.21709462112426758,29,1.0,call,2026-11-30,0.26301369863013696,764.260009765625,53.09,0.02900734601619889,0.18504712102275617,-0.04723432617814981
730.0,51.42,51.74,0.20655090332031245,640,722.0,call,2026-11-30,0.26301369863013696,764.260009765625,51.58,0.006203955021326101,0.17868232057272723,-0.04586352404437109
731.0,50.59,50.93,0.20537598831176757,11,10.0,call,2026-11-30,0.26301369863013696,764.260009765625,50.760000000000005,0.0066981875492513054,0.17771392676636788,-0.04449459843702948
732.0,49.78,51.17,0.21160151199340815,382,2.0,call,2026-11-30,0.26301369863013696,764.260009765625,50.475,0.02753838533927688,0.18083688474816148,-0.043127544225496375
733.0,48.94,50.61,0.21208978836059567,205,400.0,call,2026-11-30,0.26301369863013696,764.260009765625,49.775,0.03355097940733304,0.18070466543432862,-0.04176235630015651
734.0,48.27,48.6,0.20243107147216793,47,1.0,call,2026-11-30,0.26301369863013696,764.260009765625,48.435,0.00681325487767107,0.17569360992679442,-0.04039902957229238
735.0,47.46,47.8,0.20123326850891113,821,11.0,call,2026-11-30,0.26301369863013696,764.260009765625,47.629999999999995,0.0071383581776190705,0.17473691103394443,-0.03903755897397124
736.0,46.56,48.07,0.20742064559936518,276,20.0,call,2026-11-30,0.26301369863013696,764.260009765625,47.315,0.03191376941773218,0.17741429824298446,-0.03767793945793175
737.0,45.77,46.1,0.19808236007690427,350,403.0,call,2026-11-30,0.26301369863013696,764.260009765625,45.935,0.00718406443888099,0.17211613356330763,-0.036320165997471336
738.0,45.08,45.4,0.19751779052734375,84,100.0,call,2026-11-30,0.26301369863013696,764.260009765625,45.239999999999995,0.007073386383731219,0.17190130864065706,-0.0349642335863354
739.0,44.16,45.61,0.20313296874999998,97,164.0,call,2026-11-30,0.26301369863013696,764.260009765625,44.885,0.032304778879358426,0.1741368489129513,-0.033610137238606196
740.0,43.41,44.75,0.2013934841918945,571,37.0,call,2026-11-30,0.26301369863013696,764.260009765625,44.08,0.03039927404718701,0.17303252872309766,-0.032257871988592486
741.0,42.63,44.46,0.20348391738891602,164,46.0,call,2026-11-30,0.26301369863013696,764.260009765625,43.545,0.04202549087151219,0.17384901114701734,-0.030907432890721107
742.0,41.83,43.17,0.19879188667297362,103,182.0,call,2026-11-30,0.26301369863013696,764.260009765625,42.5,0.031529411764705965,0.1709647467757305,-0.0295588150194275
743.0,41.17,41.5,0.1915364050292969,255,280.0,call,2026-11-30,0.26301369863013696,764.260009765625,41.335,0.007983549050441473,0.16721617069609152,-0.028212013469048742
744.0,40.33,40.64,0.189735885925293,506,83.0,call,2026-11-30,0.26301369863013696,764.260009765625,40.485,0.007657156971717976,0.16570650076428609,-0.02686702335371611
745.0,39.54,39.86,0.18843890182495115,488,44.0,call,2026-11-30,0.26301369863013696,764.260009765625,39.7,0.008060453400503785,0.16463386733178037,-0.025523839807248417
746.0,38.91,39.21,0.18799640136718748,506,20.0,call,2026-11-30,0.26301369863013696,764.260009765625,39.06,0.007680491551459402,0.16455107797146254,-0.02418245798304715
747.0,38.04,38.35,0.18611958908081055,708,200.0,call,2026-11-30,0.26301369863013696,764.260009765625,38.195,0.008116245581882505,0.16285925684653957,-0.022842873053990652
748.0,37.3,37.6,0.18494467407226559,91,102.0,call,2026-11-30,0.26301369863013696,764.260009765625,37.45,0.008010680907877283,0.16197829908514547,-0.02150508021233067
749.0,36.56,36.86,0.1838155349731445,51,2.0,call,2026-11-30,0.26301369863013696,764.260009765625,36.71,0.00817216017433934,0.1611006744248265,-0.020169074669588505
750.0,35.96,36.24,0.1834340690612793,680,1.0,call,2026-11-30,0.26301369863013696,764.260009765625,36.1,0.007756232686980641,0.16108307117069004,-0.018834851656451816
751.0,35.1,36.43,0.1883168327331543,149,1.0,call,2026-11-30,0.26301369863013696,764.260009765625,35.765,0.0371871941842583,0.16289785420628414,-0.01750240642267315
752.0,34.38,34.68,0.18050441085815427,107,4.0,call,2026-11-30,0.26301369863013696,764.260009765625,34.53,0.008688097306689752,0.15854908005751292,-0.01617173423696814
753.0,33.67,35.06,0.186531572265625,224,20.0,call,2026-11-30,0.26301369863013696,764.260009765625,34.365,0.04044813036519716,0.16142402958734137,-0.014842830386914344
754.0,32.97,33.26,0.17836820175170898,125,1.0,call,2026-11-30,0.26301369863013696,764.260009765625,33.114999999999995,0.008757360712667951,0.15694120886426036,-0.013515690178851918
755.0,32.27,32.54,0.17717802810668942,313,93.0,call,2026-11-30,0.26301369863013696,764.260009765625,32.405,0.008332047523530197,0.1560689043259992,-0.012190308937783244
756.0,31.58,31.88,0.17635406173706059,301,1.0,call,2026-11-30,0.26301369863013696,764.260009765625,31.729999999999997,0.009454774661203931,0.15539532994787647,-0.010866682007274905
757.0,30.99,31.26,0.17575897491455078,182,4.0,call,2026-11-30,0.26301369863013696,764.260009765625,31.125,0.008674698795180824,0.1551495213691909,-0.009544804749359197
758.0,30.2,30.47,0.17402711967468262,592,2.0,call,2026-11-30,0.26301369863013696,764.260009765625,30.335,0.008900609856601271,0.15364070050591017,-0.008224672544436273
759.0,29.54,29.81,0.17310397216796874,111,1.0,call,2026-11-30,0.26301369863013696,764.260009765625,29.674999999999997,0.00909856781802863,0.15295667551467637,-0.006906280791178072
760.0,28.85,29.11,0.17188328125000002,608,17.0,call,2026-11-30,0.26301369863013696,764.260009765625,28.98,0.008971704623878468,0.15200513210078273,-0.005589624906431192
761.0,28.21,28.46,0.17095250442504883,122,2.0,call,2026-11-30,0.26301369863013696,764.260009765625,28.335,0.008823010411152285,0.15134401527759764,-0.004274700325122075
762.0,27.56,27.82,0.1700522448730469,591,15.0,call,2026-11-30,0.26301369863013696,764.260009765625,27.689999999999998,0.009389671361502405,0.1506439496608053,-0.002961502500161706
763.0,26.89,27.15,0.16892310577392583,694,23.0,call,2026-11-30,0.26301369863013696,764.260009765625,27.02,0.009622501850481052,0.14974220665049623,-0.0016500269023509311
764.0,26.25,26.51,0.1679465530395508,368,5.0,call,2026-11-30,0.26301369863013696,764.260009765625,26.380000000000003,0.00985595147839278,0.1489964038044693,-0.0003402690202875131
765.0,25.65,25.85,0.16681741394042973,413,90.0,call,2026-11-30,0.26301369863013696,764.260009765625,25.75,0.007766990291262247,0.14827535752281976,0.0009677756397279868
766.0,24.99,25.25,0.16602396484375004,57,31.0,call,2026-11-30,0.26301369863013696,764.260009765625,25.119999999999997,0.010350318471337643,0.14751375393962834,0.0022741115537833804
767.0,24.47,24.69,0.16544413665771485,73,28.0,call,2026-11-30,0.26301369863013696,764.260009765625,24.58,0.008950366151342653,0.14729122534974687,0.0035787431804482
768.0,23.88,23.93,0.1635520657348633,244,1.0,call,2026-11-30,0.26301369863013696,764.260009765625,23.905,0.002091612633340335,0.14615690660939784,0.004881674960864112
769.0,23.29,23.34,0.1627128407287598,149,4.0,call,2026-11-30,0.26301369863013696,764.260009765625,23.314999999999998,0.0021445421402530866,0.14552789384327103,0.006182911318836073
770.0,22.68,22.73,0.16169051208496094,956,13.0,call,2026-11-30,0.26301369863013696,764.260009765625,22.705,0.002202158114952685,0.14472763564809032,0.007482456660921564
771.0,22.12,22.18,0.16101913208007812,638,221.0,call,2026-11-30,0.26301369863013696,764.260009765625,22.15,0.0027088036117380913,0.14423725540292864,0.008780315376521453
772.0,21.54,21.59,0.1600578379821777,591,370.0,call,2026-11-30,0.26301369863013696,764.260009765625,21.564999999999998,0.002318571759795999,0.14351050574004853,0.010076491837968287
773.0,20.96,21.01,0.15911180252075197,548,150.0,call,2026-11-30,0.26301369863013696,764.260009765625,20.985,0.0023826542768644607,0.142771564226922,0.01137099040061401
774.0,20.41,20.47,0.1583793879699707,267,1.0,call,2026-11-30,0.26301369863013696,764.260009765625,20.439999999999998,0.0029354207436398595,0.14221238725824956,0.012663815402919098
775.0,19.84,19.89,0.15734180068969728,655,1.0,call,2026-11-30,0.26301369863013696,764.260009765625,19.865000000000002,0.002516989680342346,0.14141529142430545,0.013954971166539128
776.0,19.28,19.34,0.15645679977416993,121,46.0,call,2026-11-30,0.26301369863013696,764.260009765625,19.310000000000002,0.003107198342827484,0.1407006040351415,0.015244461996410816
777.0,18.78,18.84,0.15584645431518557,111,1.0,call,2026-11-30,0.26301369863013696,764.260009765625,18.810000000000002,0.0031897926634768055,0.14029337269345604,0.01653229218083944
778.0,18.25,18.31,0.15500722930908206,511,281.0,call,2026-11-30,0.26301369863013696,764.260009765625,18.28,0.003282275711159667,0.13964645003900988,0.01781846599158375
779.0,17.74,17.8,0.15425192680358887,824,80.0,call,2026-11-30,0.26301369863013696,764.260009765625,17.77,0.0033764772087789686,0.13908126746485872,0.019102987683940347
780.0,17.22,17.26,0.15325248611450198,3556,11.0,call,2026-11-30,0.26301369863013696,764.260009765625,17.240000000000002,0.0023201856148493444,0.138338809968321,0.020385861496829437
781.0,16.72,16.77,0.15253533020019533,483,56.0,call,2026-11-30,0.26301369863013696,764.260009765625,16.744999999999997,0.002985965959988099,0.13777457281785294,0.021667091652877914
782.0,16.13,16.34,0.1521538642883301,225,60.0,call,2026-11-30,0.26301369863013696,764.260009765625,16.235,0.01293501693871271,0.13706380038753696,0.02294668235850318
783.0,15.65,15.85,0.15134515655517583,232,60.0,call,2026-11-30,0.26301369863013696,764.260009765625,15.75,0.012698412698412653,0.13646626700525777,0.024224637803995135
785.0,14.82,14.87,0.14957515472412108,783,107.0,call,2026-11-30,0.26301369863013696,764.260009765625,14.844999999999999,0.0033681374200066646,0.1355487637049054,0.026775659595600552
790.0,12.65,12.7,0.14615722015380855,1303,1.0,call,2026-11-30,0.26301369863013696,764.260009765625,12.675,0.003944773175542322,0.132987297110492,0.033124887274259184
795.0,10.73,10.77,0.14313601013183597,460,29.0,call,2026-11-30,0.26301369863013696,764.260009765625,10.75,0.0037209302325580604,0.1307923873328098,0.039434056467524
800.0,8.99,9.03,0.1401605760192871,1628,5.0,call,2026-11-30,0.26301369863013696,764.260009765625,9.01,0.0044395116537179966,0.12856494720907458,0.045703669481119286
805.0,7.44,7.55,0.1378412632751465,190,3.0,call,2026-11-30,0.26301369863013696,764.260009765625,7.495,0.014676450967311464,0.12663116114965575,0.05193421923175546
810.0,6.21,6.25,0.13562876098632815,519,3.0,call,2026-11-30,0.26301369863013696,764.260009765625,6.23,0.006420545746388448,0.1253070537719046,0.058126189479676425
815.0,5.05,5.15,0.133797724609375,311,1.0,call,2026-11-30,0.26301369863013696,764.260009765625,5.1,0.01960784313725501,0.12375706473576617,0.06428005505405478
820.0,4.15,4.18,0.13181410186767578,1385,6.0,call,2026-11-30,0.26301369863013696,764.260009765625,4.165,0.007202881152460831,0.12262436610955556,0.07039628207149076
825.0,3.35,3.38,0.1302272036743164,167,1.0,call,2026-11-30,0.26301369863013696,764.260009765625,3.365,0.008915304606240654,0.12149428217091432,0.07647532814787304
830.0,2.68,2.71,0.1287623745727539,1083,3.0,call,2026-11-30,0.26301369863013696,764.260009765625,2.6950000000000003,0.01113172541743963,0.1204553556900195,0.08251764260383555
835.0,2.14,2.16,0.12748064910888673,558,1.0,call,2026-11-30,0.26301369863013696,764.260009765625,2.1500000000000004,0.009302325581395356,0.11965200095747451,0.08852366666404753
840.0,1.69,1.72,0.12656513092041016,331,35.0,call,2026-11-30,0.26301369863013696,764.260009765625,1.705,0.01759530791788858,0.11897700811856486,0.09449383365055145
845.0,1.34,1.36,0.12571064727783204,291,2.0,call,2026-11-30,0.26301369863013696,764.260009765625,1.35,0.014814814814814828,0.11852399303056571,0.10042856917036588
850.0,1.05,1.07,0.12497823272705078,4491,2.0,call,2026-11-30,0.26301369863013696,764.260009765625,1.06,0.018867924528301903,0.11808162465608324,0.10632829129755426
855.0,0.84,0.85,0.1247035772705078,118,3.0,call,2026-11-30,0.26301369863013696,764.260009765625,0.845,0.011834319526627229,0.1181811176170435,0.11219341074995223
860.0,0.66,0.68,0.12476461181640625,651,1.0,call,2026-11-30,0.26301369863013696,764.260009765625,0.67,0.02985074626865674,0.11828214811546967,0.11802433106074553
865.0,0.52,0.54,0.12476461181640625,815,1.0,call,2026-11-30,0.26301369863013696,764.260009765625,0.53,0.03773584905660381,0.11844309090017362,0.12382144874507132
870.0,0.43,0.44,0.1253139227294922,1191,1.0,call,2026-11-30,0.26301369863013696,764.260009765625,0.435,0.022988505747126457,0.11938887812062068,0.1295851534618215
875.0,0.34,0.36,0.125985302734375,50,2.0,call,2026-11-30,0.26301369863013696,764.260009765625,0.35,0.05714285714285704,0.11998179960857962,0.13531582817080642
880.0,0.29,0.3,0.12708392456054687,963,1.0,call,2026-11-30,0.26301369863013696,764.260009765625,0.295,0.0338983050847458,0.12141144288872796,0.14101384928544425
885.0,0.24,0.25,0.12818254638671872,235,1.0,call,2026-11-30,0.26301369863013696,764.260009765625,0.245,0.04081632653061228,0.12255857649883985,0.1466795868211215
890.0,0.21,0.22,0.13013565185546871,279,5.0,call,2026-11-30,0.26301369863013696,764.260009765625,0.215,0.046511627906976785,0.12459084572235063,0.15231340453937758
895.0,0.18,0.19,0.13160048095703125,3534,1.0,call,2026-11-30,0.26301369863013696,764.260009765625,0.185,0.054054054054054106,0.12624321064351202,0.15791566008804733
900.0,0.16,0.17,0.133797724609375,9142,90.0,call,2026-11-30,0.26301369863013696,764.260009765625,0.165,0.060606060606060656,0.12841930257639533,0.16348670513750282
905.0,0.14,0.15,0.13575083007812502,140,7.0,call,2026-11-30,0.26301369863013696,764.260009765625,0.14500000000000002,0.06896551724137917,0.13030039460068862,0.1690268855131181
910.0,0.12,0.13,0.13721565917968753,32,1.0,call,2026-11-30,0.26301369863013696,764.260009765625,0.125,0.08000000000000007,0.13183240084357772,0.17453654132408777
915.0,0.11,0.12,0.139657041015625,57,19.0,call,2026-11-30,0.26301369863013696,764.260009765625,0.11499999999999999,0.0869565217391304,0.13431540619932134,0.18001600708871346
475.0,0.58,0.59,0.41528905029296875,595,27.0,put,2026-11-30,0.26301369863013696,764.260009765625,0.585,0.01709401709401711,0.42334066200690007,-0.4755932541521668
480.0,0.6,0.61,0.4089414575195312,51,4.0,put,2026-11-30,0.26301369863013696,764.260009765625,0.605,0.016528925619834725,0.417006334622468,-0.4651219542848714
485.0,0.6,0.67,0.40601179931640624,42,10.0,put,2026-11-30,0.26301369863013696,764.260009765625,0.635,0.11023622047244104,0.4115481055621737,-0.4547591672493248
490.0,0.64,0.7,0.40027455200195317,72,1.0,put,2026-11-30,0.26301369863013696,764.260009765625,0.6699999999999999,0.08955223880597007,0.4064182820714989,-0.44450266708213576
500.0,0.73,0.74,0.38721315917968746,279,1.0,put,2026-11-30,0.26301369863013696,764.260009765625,0.735,0.01360544217687076,0.3953974763007605,-0.42429995976461615
505.0,0.77,0.78,0.3820862573242187,112,2.0,put,2026-11-30,0.26301369863013696,764.260009765625,0.775,0.012903225806451623,0.3903053293443051,-0.41434962891144805
510.0,0.77,0.84,0.3781800463867187,65,11.0,put,2026-11-30,0.26301369863013696,764.260009765625,0.8049999999999999,0.08695652173913038,0.38437920670090064,-0.40449733246843644
515.0,0.81,0.88,0.3726869372558594,35,4.0,put,2026-11-30,0.26301369863013696,764.260009765625,0.845,0.08284023668639048,0.37907271799103887,-0.39474115752307176
520.0,0.88,0.89,0.36524072265625,36,3.0,put,2026-11-30,0.26301369863013696,764.260009765625,0.885,0.011299435028248598,0.3736573820507504,-0.3850792466113349
525.0,0.92,0.93,0.3597476135253906,165,2.0,put,2026-11-30,0.26301369863013696,764.260009765625,0.925,0.01081081081081082,0.36814311564160246,-0.3755097955951842
530.0,0.97,0.98,0.35468174621582027,507,5.0,put,2026-11-30,0.26301369863013696,764.260009765625,0.975,0.010256410256410265,0.3631235857354256,-0.3660310516406404
535.0,0.99,1.06,0.35108070800781244,83,3.0,put,2026-11-30,0.26301369863013696,764.260009765625,1.025,0.06829268292682933,0.35796843496552044,-0.3566413112908014
540.0,1.07,1.08,0.3441227697753906,183,1.0,put,2026-11-30,0.26301369863013696,764.260009765625,1.0750000000000002,0.009302325581395356,0.35268994454352814,-0.3473389186284879
545.0,1.12,1.14,0.33924000610351557,54,1.0,put,2026-11-30,0.26301369863013696,764.260009765625,1.13,0.017699115044247607,0.34755109051181815,-0.3381222635235639
550.0,1.18,1.19,0.3336858624267578,578,250.0,put,2026-11-30,0.26301369863013696,764.260009765625,1.185,0.008438818565400852,0.3422859969275664,-0.3289897799602914
555.0,1.24,1.25,0.3284979260253906,101,10.0,put,2026-11-30,0.26301369863013696,764.260009765625,1.245,0.008032128514056231,0.33713435043549106,-0.3199399444403735
560.0,1.3,1.31,0.323126885986328,957,1.0,put,2026-11-30,0.26301369863013696,764.260009765625,1.3050000000000002,0.007662835249042151,0.33185547153623174,-0.3109712744576131
565.0,1.36,1.38,0.3181220532226562,581,1.0,put,2026-11-30,0.26301369863013696,764.260009765625,1.37,0.014598540145985252,0.3266678507800251,-0.3020823270403671
570.0,1.44,1.45,0.3129951513671875,673,16.0,put,2026-11-30,0.26301369863013696,764.260009765625,1.4449999999999998,0.006920415224913502,0.3217498800367882,-0.29327169735821207
575.0,1.51,1.52,0.30762411132812495,722,1.0,put,2026-11-30,0.26301369863013696,764.260009765625,1.5150000000000001,0.006600660066006606,0.31648938163539136,-0.28453801738945744
580.0,1.59,1.6,0.3025582440185547,443,6.0,put,2026-11-30,0.26301369863013696,764.260009765625,1.5950000000000002,0.006269592476489033,0.311464398544517,-0.2758799546463429
585.0,1.67,1.68,0.2973703076171874,1088,1.0,put,2026-11-30,0.26301369863013696,764.260009765625,1.6749999999999998,0.005970149253731349,0.30629107593153865,-0.26729621095495143
590.0,1.75,1.77,0.29230444030761704,489,12.0,put,2026-11-30,0.26301369863013696,764.260009765625,1.76,0.011363636363636374,0.3011437342737067,-0.2587855212870428
595.0,1.85,1.87,0.28742167663574214,226,2.0,put,2026-11-30,0.26301369863013696,764.260009765625,1.86,0.01075268817204302,0.29632004377879706,-0.25034665264117817
600.0,1.96,1.97,0.2823558093261719,363,22.0,put,2026-11-30,0.26301369863013696,764.260009765625,1.9649999999999999,0.005089058524173033,0.29146753694884775,-0.24197840297066156
605.0,2.07,2.09,0.2776561492919921,758,2.0,put,2026-11-30,0.26301369863013696,764.260009765625,2.08,0.009615384615384623,0.28671794331573974,-0.23367960015596648
610.0,2.18,2.19,0.2722240747070312,478,2.0,put,2026-11-30,0.26301369863013696,764.260009765625,2.185,0.004576659038901504,0.2815104296466478,-0.22544910101945104
615.0,2.31,2.33,0.2676770010375976,631,3.0,put,2026-11-30,0.26301369863013696,764.260009765625,2.3200000000000003,0.00862068965517242,0.2769116873703413,-0.21728579038029008
620.0,2.43,2.45,0.2624280300903321,465,16.0,put,2026-11-30,0.26301369863013696,764.260009765625,2.4400000000000004,0.008196721311475415,0.2717362830416595,-0.20918858014767075
625.0,2.57,2.59,0.2574537145996094,406,1.0,put,2026-11-30,0.26301369863013696,764.260009765625,2.58,0.007751937984496131,0.2668543250810955,-0.2011564084504065
630.0,2.72,2.75,0.25269302001953126,176,2.0,put,2026-11-30,0.26301369863013696,764.260009765625,2.7350000000000003,0.010968921389396636,0.262100411462931,-0.19318823880122962
635.0,2.9,2.93,0.24811542907714845,51,1.0,put,2026-11-30,0.26301369863013696,764.260009765625,2.915,0.01029159519725566,0.25764546263352556,-0.18528305929411634
640.0,3.08,3.11,0.24329369995117187,320,24.0,put,2026-11-30,0.26301369863013696,764.260009765625,3.0949999999999998,0.009693053311793152,0.25293626121916174,-0.17743988183309048
645.0,3.27,3.29,0.23822783264160152,43,8.0,put,2026-11-30,0.26301369863013696,764.260009765625,3.2800000000000002,0.006097560975609761,0.2480834661450342,-0.1696577413910354
650.0,3.48,3.5,0.23346713806152342,382,2.0,put,2026-11-30,0.26301369863013696,764.260009765625,3.49,0.005730659025787971,0.24344171474673354,-0.1619356952971251
655.0,3.67,3.73,0.22876747802734376,720,72.0,put,2026-11-30,0.26301369863013696,764.260009765625,3.7,0.01621621621621623,0.2385396813366699,-0.154272822551556
660.0,3.94,3.97,0.22394574890136715,555,62.0,put,2026-11-30,0.26301369863013696,764.260009765625,3.955,0.007585335018963401,0.23411018772436112,-0.14666822316633668
665.0,4.21,4.23,0.21912401977539062,286,21.0,put,2026-11-30,0.26301369863013696,764.260009765625,4.220000000000001,0.004739336492891104,0.22953014420214055,-0.1391210175309538
670.0,4.48,4.51,0.21430229064941403,492,1.0,put,2026-11-30,0.26301369863013696,764.260009765625,4.495,0.006674082313681726,0.22479541587539092,-0.1316303458017962
673.0,4.66,4.69,0.21143366699218746,144,1.0,put,2026-11-30,0.26301369863013696,764.260009765625,4.675000000000001,0.006417112299465293,0.22202023404613078,-0.1271627285420801
674.0,4.69,4.78,0.21085383880615233,90,5.0,put,2026-11-30,0.26301369863013696,764.260009765625,4.735,0.019007391763463537,0.2210693539633709,-0.12567794727450096
675.0,4.8,4.83,0.2097094410705566,273,30.0,put,2026-11-30,0.26301369863013696,764.260009765625,4.8149999999999995,0.006230529595015628,0.22037782293612487,-0.12419536731427812
676.0,4.86,4.89,0.20868711242675775,136,2.0,put,2026-11-30,0.26301369863013696,764.260009765625,4.875,0.006153846153846023,0.21939904111282305,-0.1227149821438438
677.0,4.92,4.95,0.20768004241943355,259,2.0,put,2026-11-30,0.26301369863013696,764.260009765625,4.9350000000000005,0.00607902735562315,0.2184079120496214,-0.12123678527453298
678.0,4.95,5.03,0.2068865933227539,180,1.0,put,2026-11-30,0.26301369863013696,764.260009765625,4.99,0.016032064128256526,0.2173385927394518,-0.11976077024641235
679.0,5.04,5.07,0.20557435058593748,387,2.0,put,2026-11-30,0.26301369863013696,764.260009765625,5.055,0.005934718100890257,0.2163890950239782,-0.11828693062811187
680.0,5.11,5.14,0.2046435737609863,234,10.0,put,2026-11-30,0.26301369863013696,764.260009765625,5.125,0.005853658536585241,0.21549094383355086,-0.11681526001665557
681.0,5.19,5.23,0.20392641784667967,35,14.0,put,2026-11-30,0.26301369863013696,764.260009765625,5.210000000000001,0.007677543186180428,0.21477011076868885,-0.11534575203729554
682.0,5.26,5.29,0.20284305465698238,16,2.0,put,2026-11-30,0.26301369863013696,764.260009765625,5.275,0.005687203791469241,0.21377798104657808,-0.11387840034334587
683.0,5.33,5.37,0.20197331237792968,24,6.0,put,2026-11-30,0.26301369863013696,764.260009765625,5.35,0.007476635514018699,0.21289825471990995,-0.11241319861601787
684.0,5.4,5.43,0.20087469055175777,13,2.0,put,2026-11-30,0.26301369863013696,764.260009765625,5.415,0.005540166204986032,0.21187933314287077,-0.11095014056425755
685.0,5.44,5.53,0.20020331054687499,124,1.0,put,2026-11-30,0.26301369863013696,764.260009765625,5.485,0.016408386508659955,0.2109092015516554,-0.10948921992458267
686.0,5.56,5.6,0.19918098190307615,34,6.0,put,2026-11-30,0.26301369863013696,764.260009765625,5.58,0.007168458781362013,0.21022901895544607,-0.10803043046092269
688.0,5.71,5.75,0.19719735916137693,127,2.0,put,2026-11-30,0.26301369863013696,764.260009765625,5.73,0.006980802792321122,0.20833391149936498,-0.10511922025346428
689.0,5.75,5.84,0.19635813415527342,14,1.0,put,2026-11-30,0.26301369863013696,764.260009765625,5.795,0.015530629853321804,0.20724684181415381,-0.10366678717314944
690.0,5.87,5.9,0.19516796051025392,152,18.0,put,2026-11-30,0.26301369863013696,764.260009765625,5.885,0.005097706032285514,0.20643937762672954,-0.10221646059550289
691.0,5.96,6.0,0.19438977005004882,30,1.0,put,2026-11-30,0.26301369863013696,764.260009765625,5.98,0.006688963210702346,0.20567183691885052,-0.10076823441913801
692.0,6.04,6.08,0.19339795867919923,728,2.0,put,2026-11-30,0.26301369863013696,764.260009765625,6.0600000000000005,0.006600660066006606,0.20471437618745553,-0.09932210256913843
693.0,6.13,6.17,0.19248244049072266,33,1.0,put,2026-11-30,0.26301369863013696,764.260009765625,6.15,0.006504065040650412,0.20385494390959608,-0.09787805899690472
694.0,6.22,6.25,0.19144485321044924,72,3.0,put,2026-11-30,0.26301369863013696,764.260009765625,6.234999999999999,0.004811547714514876,0.20292247085977677,-0.0964360976800034
695.0,6.3,6.34,0.19049881774902344,259,1.0,put,2026-11-30,0.26301369863013696,764.260009765625,6.32,0.006329113924050638,0.20197418805245052,-0.09499621262201584
697.0,6.43,6.53,0.1886677813720703,204,1.0,put,2026-11-30,0.26301369863013696,764.260009765625,6.48,0.01543209876543218,0.19992210966678184,-0.09212264742628412
698.0,6.57,6.61,0.18756915954589842,250,6.0,put,2026-11-30,0.26301369863013696,764.260009765625,6.59,0.0060698027314112345,0.19919717932389808,-0.09068895542443547
699.0,6.62,6.72,0.18676045181274414,69,1.0,put,2026-11-30,0.26301369863013696,764.260009765625,6.67,0.014992503748125883,0.19813222348942466,-0.08925731595299764
700.0,6.75,6.79,0.18552450225830075,1357,3.0,put,2026-11-30,0.26301369863013696,764.260009765625,6.77,0.005908419497784348,0.19726405794866417,-0.08782772314340331
701.0,6.87,6.9,0.18468527725219724,17,3.0,put,2026-11-30,0.26301369863013696,764.260009765625,6.885,0.00435729847494557,0.19653427596260034,-0.08640017115221785
702.0,6.91,7.02,0.1839223454284668,104,1.0,put,2026-11-30,0.26301369863013696,764.260009765625,6.965,0.015793251974156416,0.1954218562466445,-0.08497465416099689
704.0,7.17,7.21,0.1818471708679199,181,1.0,put,2026-11-30,0.26301369863013696,764.260009765625,7.1899999999999995,0.005563282336578586,0.19381447878052394,-0.08212970202876552
705.0,7.28,7.31,0.1808248422241211,505,11.0,put,2026-11-30,0.26301369863013696,764.260009765625,7.295,0.0041124057573679726,0.19290555962974545,-0.08071025537453934
706.0,7.38,7.42,0.1798788067626953,249,1.0,put,2026-11-30,0.26301369863013696,764.260009765625,7.4,0.00540540540540541,0.19197836995042136,-0.07929282069356586
707.0,7.44,7.54,0.17902432312011718,47,20.0,put,2026-11-30,0.26301369863013696,764.260009765625,7.49,0.013351134846461901,0.19088548116979145,-0.07787739229023515
708.0,7.55,7.66,0.17813932220458983,41,1.0,put,2026-11-30,0.26301369863013696,764.260009765625,7.605,0.014464168310322198,0.19002103855644575,-0.0764639644930882
709.0,7.71,7.76,0.17704070037841796,436,1.0,put,2026-11-30,0.26301369863013696,764.260009765625,7.734999999999999,0.006464124111182913,0.1892815563262657,-0.07505253165468043
710.0,7.81,7.86,0.17594207855224608,392,10.0,put,2026-11-30,0.26301369863013696,764.260009765625,7.835,0.0063816209317167465,0.1882330764024102,-0.07364308815144689
711.0,7.9,8.0,0.17517914672851562,205,30.0,put,2026-11-30,0.26301369863013696,764.260009765625,7.95,0.012578616352201213,0.1873098841605707,-0.07223562838356708
712.0,8.06,8.11,0.174111042175293,1246,3.0,put,2026-11-30,0.26301369863013696,764.260009765625,8.085,0.00618429189857748,0.18655491482412784,-0.07083014677483214
713.0,8.19,8.23,0.17313448944091797,16,3.0,put,2026-11-30,0.26301369863013696,764.260009765625,8.21,0.0048721071863582115,0.1856843989503882,-0.06942663777251204
714.0,8.31,8.36,0.17221897125244146,118,1.0,put,2026-11-30,0.26301369863013696,764.260009765625,8.335,0.005998800239951881,0.18479316153288164,-0.06802509584722355
715.0,8.39,8.49,0.17127293579101563,98,3.0,put,2026-11-30,0.26301369863013696,764.260009765625,8.440000000000001,0.011848341232227444,0.18369912134515962,-0.06662551549280035
716.0,8.58,8.62,0.17031164169311525,87,2.0,put,2026-11-30,0.26301369863013696,764.260009765625,8.6,0.0046511627906975755,0.1830844834592015,-0.06522789122616234
717.0,8.7,8.75,0.16931983032226564,66,1.0,put,2026-11-30,0.26301369863013696,764.260009765625,8.725,0.005730659025788047,0.18213073330014176,-0.06383221758718756
718.0,8.83,8.88,0.16831276031494147,46,1.0,put,2026-11-30,0.26301369863013696,764.260009765625,8.855,0.005646527385657901,0.18120111869075448,-0.062438489138583804
719.0,8.97,9.02,0.16736672485351564,21,1.0,put,2026-11-30,0.26301369863013696,764.260009765625,8.995000000000001,0.005558643690939291,0.18033842709950693,-0.06104670046576125
720.0,9.09,9.13,0.1661612925720215,392,22.0,put,2026-11-30,0.26301369863013696,764.260009765625,9.11,0.004390779363337094,0.1792359371084362,-0.0596568461767069
721.0,9.26,9.31,0.1655051712036133,185,1.0,put,2026-11-30,0.26301369863013696,764.260009765625,9.285,0.005385029617662973,0.17863239418078639,-0.05826892090185889
722.0,9.36,9.47,0.16465068756103518,46,1.0,put,2026-11-30,0.26301369863013696,764.260009765625,9.415,0.011683483802443039,0.1776169856139654,-0.05688291929398169
723.0,9.51,9.62,0.16368939346313482,233,1.0,put,2026-11-30,0.26301369863013696,764.260009765625,9.565,0.011500261369576522,0.17675047000799654,-0.05549883602804331
724.0,9.66,9.77,0.1627128407287598,221,10.0,put,2026-11-30,0.26301369863013696,764.260009765625,9.715,0.011322696860524903,0.17586063258625328,-0.05411666580109158
725.0,9.87,9.92,0.16170577072143555,566,2.0,put,2026-11-30,0.26301369863013696,764.260009765625,9.895,0.005053057099545297,0.17519703910098133,-0.05273640333213312
726.0,10.03,10.08,0.1607597352600098,96,1.0,put,2026-11-30,0.26301369863013696,764.260009765625,10.055,0.004972650422675357,0.1743411875913577,-0.051358043362011885
727.0,10.14,10.25,0.1598594757080078,90,3.0,put,2026-11-30,0.26301369863013696,764.260009765625,10.195,0.01078960274644428,0.1732975916908465,-0.04998158065328856
728.0,10.3,10.42,0.15894395751953128,310,2.0,put,2026-11-30,0.26301369863013696,764.260009765625,10.36,0.011583011583011508,0.1724350584559931,-0.04860700999012203
729.0,10.47,10.58,0.1579063702392578,64,1.0,put,2026-11-30,0.26301369863013696,764.260009765625,10.525,0.010451306413301609,0.17154768374889037,-0.04723432617814981
730.0,10.69,10.74,0.15685352432250982,407,22.0,put,2026-11-30,0.26301369863013696,764.260009765625,10.715,0.00466635557629498,0.17083468532056736,-0.04586352404437109
731.0,10.88,10.93,0.15601429931640626,78,2.0,put,2026-11-30,0.26301369863013696,764.260009765625,10.905000000000001,0.004585052728106275,0.17009370673068105,-0.04449459843702948
732.0,11.06,11.11,0.1550530052185059,28,2.0,put,2026-11-30,0.26301369863013696,764.260009765625,11.085,0.004510599909787905,0.16924665470443012,-0.043127544225496375
733.0,11.24,11.29,0.15407645248413088,37,1.0,put,2026-11-30,0.26301369863013696,764.260009765625,11.265,0.00443852640923204,0.16837326413794712,-0.04176235630015651
734.0,11.43,11.48,0.15313041702270513,100,13.0,put,2026-11-30,0.26301369863013696,764.260009765625,11.455,0.00436490615451774,0.16755066791058004,-0.04039902957229238
735.0,11.63,11.68,0.15224541610717773,501,34.0,put,2026-11-30,0.26301369863013696,764.260009765625,11.655000000000001,0.004290004290004198,0.1667771036062722,-0.03903755897397124
736.0,11.82,11.88,0.1513146392822266,136,17.0,put,2026-11-30,0.26301369863013696,764.260009765625,11.850000000000001,0.005063291139240548,0.16593713885680939,-0.03767793945793175
737.0,12.02,12.08,0.1503686038208008,186,2.0,put,2026-11-30,0.26301369863013696,764.260009765625,12.05,0.004979253112033236,0.1651069999949898,-0.036320165997471336
738.0,12.23,12.29,0.14945308563232423,387,3.0,put,2026-11-30,0.26301369863013696,764.260009765625,12.26,0.004893964110929749,0.16432322945467967,-0.0349642335863354
739.0,12.44,12.5,0.14851467948913574,194,22.0,put,2026-11-30,0.26301369863013696,764.260009765625,12.469999999999999,0.004811547714514876,0.16351011660600076,-0.033610137238606196
740.0,12.65,12.71,0.14754575607299808,1543,2.0,put,2026-11-30,0.26301369863013696,764.260009765625,12.68,0.0047318611987382094,0.16266774539406634,-0.032257871988592486
741.0,12.88,12.94,0.1466760137939453,115,1.0,put,2026-11-30,0.26301369863013696,764.260009765625,12.91,0.004647560030983634,0.1619422165252954,-0.030907432890721107
742.0,13.11,13.17,0.14577575424194333,121,4.0,put,2026-11-30,0.26301369863013696,764.260009765625,13.14,0.004566210045662138,0.16118544412297447,-0.0295588150194275
743.0,13.34,13.4,0.1448449774169922,95,2.0,put,2026-11-30,0.26301369863013696,764.260009765625,13.370000000000001,0.004487658937920755,0.16039752209940963,-0.028212013469048742
744.0,13.5,13.65,0.14402101104736326,44,1.0,put,2026-11-30,0.26301369863013696,764.260009765625,13.575,0.011049723756906105,0.15939974202660667,-0.02686702335371611
745.0,13.81,13.87,0.14295290649414064,207,78.0,put,2026-11-30,0.26301369863013696,764.260009765625,13.84,0.004335260115606844,0.1587994639119692,-0.025523839807248417
746.0,14.06,14.12,0.14205264694213865,497,1.0,put,2026-11-30,0.26301369863013696,764.260009765625,14.09,0.0042583392476933084,0.15805899280451702,-0.02418245798304715
747.0,14.31,14.38,0.14118290466308597,61,2.0,put,2026-11-30,0.26301369863013696,764.260009765625,14.345,0.004879749041477886,0.1573207071945604,-0.022842873053990652
748.0,14.58,14.63,0.14022161056518556,373,31.0,put,2026-11-30,0.26301369863013696,764.260009765625,14.605,0.0034234851078398295,0.15658397806800736,-0.02150508021233067
749.0,14.76,14.91,0.13941290283203128,449,2.0,put,2026-11-30,0.26301369863013696,764.260009765625,14.835,0.010111223458038446,0.15560578071696074,-0.020169074669588505
750.0,15.04,15.17,0.13843635009765626,1905,1.0,put,2026-11-30,0.26301369863013696,764.260009765625,15.105,0.00860642171466407,0.15487173449977376,-0.018834851656451816
751.0,15.39,15.45,0.1375513491821289,76,3.0,put,2026-11-30,0.26301369863013696,764.260009765625,15.42,0.0038910505836575048,0.1544112069173846,-0.01750240642267315
752.0,15.59,15.75,0.13675790008544925,149,1.0,put,2026-11-30,0.26301369863013696,764.260009765625,15.67,0.010210593490746659,0.15347014614157928,-0.01617173423696814
753.0,15.88,16.03,0.13579660598754884,78,10.0,put,2026-11-30,0.26301369863013696,764.260009765625,15.955000000000002,0.009401441554371691,0.15273296546250734,-0.014842830386914344
754.0,16.24,16.31,0.13478953598022464,93,1.0,put,2026-11-30,0.26301369863013696,764.260009765625,16.275,0.0043010752688172225,0.15219585155416876,-0.013515690178851918
755.0,16.48,16.63,0.13401134552001953,164,1.0,put,2026-11-30,0.26301369863013696,764.260009765625,16.555,0.009060706735125254,0.15135234688616428,-0.012190308937783244
756.0,16.86,16.94,0.13311871528625488,66,21.0,put,2026-11-30,0.26301369863013696,764.260009765625,16.9,0.004733727810650997,0.15090703653131035,-0.010866682007274905
757.0,17.18,17.25,0.13218030914306644,292,1.0,put,2026-11-30,0.26301369863013696,764.260009765625,17.215,0.004066221318617501,0.1502226986239256,-0.009544804749359197
758.0,17.5,17.58,0.13134108413696288,152,1.0,put,2026-11-30,0.26301369863013696,764.260009765625,17.54,0.0045610034207524686,0.1495665797018295,-0.008224672544436273
759.0,17.75,17.92,0.13050948844909666,175,3.0,put,2026-11-30,0.26301369863013696,764.260009765625,17.835,0.009531819456125691,0.14867413619617675,-0.006906280791178072
760.0,18.18,18.25,0.1295710823059082,2046,7.0,put,2026-11-30,0.26301369863013696,764.260009765625,18.215,0.0038429865495470924,0.14830253558272113,-0.005589624906431192
761.0,18.52,18.59,0.12865556411743162,815,2.0,put,2026-11-30,0.26301369863013696,764.260009765625,18.555,0.0037725680409593254,0.14762771342424721,-0.004274700325122075
762.0,18.88,18.96,0.12787737365722657,56,1.0,put,2026-11-30,0.26301369863013696,764.260009765625,18.92,0.004228329809725256,0.14707617771485473,-0.002961502500161706
763.0,19.25,19.32,0.12699237274169922,65,1.0,put,2026-11-30,0.26301369863013696,764.260009765625,19.285,0.0036297640653357678,0.14648368685950713,-0.0016500269023509311
764.0,19.52,19.7,0.1261836650085449,57,5.0,put,2026-11-30,0.26301369863013696,764.260009765625,19.61,0.009178990311065768,0.14559066170938242,-0.0003402690202875131
765.0,19.99,20.08,0.1253139227294922,196,2.0,put,2026-11-30,0.26301369863013696,764.260009765625,20.034999999999997,0.004492138757174938,0.145304569865412,0.0009677756397279868
766.0,20.38,20.46,0.12441366317749025,110,54.0,put,2026-11-30,0.26301369863013696,764.260009765625,20.42,0.003917727717923695,0.14471690536168744,0.0022741115537833804
767.0,20.79,20.86,0.12357443817138672,37,5.0,put,2026-11-30,0.26301369863013696,764.260009765625,20.825,0.0033613445378151397,0.14421575747087587,0.0035787431804482
768.0,21.19,21.26,0.12268943725585937,111,1.0,put,2026-11-30,0.26301369863013696,764.260009765625,21.225,0.0032979976442874103,0.1436393667426097,0.004881674960864112
769.0,21.6,21.69,0.12194176406860352,148,5.0,put,2026-11-30,0.26301369863013696,764.260009765625,21.645000000000003,0.00415800415800415,0.14314827482275302,0.006182911318836073
770.0,22.02,22.1,0.12101098724365235,316,23.0,put,2026-11-30,0.26301369863013696,764.260009765625,22.060000000000002,0.0036264732547598294,0.1425812479780219,0.007482456660921564
771.0,22.46,22.55,0.1202785726928711,50,3.0,put,2026-11-30,0.26301369863013696,764.260009765625,22.505000000000003,0.0039991113085980825,0.1421626453426374,0.008780315376521453
772.0,22.91,23.0,0.1194851235961914,64,1.0,put,2026-11-30,0.26301369863013696,764.260009765625,22.955,0.003920714441298186,0.14173150538074317,0.010076491837968287
773.0,23.36,23.43,0.11851620018005371,337,1.0,put,2026-11-30,0.26301369863013696,764.260009765625,23.395,0.002992092327420401,0.1411912902524559,0.01137099040061401
774.0,23.81,23.9,0.11774563903808594,256,104.0,put,2026-11-30,0.26301369863013696,764.260009765625,23.854999999999997,0.0037727939635296527,0.14073412889444695,0.012663815402919098
775.0,24.29,24.37,0.1169064140319824,1105,1.0,put,2026-11-30,0.26301369863013696,764.260009765625,24.33,0.0032881216605015148,0.14032768805166948,0.013954971166539128
776.0,24.77,24.86,0.11614348220825196,93,1.0,put,2026-11-30,0.26301369863013696,764.260009765625,24.814999999999998,0.0036268386056820417,0.13993967665157606,0.015244461996410816
777.0,25.26,25.35,0.11531188652038574,45,1.0,put,2026-11-30,0.26301369863013696,764.260009765625,25.305,0.0035566093657379907,0.1395377391278439,0.01653229218083944
779.0,26.27,26.37,0.11373261764526366,300,54.0,put,2026-11-30,0.26301369863013696,764.260009765625,26.32,0.0037993920972644916,0.13882021482751114,0.019102987683940347
780.0,26.79,26.89,0.11290865127563476,112,1.0,put,2026-11-30,0.26301369863013696,764.260009765625,26.84,0.0037257824143070574,0.13847224952255668,0.020385861496829437
781.0,27.15,27.36,0.1116727017211914,121,,put,2026-11-30,0.26301369863013696,764.260009765625,27.255,0.007705008255366019,0.13739495927770304,0.021667091652877914
785.0,29.46,29.71,0.10926183715820312,88,54.0,put,2026-11-30,0.26301369863013696,764.260009765625,29.585,0.008450228156160216,0.13697027453969093,0.026775659595600552
790.0,32.52,32.77,0.10550821258544921,285,22.0,put,2026-11-30,0.26301369863013696,764.260009765625,32.645,0.007658140603461479,0.1363785499255098,0.033124887274259184
795.0,35.81,36.1,0.10181562255859375,20,27.0,put,2026-11-30,0.26301369863013696,764.260009765625,35.955,0.00806563760255873,0.13634550208522064,0.039434056467524
800.0,39.29,39.6,0.09725329025268556,37,4.0,put,2026-11-30,0.26301369863013696,764.260009765625,39.445,0.007859044238813595,0.13647317669841827,0.045703669481119286
810.0,46.01,47.64,0.09076836975097656,85,20.0,put,2026-11-30,0.26301369863013696,764.260009765625,46.825,0.03481046449546188,0.13645400740245317,0.058126189479676425
815.0,50.13,51.92,0.08643491699218751,12,1.0,put,2026-11-30,0.26301369863013696,764.260009765625,51.025000000000006,0.03508084272415481,0.1390923762037953,0.06428005505405478
825.0,58.88,61.87,0.0976652734375,18,2.0,put,2026-11-30,0.26301369863013696,764.260009765625,60.375,0.04952380952380944,0.15098121894428057,0.07647532814787304
460.0,308.21,311.67,0.5686688641357422,21,4.0,call,2026-12-31,0.34794520547945207,764.260009765625,309.94,0.01116345099051441,0.4802612343883865,-0.5076815687036673
500.0,269.47,272.56,0.5109301837158204,201,1.0,call,2026-12-31,0.34794520547945207,764.260009765625,271.015,0.01140158293821366,0.4286855480530504,-0.42429995976461615
510.0,259.67,262.94,0.5241746801757812,25,10.0,call,2026-12-31,0.34794520547945207,764.260009765625,261.305,0.01251411186161758,0.41626948097017086,-0.40449733246843644
520.0,249.6,253.05,0.5058948336791992,16,10.0,call,2026-12-31,0.34794520547945207,764.260009765625,251.325,0.013727245598328925,0.3962067354003119,-0.3850792466113349
540.0,230.1,233.59,0.4745535943603516,22,1.0,call,2026-12-31,0.34794520547945207,764.260009765625,231.845,0.015053160516724576,0.3701929463908106,-0.3473389186284879
550.0,221.02,223.88,0.45917288879394536,24,1.0,call,2026-12-31,0.34794520547945207,764.260009765625,222.45,0.012856821757698294,0.36531149897849885,-0.3289897799602914
555.0,215.84,219.03,0.451528311920166,31,2.0,call,2026-12-31,0.34794520547945207,764.260009765625,217.435,0.014671051118725126,0.35527945051150833,-0.3199399444403735
560.0,211.33,214.19,0.4440058041381836,13,1.0,call,2026-12-31,0.34794520547945207,764.260009765625,212.76,0.013442376386538755,0.35291542504707313,-0.3109712744576131
565.0,205.86,209.0,0.43195148132324224,70,1.0,call,2026-12-31,0.34794520547945207,764.260009765625,207.43,0.015137636793134967,0.33606031045925844,-0.3020823270403671
570.0,201.41,204.66,0.4308070835876466,59,1.0,call,2026-12-31,0.34794520547945207,764.260009765625,203.035,0.01600709237323614,0.33968152921783723,-0.29327169735821207
575.0,196.57,199.84,0.42343716217041016,793,1.0,call,2026-12-31,0.34794520547945207,764.260009765625,198.20499999999998,0.016498070179864335,0.33370187651567923,-0.28453801738945744
580.0,190.84,193.98,0.40332627929687503,20,3.0,call,2026-12-31,0.34794520547945207,764.260009765625,192.41,0.016319318122758622,0.30759899335964497,-0.2758799546463429
585.0,186.9,190.2,0.408636284790039,20,2.0,call,2026-12-31,0.34794520547945207,764.260009765625,188.55,0.017501988862370633,0.32170072686140244,-0.26729621095495143
590.0,181.75,185.26,0.39980153427124027,32,1.0,call,2026-12-31,0.34794520547945207,764.260009765625,183.505,0.01912754420860462,0.3116069367725824,-0.2587855212870428
595.0,176.95,180.46,0.39258419921875,70,1.0,call,2026-12-31,0.34794520547945207,764.260009765625,178.70499999999998,0.01964130830139067,0.3061104108204339,-0.25034665264117817
600.0,172.48,175.81,0.3869690209960937,432,1.0,call,2026-12-31,0.34794520547945207,764.260009765625,174.14499999999998,0.019121996037784677,0.30468216966818534,-0.24197840297066156
605.0,166.92,170.0,0.3685823640441895,2178,1.0,call,2026-12-31,0.34794520547945207,764.260009765625,168.45999999999998,0.018283271993351613,0.28350807563449326,-0.23367960015596648
610.0,162.62,166.13,0.37138995315551754,388,2.0,call,2026-12-31,0.34794520547945207,764.260009765625,164.375,0.021353612167300324,0.2902941865642604,-0.22544910101945104
615.0,158.24,161.5,0.3657289990234375,205,1.0,call,2026-12-31,0.34794520547945207,764.260009765625,159.87,0.020391568149121103,0.2890403845753114,-0.21728579038029008
620.0,153.6,156.76,0.35883209533691407,272,1.0,call,2026-12-31,0.34794520547945207,764.260009765625,155.18,0.02036344889805385,0.2846170119856075,-0.20918858014767075
624.0,144.94,148.4,0.3048470394897461,785,1.0,call,2026-12-31,0.34794520547945207,764.260009765625,146.67000000000002,0.02359037294606946,0.1770383997552499,-0.20275768981738024
625.0,148.85,152.03,0.3519809675598144,77,1.0,call,2026-12-31,0.34794520547945207,764.260009765625,150.44,0.021137995214038866,0.27930952128889036,-0.2011564084504065
628.0,141.28,144.74,0.3017190190124512,178,1.0,call,2026-12-31,0.34794520547945207,764.260009765625,143.01,0.02419411229983923,0.18448263276678034,-0.1963678917186093
629.0,145.2,148.12,0.3452213916015625,1122,1.0,call,2026-12-31,0.34794520547945207,764.260009765625,146.66,0.01990999590890506,0.2751457666396243,-0.1947768014863674
630.0,144.12,147.3,0.34503828796386715,350,10.0,call,2026-12-31,0.34794520547945207,764.260009765625,145.71,0.021824171299155905,0.2740234718033708,-0.19318823880122962
633.0,140.4,143.57,0.33231258514404294,31,1.0,call,2026-12-31,0.34794520547945207,764.260009765625,141.985,0.022326302074162672,0.25843528791586967,-0.18843763604263178
635.0,139.46,142.59,0.3382024188232422,48,1.0,call,2026-12-31,0.34794520547945207,764.260009765625,141.025,0.02219464633930151,0.26921086697924634,-0.18528305929411634
636.0,137.56,140.76,0.3284674087524414,33,2.0,call,2026-12-31,0.34794520547945207,764.260009765625,139.16,0.022995113538373014,0.25561345728297075,-0.1837094948466858
640.0,134.66,137.91,0.3315649119567871,337,9.0,call,2026-12-31,0.34794520547945207,764.260009765625,136.285,0.023847085152437907,0.2635373596743139,-0.17743988183309048
641.0,133.82,136.97,0.33019163467407225,18,1.0,call,2026-12-31,0.34794520547945207,764.260009765625,135.39499999999998,0.02326526090328303,0.2631241767552976,-0.1758786012661379
642.0,132.9,136.03,0.3288030987548828,59,50.0,call,2026-12-31,0.34794520547945207,764.260009765625,134.465,0.023277432789201618,0.2621934465290252,-0.17431975449684672
643.0,131.96,135.09,0.3274298214721679,13,5.0,call,2026-12-31,0.34794520547945207,764.260009765625,133.525,0.023441303126755256,0.26113087599929824,-0.1727633339491886
645.0,130.09,133.23,0.32482059463500973,59,1.0,call,2026-12-31,0.34794520547945207,764.260009765625,131.66,0.023849308825763228,0.2591733161041229,-0.1696577413910354
646.0,124.97,128.43,0.28742167663574214,14,1.0,call,2026-12-31,0.34794520547945207,764.260009765625,126.7,0.027308602999210795,0.19848160616907726,-0.1681085544042061
647.0,128.16,131.24,0.3210517114257812,17,1.0,call,2026-12-31,0.34794520547945207,764.260009765625,129.7,0.02374710871241336,0.2560373252396876,-0.16656176368590736
649.0,126.34,129.5,0.31948007186889643,57,2.0,call,2026-12-31,0.34794520547945207,764.260009765625,127.92,0.02470293933708565,0.2550583802459839,-0.16347534148271795
650.0,125.42,128.56,0.31806101867675773,649,2.0,call,2026-12-31,0.34794520547945207,764.260009765625,126.99000000000001,0.024726356406016226,0.25407331107946024,-0.1619356952971251
651.0,123.59,126.79,0.309378854522705,74,100.0,call,2026-12-31,0.34794520547945207,764.260009765625,125.19,0.025561147056474182,0.24257842692694223,-0.16039841597823873
655.0,120.78,123.92,0.31145402908325187,144,10.0,call,2026-12-31,0.34794520547945207,764.260009765625,122.35,0.025664078463424608,0.24915819561338384,-0.154272822551556
656.0,117.66,119.68,0.2810130493164062,11,1.0,call,2026-12-31,0.34794520547945207,764.260009765625,118.67,0.017021993764220193,0.2138499691282425,-0.15274726924271895
658.0,117.99,121.14,0.3074715249633788,10,2.0,call,2026-12-31,0.34794520547945207,764.260009765625,119.565,0.026345502446368133,0.2461126069012045,-0.14970312686149082
660.0,116.08,119.18,0.3039010040283203,117,2.0,call,2026-12-31,0.34794520547945207,764.260009765625,117.63,0.026353821304089167,0.24318536601528137,-0.14666822316633668
661.0,111.6,115.03,0.2749095947265625,13,2.0,call,2026-12-31,0.34794520547945207,764.260009765625,113.315,0.030269602435688187,0.20031338233978382,-0.1451542183351217
663.0,109.83,113.25,0.2731395928955078,16,1.0,call,2026-12-31,0.34794520547945207,764.260009765625,111.53999999999999,0.030661646046261447,0.2001174718837953,-0.14213306800094538
664.0,112.45,115.62,0.29968962036132807,12,1.0,call,2026-12-31,0.34794520547945207,764.260009765625,114.035,0.027798482921909954,0.2402625195887282,-0.14062590871037411
665.0,111.53,114.71,0.29845367080688473,275,1.0,call,2026-12-31,0.34794520547945207,764.260009765625,113.12,0.028111739745403045,0.23933076235633652,-0.1391210175309538
667.0,109.64,112.87,0.2957986680603027,19,1.0,call,2026-12-31,0.34794520547945207,764.260009765625,111.255,0.029032403038065743,0.23707643037819381,-0.13611801227118422
668.0,105.44,108.86,0.26901976104736325,23,2.0,call,2026-12-31,0.34794520547945207,764.260009765625,107.15,0.03191787214185722,0.1997563559529038,-0.13461988465016217
669.0,107.04,110.26,0.28694865890502924,213,2.0,call,2026-12-31,0.34794520547945207,764.260009765625,108.65,0.029636447307869292,0.22704318143135646,-0.13312399805857952
670.0,106.89,110.13,0.29195349166870105,631,4.0,call,2026-12-31,0.34794520547945207,764.260009765625,108.50999999999999,0.029858999170583312,0.23418587523143639,-0.1316303458017962
671.0,102.82,106.29,0.266959845123291,216,2.0,call,2026-12-31,0.34794520547945207,764.260009765625,104.555,0.033188274114102745,0.19967771613205398,-0.1301389212151262
674.0,102.5,105.73,0.28087572158813473,12,1.0,call,2026-12-31,0.34794520547945207,764.260009765625,104.11500000000001,0.03102338760024976,0.22281535456147042,-0.12567794727450096
675.0,103.45,105.59,0.2856058988952636,759,1.0,call,2026-12-31,0.34794520547945207,764.260009765625,104.52000000000001,0.020474550325296596,0.23488060189900303,-0.12419536731427812
676.0,102.43,104.55,0.28330184478759757,62,1.0,call,2026-12-31,0.34794520547945207,764.260009765625,103.49000000000001,0.020485071021354623,0.23271967254985548,-0.1227149821438438
677.0,101.49,103.64,0.2819896020507812,24,1.0,call,2026-12-31,0.34794520547945207,764.260009765625,102.565,0.020962316579729984,0.2315621530712119,-0.12123678527453298
678.0,99.6,102.72,0.2806010661315917,164,1.0,call,2026-12-31,0.34794520547945207,764.260009765625,101.16,0.030842230130486405,0.22581946317894225,-0.11976077024641235
679.0,99.7,101.83,0.2794414097595214,13,1.0,call,2026-12-31,0.34794520547945207,764.260009765625,100.765,0.02113829206569737,0.22969654388348756,-0.11828693062811187
680.0,97.67,101.04,0.27901416793823236,977,6.0,call,2026-12-31,0.34794520547945207,764.260009765625,99.355,0.03391877610588299,0.22395904352322757,-0.11681526001665557
681.0,97.91,100.03,0.2769237347412109,135,1.0,call,2026-12-31,0.34794520547945207,764.260009765625,98.97,0.021420632514903552,0.22783808239162542,-0.11534575203729554
683.0,96.1,98.2,0.27416192153930663,18,5.0,call,2026-12-31,0.34794520547945207,764.260009765625,97.15,0.021616057642820468,0.2257120706127246,-0.11241319861601787
684.0,95.2,97.31,0.27295648925781246,20,1.0,call,2026-12-31,0.34794520547945207,764.260009765625,96.255,0.02192093917199106,0.2247722713586106,-0.11095014056425755
685.0,94.31,96.44,0.27190364334106437,438,2.0,call,2026-12-31,0.34794520547945207,764.260009765625,95.375,0.02233289646133678,0.22395689227353432,-0.10948921992458267
686.0,91.67,94.96,0.2663189823913575,113,4.0,call,2026-12-31,0.34794520547945207,764.260009765625,93.315,0.03525692546750246,0.2124095854915101,-0.10803043046092269
687.0,92.53,94.62,0.26915708877563477,109,1.0,call,2026-12-31,0.34794520547945207,764.260009765625,93.575,0.022335025380710697,0.2219362122394712,-0.10657376596445864
688.0,89.89,93.18,0.26389285919189454,75,2.0,call,2026-12-31,0.34794520547945207,764.260009765625,91.535,0.03594253564210418,0.21070719337720528,-0.10511922025346428
689.0,90.74,92.86,0.2668225173950196,119,1.0,call,2026-12-31,0.34794520547945207,764.260009765625,91.8,0.023093681917211378,0.22009589137325314,-0.10366678717314944
690.0,89.87,91.98,0.2656476023864746,346,5.0,call,2026-12-31,0.34794520547945207,764.260009765625,90.92500000000001,0.023205938960681873,0.2192675199435641,-0.10221646059550289
691.0,88.97,91.09,0.26438113555908205,303,2.0,call,2026-12-31,0.34794520547945207,764.260009765625,90.03,0.023547706320115568,0.21825497759508652,-0.10076823441913801
692.0,87.05,90.29,0.263755531463623,141,1.0,call,2026-12-31,0.34794520547945207,764.260009765625,88.67,0.03653997970001138,0.2132388729358432,-0.09932210256913843
693.0,86.16,89.32,0.26190923645019537,58,1.0,call,2026-12-31,0.34794520547945207,764.260009765625,87.74,0.03601550034191927,0.21193394973257662,-0.09787805899690472
694.0,85.29,88.41,0.26048255393981934,30,2.0,call,2026-12-31,0.34794520547945207,764.260009765625,86.85,0.03592400690846276,0.2109643500492929,-0.0964360976800034
695.0,84.39,87.51,0.2591169059753418,259,1.0,call,2026-12-31,0.34794520547945207,764.260009765625,85.95,0.03630017452006986,0.20989922537221778,-0.09499621262201584
696.0,83.52,86.55,0.2573316455078125,861,1.0,call,2026-12-31,0.34794520547945207,764.260009765625,85.035,0.03563238666431471,0.20869827095656962,-0.09355839785238827
697.0,82.64,85.7,0.25629405822753903,168,1.0,call,2026-12-31,0.34794520547945207,764.260009765625,84.17,0.036354995841748866,0.20790740277063827,-0.09212264742628412
698.0,82.82,84.91,0.2556837127685547,171,3.0,call,2026-12-31,0.34794520547945207,764.260009765625,83.865,0.024921003994515037,0.211709962251357,-0.09068895542443547
699.0,80.89,82.51,0.24381249359130858,258,1.0,call,2026-12-31,0.34794520547945207,764.260009765625,81.7,0.019828641370869086,0.2001352484698141,-0.08925731595299764
700.0,79.86,82.88,0.2512892254638671,1610,8.0,call,2026-12-31,0.34794520547945207,764.260009765625,81.37,0.037114415632296865,0.20377444002121076,-0.08782772314340331
701.0,78.48,81.78,0.24850452430725098,208,12.0,call,2026-12-31,0.34794520547945207,764.260009765625,80.13,0.04118307749906399,0.1998724540480382,-0.08640017115221785
702.0,78.26,81.39,0.25058732818603513,549,2.0,call,2026-12-31,0.34794520547945207,764.260009765625,79.825,0.03921077356717814,0.20358664437116772,-0.08497465416099689
703.0,77.39,80.42,0.24867999862670898,278,1.0,call,2026-12-31,0.34794520547945207,764.260009765625,78.905,0.03840060832646855,0.2022758883529447,-0.08355116637614306
704.0,76.53,79.57,0.2475813768005371,325,2.0,call,2026-12-31,0.34794520547945207,764.260009765625,78.05,0.03894939141575903,0.2014738110598193,-0.08212970202876552
705.0,75.67,78.68,0.24619284088134769,525,1.0,call,2026-12-31,0.34794520547945207,764.260009765625,77.17500000000001,0.03900226757369621,0.20049967824164924,-0.08071025537453934
706.0,75.99,77.8,0.24488059814453128,19,1.0,call,2026-12-31,0.34794520547945207,764.260009765625,76.895,0.023538591585928893,0.20413775153983693,-0.07929282069356586
707.0,73.93,76.93,0.24361413131713866,121,2.0,call,2026-12-31,0.34794520547945207,764.260009765625,75.43,0.03977197401564364,0.19855380095394562,-0.07787739229023515
708.0,72.53,75.76,0.24034115379333496,183,3.0,call,2026-12-31,0.34794520547945207,764.260009765625,74.14500000000001,0.043563288151594895,0.19436585436436576,-0.0764639644930882
709.0,72.25,75.2,0.24112697357177731,16,1.0,call,2026-12-31,0.34794520547945207,764.260009765625,73.725,0.04001356391997291,0.19686468102396937,-0.07505253165468043
710.0,71.36,74.3,0.23963162719726558,264,1.0,call,2026-12-31,0.34794520547945207,764.260009765625,72.83,0.04036798022792802,0.1956752700259543,-0.07364308815144689
711.0,69.88,73.22,0.23694610717773437,180,1.0,call,2026-12-31,0.34794520547945207,764.260009765625,71.55,0.04668064290705805,0.1915548257975005,-0.07223562838356708
712.0,70.75,72.59,0.2372055039978027,11,1.0,call,2026-12-31,0.34794520547945207,764.260009765625,71.67,0.02567322450118604,0.197968884269184,-0.07083014677483214
713.0,68.84,71.63,0.23529817443847656,34,1.0,call,2026-12-31,0.34794520547945207,764.260009765625,70.235,0.03972378443795817,0.19271752363193578,-0.06942663777251204
714.0,67.97,70.85,0.23454287193298337,58,1.0,call,2026-12-31,0.34794520547945207,764.260009765625,69.41,0.04149258031983857,0.19200131981298174,-0.06802509584722355
715.0,67.04,69.94,0.23293308578491212,1086,1.0,call,2026-12-31,0.34794520547945207,764.260009765625,68.49000000000001,0.04234194772959543,0.1905700755070458,-0.06662551549280035
716.0,67.36,69.12,0.23190312782287595,43,1.0,call,2026-12-31,0.34794520547945207,764.260009765625,68.24000000000001,0.025791324736225158,0.19400029587470952,-0.06522789122616234
717.0,64.89,68.18,0.23008735008239747,40,2.0,call,2026-12-31,0.34794520547945207,764.260009765625,66.535,0.04944765912677548,0.18684664446700922,-0.06383221758718756
718.0,64.62,67.38,0.22914894393920898,129,1.0,call,2026-12-31,0.34794520547945207,764.260009765625,66.0,0.04181818181818168,0.18817452458437434,-0.062438489138583804
719.0,64.88,66.74,0.22922523712158205,81,1.0,call,2026-12-31,0.34794520547945207,764.260009765625,65.81,0.028263181887251167,0.19189285941017484,-0.06104670046576125
720.0,64.03,65.87,0.22782144256591796,1150,4.0,call,2026-12-31,0.34794520547945207,764.260009765625,64.95,0.028329484218629766,0.19080332250846613,-0.0596568461767069
721.0,63.2,65.08,0.2269059243774414,81,2.0,call,2026-12-31,0.34794520547945207,764.260009765625,64.14,0.029310882444652252,0.19004997339888732,-0.05826892090185889
722.0,61.35,64.08,0.2246552754974365,198,2.0,call,2026-12-31,0.34794520547945207,764.260009765625,62.715,0.0435302559196364,0.18499513066170292,-0.05688291929398169
723.0,60.56,63.27,0.22359480026245115,47,2.0,call,2026-12-31,0.34794520547945207,764.260009765625,61.915000000000006,0.043769684244528796,0.18430507498675322,-0.05549883602804331
724.0,59.71,62.33,0.22170272933959956,242,1.0,call,2026-12-31,0.34794520547945207,764.260009765625,61.019999999999996,0.04293674205178626,0.18294026475441325,-0.05411666580109158
725.0,59.95,60.3,0.21305108245849608,387,100.0,call,2026-12-31,0.34794520547945207,764.260009765625,60.125,0.005821205821205727,0.1815647155557224,-0.05273640333213312
730.0,54.93,56.37,0.2082598706054687,314,1.0,call,2026-12-31,0.34794520547945207,764.260009765625,55.65,0.025876010781671118,0.17452164729407285,-0.04586352404437109
735.0,51.05,52.41,0.2028735719299316,770,609.0,call,2026-12-31,0.34794520547945207,764.260009765625,51.73,0.026290353759907202,0.17078731796824587,-0.03903755897397124
740.0,48.09,49.55,0.2034991760253906,1511,1.0,call,2026-12-31,0.34794520547945207,764.260009765625,48.82,0.029905776321179717,0.17286075396093223,-0.032257871988592486
745.0,44.34,45.73,0.19796029098510742,1525,15.0,call,2026-12-31,0.34794520547945207,764.260009765625,45.035,0.030864882868879617,0.16876268234860892,-0.025523839807248417
750.0,40.73,41.04,0.1869969606781006,3057,6.0,call,2026-12-31,0.34794520547945207,764.260009765625,40.885,0.007582242876360579,0.16195563782320033,-0.018834851656451816
755.0,37.2,37.5,0.18210656768798827,1133,1.0,call,2026-12-31,0.34794520547945207,764.260009765625,37.35,0.008032128514056148,0.15826131584635858,-0.012190308937783244
760.0,33.88,34.19,0.1779104426574707,3057,7.0,call,2026-12-31,0.34794520547945207,764.260009765625,34.035,0.009108270897605264,0.1551868911966681,-0.005589624906431192
765.0,30.64,30.86,0.17296664443969728,1446,18.0,call,2026-12-31,0.34794520547945207,764.260009765625,30.75,0.00715447154471541,0.15158525852480326,0.0009677756397279868
770.0,27.52,27.78,0.16873237281799322,1510,7.0,call,2026-12-31,0.34794520547945207,764.260009765625,27.65,0.009403254972875284,0.14829420281140368,0.007482456660921564
775.0,24.75,24.8,0.16432262687683105,2793,4.0,call,2026-12-31,0.34794520547945207,764.260009765625,24.775,0.002018163471241199,0.1454825101699679,0.013954971166539128
780.0,22.04,22.09,0.1606452954864502,2377,271.0,call,2026-12-31,0.34794520547945207,764.260009765625,22.064999999999998,0.002266032177656955,0.14277109842510644,0.020385861496829437
785.0,19.53,19.59,0.15733417137145997,1377,331.0,call,2026-12-31,0.34794520547945207,764.260009765625,19.560000000000002,0.0030674846625766213,0.14035138994079674,0.026775659595600552
790.0,17.19,17.25,0.1540917111206055,1883,13.0,call,2026-12-31,0.34794520547945207,764.260009765625,17.22,0.003484320557491215,0.1379749250457574,0.033124887274259184
795.0,15.04,15.1,0.15106287178039554,1290,211.0,call,2026-12-31,0.34794520547945207,764.260009765625,15.07,0.003981420039814233,0.13576873908974135,0.039434056467524
800.0,13.11,13.16,0.14838498107910159,5381,37.0,call,2026-12-31,0.34794520547945207,764.260009765625,13.135,0.003806623524933438,0.13388375577106723,0.045703669481119286
805.0,11.35,11.41,0.14594359924316402,913,21.0,call,2026-12-31,0.34794520547945207,764.260009765625,11.379999999999999,0.005272407732864719,0.13213103244174101,0.05193421923175546
810.0,9.77,9.81,0.1435174760437012,3023,3.0,call,2026-12-31,0.34794520547945207,764.260009765625,9.79,0.004085801838610922,0.1304387313672861,0.058126189479676425
815.0,8.37,8.42,0.14153385330200197,3434,1.0,call,2026-12-31,0.34794520547945207,764.260009765625,8.395,0.005955926146515868,0.129046694427963,0.06428005505405478
820.0,7.13,7.18,0.139657041015625,1304,11.0,call,2026-12-31,0.34794520547945207,764.260009765625,7.154999999999999,0.006988120195667341,0.1277477371147912,0.07039628207149076
825.0,6.07,6.11,0.13811591873168944,2788,1.0,call,2026-12-31,0.34794520547945207,764.260009765625,6.09,0.006568144499178988,0.1267695198083057,0.07647532814787304
830.0,5.11,5.15,0.13648324462890626,3114,1.0,call,2026-12-31,0.34794520547945207,764.260009765625,5.130000000000001,0.007797270955165698,0.12564617983924603,0.08251764260383555
835.0,4.29,4.33,0.13514048461914066,2944,1.0,call,2026-12-31,0.34794520547945207,764.260009765625,4.3100000000000005,0.009280742459396758,0.12474205933579621,0.08852366666404753
840.0,3.56,3.66,0.13428600097656251,2354,1.0,call,2026-12-31,0.34794520547945207,764.260009765625,3.6100000000000003,0.02770083102493077,0.12400097409131206,0.09449383365055145
845.0,2.97,3.0,0.13257703369140628,1423,1.0,call,2026-12-31,0.34794520547945207,764.260009765625,2.9850000000000003,0.010050251256281341,0.1230561531022642,0.10042856917036588
850.0,2.46,2.49,0.13163099822998048,12904,3.0,call,2026-12-31,0.34794520547945207,764.260009765625,2.475,0.012121212121212222,0.12245853947311795,0.10632829129755426
855.0,2.03,2.06,0.13080703186035153,1449,1.0,call,2026-12-31,0.34794520547945207,764.260009765625,2.045,0.01466992665036687,0.12195655549950153,0.11219341074995223
860.0,1.67,1.69,0.12992203094482419,2910,1.0,call,2026-12-31,0.34794520547945207,764.260009765625,1.68,0.011904761904761916,0.12147213571885407,0.11802433106074553
865.0,1.36,1.39,0.12934220275878905,984,500.0,call,2026-12-31,0.34794520547945207,764.260009765625,1.375,0.021818181818181678,0.12105695414121474,0.12382144874507132
870.0,1.12,1.14,0.1287928918457031,1424,500.0,call,2026-12-31,0.34794520547945207,764.260009765625,1.13,0.017699115044247607,0.12088834757256676,0.1295851534618215
875.0,0.92,0.94,0.12854875366210936,294,1.0,call,2026-12-31,0.34794520547945207,764.260009765625,0.9299999999999999,0.021505376344085923,0.12086350635171438,0.13531582817080642
880.0,0.76,0.77,0.12824358093261717,437,1.0,call,2026-12-31,0.34794520547945207,764.260009765625,0.765,0.013071895424836612,0.12091625894555236,0.14101384928544425
885.0,0.63,0.64,0.12836565002441402,1266,1.0,call,2026-12-31,0.34794520547945207,764.260009765625,0.635,0.015748031496063006,0.12122820171775026,0.1466795868211215
890.0,0.52,0.53,0.12848771911621093,546,10.0,call,2026-12-31,0.34794520547945207,764.260009765625,0.525,0.019047619047619063,0.12150830143230186,0.15231340453937758
895.0,0.44,0.45,0.12915909912109375,776,1.0,call,2026-12-31,0.34794520547945207,764.260009765625,0.445,0.02247191011235957,0.12229564015655156,0.15791566008804733
900.0,0.37,0.38,0.12964737548828126,7744,9.0,call,2026-12-31,0.34794520547945207,764.260009765625,0.375,0.02666666666666669,0.12297889516449789,0.16348670513750282
905.0,0.32,0.33,0.1307459973144531,362,1.0,call,2026-12-31,0.34794520547945207,764.260009765625,0.325,0.030769230769230795,0.12415666845643338,0.1690268855131181
910.0,0.27,0.29,0.13196668823242189,564,3.0,call,2026-12-31,0.34794520547945207,764.260009765625,0.28,0.07142857142857129,0.1252079570547206,0.17453654132408777
915.0,0.24,0.25,0.13294324096679688,543,6.0,call,2026-12-31,0.34794520547945207,764.260009765625,0.245,0.04081632653061228,0.12649726368000647,0.18001600708871346
920.0,0.21,0.23,0.1348963464355469,389,1.0,call,2026-12-31,0.34794520547945207,764.260009765625,0.22,0.090909090909091,0.12817903659296068,0.18546561185627802
925.0,0.19,0.2,0.1358728991699219,148,15.0,call,2026-12-31,0.34794520547945207,764.260009765625,0.195,0.05128205128205133,0.12960667905091866,0.1908856793256173
930.0,0.17,0.18,0.1374597973632813,336,20.0,call,2026-12-31,0.34794520547945207,764.260009765625,0.175,0.05714285714285704,0.13119600068875437,0.19627652796049364
935.0,0.15,0.17,0.139657041015625,143,1.0,call,2026-12-31,0.34794520547945207,764.260009765625,0.16,0.1250000000000001,0.13303876988829416,0.2016384711018791
940.0,0.15,0.16,0.14185428466796873,828,1.0,call,2026-12-31,0.34794520547945207,764.260009765625,0.155,0.06451612903225812,0.13575318261869743,0.2069718170772416
460.0,0.88,0.89,0.4061338684082031,987,6.0,put,2026-12-31,0.34794520547945207,764.260009765625,0.885,0.011299435028248598,0.41512751393321295,-0.5076815687036673
465.0,0.92,0.93,0.4010069665527344,302,2.0,put,2026-12-31,0.34794520547945207,764.260009765625,0.925,0.01081081081081082,0.4100357387331603,-0.4968706525994517
470.0,0.96,0.98,0.3963683410644532,49,5.0,put,2026-12-31,0.34794520547945207,764.260009765625,0.97,0.020618556701030948,0.4051768573572627,-0.48617536348270374
475.0,1.01,1.02,0.39111937011718745,311,2.0,put,2026-12-31,0.34794520547945207,764.260009765625,1.0150000000000001,0.00985221674876848,0.4002195099756413,-0.4755932541521668
480.0,1.04,1.06,0.3857483300781249,16147,4.0,put,2026-12-31,0.34794520547945207,764.260009765625,1.05,0.019047619047619063,0.39460025709065466,-0.4651219542848714
485.0,1.1,1.11,0.38086556640624997,363,1.0,put,2026-12-31,0.34794520547945207,764.260009765625,1.105,0.009049773755656116,0.39004693730102025,-0.4547591672493248
490.0,1.14,1.16,0.3758607336425781,6853,42.0,put,2026-12-31,0.34794520547945207,764.260009765625,1.15,0.017391304347826105,0.38484764758873896,-0.44450266708213576
495.0,1.19,1.2,0.37030658996582033,179,1.0,put,2026-12-31,0.34794520547945207,764.260009765625,1.1949999999999998,0.008368200836820092,0.3795820823047747,-0.43435029561811755
500.0,1.24,1.26,0.3656069299316406,1263,26.0,put,2026-12-31,0.34794520547945207,764.260009765625,1.25,0.016000000000000014,0.3747401919972927,-0.42429995976461615
505.0,1.3,1.31,0.3604189935302734,373,4.0,put,2026-12-31,0.34794520547945207,764.260009765625,1.3050000000000002,0.007662835249042151,0.3698043171397852,-0.41434962891144805
510.0,1.35,1.37,0.35559726440429684,736,150.0,put,2026-12-31,0.34794520547945207,764.260009765625,1.36,0.014705882352941188,0.3647826436663012,-0.40449733246843644
515.0,1.42,1.43,0.3505924316406249,117,1.0,put,2026-12-31,0.34794520547945207,764.260009765625,1.4249999999999998,0.00701754385964913,0.3601073436251389,-0.39474115752307176
520.0,1.47,1.49,0.3455875988769531,697,2.0,put,2026-12-31,0.34794520547945207,764.260009765625,1.48,0.013513513513513526,0.3549182761106022,-0.3850792466113349
525.0,1.55,1.56,0.34088793884277346,377,16.0,put,2026-12-31,0.34794520547945207,764.260009765625,1.5550000000000002,0.0064308681672025775,0.3504446521436205,-0.3755097955951842
530.0,1.61,1.63,0.33600517517089845,770,8.0,put,2026-12-31,0.34794520547945207,764.260009765625,1.62,0.012345679012345552,0.3454741438876705,-0.3660310516406404
535.0,1.68,1.7,0.331061376953125,15113,1.0,put,2026-12-31,0.34794520547945207,764.260009765625,1.69,0.011834319526627229,0.34059951911386355,-0.3566413112908014
540.0,1.76,1.78,0.32642275146484373,566,1.0,put,2026-12-31,0.34794520547945207,764.260009765625,1.77,0.011299435028248598,0.33597657565157646,-0.3473389186284879
545.0,1.84,1.86,0.3216010223388671,1117,40.0,put,2026-12-31,0.34794520547945207,764.260009765625,1.85,0.01081081081081082,0.3312411871867307,-0.3381222635235639
550.0,1.92,1.94,0.3167182586669921,2143,3.0,put,2026-12-31,0.34794520547945207,764.260009765625,1.93,0.010362694300518144,0.32640193203701956,-0.3289897799602914
555.0,2.02,2.04,0.3122627368164062,626,1.0,put,2026-12-31,0.34794520547945207,764.260009765625,2.0300000000000002,0.00985221674876848,0.32206829054588065,-0.3199399444403735
560.0,2.11,2.13,0.3074410076904296,816,3.0,put,2026-12-31,0.34794520547945207,764.260009765625,2.12,0.009433962264150952,0.31730754392926597,-0.3109712744576131
565.0,2.21,2.23,0.3028023822021484,409,1.0,put,2026-12-31,0.34794520547945207,764.260009765625,2.2199999999999998,0.009009009009009018,0.3127173648354589,-0.3020823270403671
570.0,2.31,2.33,0.29801117034912106,716,1.0,put,2026-12-31,0.34794520547945207,764.260009765625,2.3200000000000003,0.00862068965517242,0.308006676646156,-0.29327169735821207
575.0,2.43,2.45,0.29358616577148433,821,1.0,put,2026-12-31,0.34794520547945207,764.260009765625,2.4400000000000004,0.008196721311475415,0.303688984169196,-0.28453801738945744
580.0,2.55,2.57,0.2890696093749999,2178,5.0,put,2026-12-31,0.34794520547945207,764.260009765625,2.5599999999999996,0.007812500000000009,0.29922425921058954,-0.2758799546463429
585.0,2.66,2.68,0.2841563284301757,177,1.0,put,2026-12-31,0.34794520547945207,764.260009765625,2.67,0.007490636704119857,0.2943918224617119,-0.26729621095495143
590.0,2.81,2.83,0.27997546203613277,612,8.0,put,2026-12-31,0.34794520547945207,764.260009765625,2.8200000000000003,0.00709219858156029,0.2903361709984967,-0.2587855212870428
595.0,2.95,2.97,0.27545890563964837,583,7.0,put,2026-12-31,0.34794520547945207,764.260009765625,2.96,0.006756756756756763,0.28589288221391435,-0.25034665264117817
600.0,3.09,3.12,0.2709728665161133,3327,10.0,put,2026-12-31,0.34794520547945207,764.260009765625,3.105,0.00966183574879235,0.2814046446323417,-0.24197840297066156
605.0,3.26,3.28,0.26651734466552734,3021,4.0,put,2026-12-31,0.34794520547945207,764.260009765625,3.2699999999999996,0.0061162079510703425,0.2771577097815501,-0.23367960015596648
610.0,3.43,3.45,0.2620923400878906,542,1.0,put,2026-12-31,0.34794520547945207,764.260009765625,3.4400000000000004,0.005813953488372097,0.27283405391358584,-0.22544910101945104
615.0,3.61,3.64,0.257819921875,7071,15.0,put,2026-12-31,0.34794520547945207,764.260009765625,3.625,0.008275862068965585,0.2686090213587403,-0.21728579038029008
620.0,3.81,3.83,0.2533949172973633,3097,3.0,put,2026-12-31,0.34794520547945207,764.260009765625,3.8200000000000003,0.005235602094240842,0.26437410596897687,-0.20918858014767075
621.0,3.84,3.87,0.25250991638183595,202,2.0,put,2026-12-31,0.34794520547945207,764.260009765625,3.855,0.007782101167315239,0.26343809601765567,-0.20757697625332916
622.0,3.87,3.9,0.2514723291015625,69,10.0,put,2026-12-31,0.34794520547945207,764.260009765625,3.885,0.007722007722007672,0.26241316075544274,-0.20596796544762858
623.0,3.93,3.96,0.2508925009155273,150,1.0,put,2026-12-31,0.34794520547945207,764.260009765625,3.9450000000000003,0.007604562737642535,0.26187631918227655,-0.2043615393993548
624.0,3.97,4.0,0.2500075,152,2.0,put,2026-12-31,0.34794520547945207,764.260009765625,3.9850000000000003,0.0075282308657465,0.2610009669606803,-0.20275768981738024
625.0,4.02,4.05,0.2492445681762695,477,4.0,put,2026-12-31,0.34794520547945207,764.260009765625,4.035,0.007434944237918277,0.26027942939101645,-0.2011564084504065
626.0,4.05,4.08,0.24817646362304688,104,4.0,put,2026-12-31,0.34794520547945207,764.260009765625,4.0649999999999995,0.00738007380073807,0.25922877601281885,-0.1995576870867094
627.0,4.1,4.13,0.2474135317993164,200,1.0,put,2026-12-31,0.34794520547945207,764.260009765625,4.115,0.007290400972053523,0.2584903461890762,-0.19796151755388733
628.0,4.14,4.17,0.24646749633789064,72,30.0,put,2026-12-31,0.34794520547945207,764.260009765625,4.154999999999999,0.007220216606498256,0.25758538110309953,-0.1963678917186093
629.0,4.19,4.22,0.24570456451416017,281,2.0,put,2026-12-31,0.34794520547945207,764.260009765625,4.205,0.007134363852556328,0.25682895406114065,-0.1947768014863674
630.0,4.23,4.26,0.2447585290527344,1159,1.0,put,2026-12-31,0.34794520547945207,764.260009765625,4.245,0.007067137809187128,0.25590906214182474,-0.19318823880122962
631.0,4.28,4.31,0.24393456268310548,240,11.0,put,2026-12-31,0.34794520547945207,764.260009765625,4.295,0.006984866123399153,0.25513510709834214,-0.19160219564559478
632.0,4.32,4.36,0.24314111358642576,35,3.0,put,2026-12-31,0.34794520547945207,764.260009765625,4.34,0.00921658986175116,0.2542762658857547,-0.19001866403995046
633.0,4.37,4.4,0.2421645608520508,60,4.0,put,2026-12-31,0.34794520547945207,764.260009765625,4.385,0.006841505131128906,0.25340960754757313,-0.18843763604263178
634.0,4.42,4.45,0.24134059448242187,19,109.0,put,2026-12-31,0.34794520547945207,764.260009765625,4.4350000000000005,0.006764374295377733,0.2526094814740847,-0.186859103749582
635.0,4.44,4.52,0.24079128356933593,566,10.0,put,2026-12-31,0.34794520547945207,764.260009765625,4.48,0.017857142857142672,0.25172681839252337,-0.18528305929411634
636.0,4.51,4.55,0.23966214447021478,167,1.0,put,2026-12-31,0.34794520547945207,764.260009765625,4.529999999999999,0.008830022075055196,0.25090955858820513,-0.1837094948466858
637.0,4.56,4.6,0.2387924021911621,56,1.0,put,2026-12-31,0.34794520547945207,764.260009765625,4.58,0.00873362445414848,0.2500835579878309,-0.18213840261464456
638.0,4.61,4.65,0.23792265991210934,74,2.0,put,2026-12-31,0.34794520547945207,764.260009765625,4.630000000000001,0.008639308855291582,0.24924892614986427,-0.1805697748420181
639.0,4.67,4.7,0.23706817626953125,453,109.0,put,2026-12-31,0.34794520547945207,764.260009765625,4.6850000000000005,0.006403415154749252,0.2484767341034001,-0.17900360380927313
640.0,4.72,4.75,0.2361831753540039,701,502.0,put,2026-12-31,0.34794520547945207,764.260009765625,4.734999999999999,0.00633579725448791,0.24762452598912363,-0.17743988183309048
641.0,4.77,4.8,0.23528291580200195,219,1.0,put,2026-12-31,0.34794520547945207,764.260009765625,4.785,0.00626959247648908,0.24676400221542702,-0.1758786012661379
642.0,5.14,5.17,0.23859403991699218,120,2.0,put,2026-12-31,0.34794520547945207,764.260009765625,5.154999999999999,0.005819592628516053,0.25025555771304325,-0.17431975449684672
643.0,4.87,4.91,0.2336197244262695,260,244.0,put,2026-12-31,0.34794520547945207,764.260009765625,4.890000000000001,0.008179959100204505,0.24508686787987946,-0.1727633339491886
644.0,4.93,4.96,0.23270420623779298,17,4.0,put,2026-12-31,0.34794520547945207,764.260009765625,4.945,0.006066734074823103,0.2442692297359933,-0.1712093320824543
645.0,4.99,5.02,0.23191075714111326,711,3.0,put,2026-12-31,0.34794520547945207,764.260009765625,5.005,0.0059940059940058665,0.24350968612283427,-0.1696577413910354
646.0,5.04,5.08,0.2310867907714844,62,50.0,put,2026-12-31,0.34794520547945207,764.260009765625,5.0600000000000005,0.007905138339920955,0.24267328854487621,-0.1681085544042061
647.0,5.1,5.13,0.23015601394653318,251,1.0,put,2026-12-31,0.34794520547945207,764.260009765625,5.115,0.005865102639296236,0.24182797913055457,-0.16656176368590736
648.0,5.12,5.21,0.22959144439697265,23,1.0,put,2026-12-31,0.34794520547945207,764.260009765625,5.165,0.017424975798644698,0.2409083923526444,-0.1650173618345333
649.0,5.22,5.25,0.22849282257080078,82,4.0,put,2026-12-31,0.34794520547945207,764.260009765625,5.234999999999999,0.005730659025788014,0.24024073972506127,-0.16347534148271795
650.0,5.24,5.32,0.22779092529296874,1622,500.0,put,2026-12-31,0.34794520547945207,764.260009765625,5.28,0.015151515151515164,0.23923957021071146,-0.1619356952971251
651.0,5.33,5.37,0.2268143725585937,64,26.0,put,2026-12-31,0.34794520547945207,764.260009765625,5.35,0.007476635514018699,0.23855078869414742,-0.16039841597823873
652.0,5.39,5.43,0.22592937164306642,43,13.0,put,2026-12-31,0.34794520547945207,764.260009765625,5.41,0.0073937153419593405,0.23772387618870913,-0.15886349626015497
653.0,5.44,5.48,0.2249528189086914,140,1.0,put,2026-12-31,0.34794520547945207,764.260009765625,5.460000000000001,0.007326007326007331,0.23676234129362553,-0.15733092891037695
654.0,5.86,5.9,0.22830971893310548,38,1.0,put,2026-12-31,0.34794520547945207,764.260009765625,5.880000000000001,0.006802721088435379,0.24032896033009507,-0.15580070672960925
655.0,5.54,5.63,0.2235337657165527,327,2.0,put,2026-12-31,0.34794520547945207,764.260009765625,5.585,0.016114592658907762,0.23512549642381575,-0.154272822551556
656.0,5.63,5.67,0.222389367980957,155,101.0,put,2026-12-31,0.34794520547945207,764.260009765625,5.65,0.007079646017699121,0.2343229893669601,-0.15274726924271895
657.0,5.7,5.74,0.22161117752075193,152,5.0,put,2026-12-31,0.34794520547945207,764.260009765625,5.720000000000001,0.006993006993006998,0.23357077871787582,-0.15122403970219742
658.0,5.76,5.8,0.22068040069580075,114,25.0,put,2026-12-31,0.34794520547945207,764.260009765625,5.779999999999999,0.006920415224913502,0.2326877713117076,-0.14970312686149082
659.0,5.83,5.86,0.21976488250732418,204,1.0,put,2026-12-31,0.34794520547945207,764.260009765625,5.845000000000001,0.005132591958939306,0.23185528584109447,-0.14818452368430074
660.0,5.87,5.96,0.21927660614013672,824,3.0,put,2026-12-31,0.34794520547945207,764.260009765625,5.915,0.015215553677092115,0.23107185151766718,-0.14666822316633668
661.0,5.93,6.02,0.21833057067871092,587,46.0,put,2026-12-31,0.34794520547945207,764.260009765625,5.975,0.015062761506276128,0.23016109238641896,-0.1451542183351217
662.0,6.0,6.09,0.2174760870361328,136,1.0,put,2026-12-31,0.34794520547945207,764.260009765625,6.045,0.014888337468982608,0.2293574004009892,-0.14364250224979974
663.0,6.07,6.16,0.21662160339355468,422,11.0,put,2026-12-31,0.34794520547945207,764.260009765625,6.115,0.014717906786590329,0.22854322270391111,-0.14213306800094538
664.0,6.18,6.21,0.21553824020385742,339,2.0,put,2026-12-31,0.34794520547945207,764.260009765625,6.195,0.004842615012106578,0.227832225683253,-0.14062590871037411
665.0,6.24,6.28,0.2146684979248047,5871,1.0,put,2026-12-31,0.34794520547945207,764.260009765625,6.26,0.006389776357827482,0.22694015239844142,-0.1391210175309538
666.0,6.28,6.38,0.2141039283752441,281,46.0,put,2026-12-31,0.34794520547945207,764.260009765625,6.33,0.015797788309636594,0.22609469636590215,-0.13761838764641887
667.0,6.38,6.42,0.2128832374572754,539,2.0,put,2026-12-31,0.34794520547945207,764.260009765625,6.4,0.0062500000000000056,0.22523919009145232,-0.13611801227118422
668.0,6.43,6.52,0.2122881506347656,49,1.0,put,2026-12-31,0.34794520547945207,764.260009765625,6.475,0.013899613899613878,0.2244285705659124,-0.13461988465016217
669.0,6.51,6.6,0.2114794429016113,491,1.0,put,2026-12-31,0.34794520547945207,764.260009765625,6.555,0.013729977116704784,0.2236614947833884,-0.13312399805857952
670.0,6.58,6.67,0.21054866607666017,1185,32.0,put,2026-12-31,0.34794520547945207,764.260009765625,6.625,0.013584905660377337,0.22277502933454005,-0.1316303458017962
671.0,6.66,6.75,0.20972469970703123,231,1.0,put,2026-12-31,0.34794520547945207,764.260009765625,6.705,0.013422818791946288,0.22198573866999124,-0.1301389212151262
672.0,6.74,6.83,0.20887021606445308,36,7.0,put,2026-12-31,0.34794520547945207,764.260009765625,6.785,0.013264554163596147,0.22118503595666955,-0.1286497176636584
673.0,6.86,6.9,0.2079089219665527,210,201.0,put,2026-12-31,0.34794520547945207,764.260009765625,6.880000000000001,0.005813953488372097,0.22053041557735212,-0.1271627285420801
674.0,6.9,6.99,0.20713073150634764,247,30.0,put,2026-12-31,0.34794520547945207,764.260009765625,6.945,0.012958963282937344,0.21954986398535875,-0.12567794727450096
675.0,6.98,7.07,0.20626098922729486,726,2.0,put,2026-12-31,0.34794520547945207,764.260009765625,7.025,0.012811387900355851,0.2187156164667885,-0.12419536731427812
676.0,7.1,7.14,0.20526917785644527,42,1.0,put,2026-12-31,0.34794520547945207,764.260009765625,7.119999999999999,0.0056179775280898936,0.218023773778341,-0.1227149821438438
677.0,7.14,7.24,0.20456728057861323,335,1.0,put,2026-12-31,0.34794520547945207,764.260009765625,7.1899999999999995,0.013908205841446529,0.21706502093526608,-0.12123678527453298
678.0,7.23,7.33,0.20374331420898437,714,7.0,put,2026-12-31,0.34794520547945207,764.260009765625,7.28,0.013736263736263687,0.21629826418194545,-0.11976077024641235
679.0,7.31,7.41,0.20281253738403315,687,1.0,put,2026-12-31,0.34794520547945207,764.260009765625,7.359999999999999,0.013586956521739205,0.21541946358235586,-0.11828693062811187
680.0,7.45,7.48,0.2017749501037598,1925,30.0,put,2026-12-31,0.34794520547945207,764.260009765625,7.465,0.004018754186202311,0.21477707188295436,-0.11681526001665557
681.0,7.49,7.59,0.20111882873535153,40,7.0,put,2026-12-31,0.34794520547945207,764.260009765625,7.54,0.013262599469495973,0.21382619628805657,-0.11534575203729554
682.0,7.58,7.68,0.2002490864562988,622,90.0,put,2026-12-31,0.34794520547945207,764.260009765625,7.63,0.013106159895150675,0.21301143673805434,-0.11387840034334587
683.0,7.71,7.75,0.19918098190307615,78,1.0,put,2026-12-31,0.34794520547945207,764.260009765625,7.73,0.005174644243208283,0.2122810238325548,-0.11241319861601787
684.0,7.8,7.84,0.1982959809875488,566,10.0,put,2026-12-31,0.34794520547945207,764.260009765625,7.82,0.005115089514066501,0.21144169080999475,-0.11095014056425755
685.0,7.91,7.94,0.19748727325439452,839,1.0,put,2026-12-31,0.34794520547945207,764.260009765625,7.925000000000001,0.003785488958990567,0.21073258929337652,-0.10948921992458267
686.0,8.0,8.04,0.1966633068847656,561,7.0,put,2026-12-31,0.34794520547945207,764.260009765625,8.02,0.0049875311720697195,0.2099156513493357,-0.10803043046092269
687.0,8.05,8.15,0.1959003750610352,619,1.0,put,2026-12-31,0.34794520547945207,764.260009765625,8.100000000000001,0.012345679012345633,0.2089468403387113,-0.10657376596445864
688.0,8.17,8.21,0.1947102014160156,259,12.0,put,2026-12-31,0.34794520547945207,764.260009765625,8.190000000000001,0.004884004884004996,0.2080604122804472,-0.10511922025346428
689.0,8.27,8.31,0.1938404591369629,631,30.0,put,2026-12-31,0.34794520547945207,764.260009765625,8.29,0.0048250904704464324,0.2072541861566705,-0.10366678717314944
690.0,8.35,8.43,0.19313856185913086,1429,2.0,put,2026-12-31,0.34794520547945207,764.260009765625,8.39,0.009535160905840294,0.20643517326711938,-0.10221646059550289
691.0,8.49,8.53,0.19225356094360352,429,1.0,put,2026-12-31,0.34794520547945207,764.260009765625,8.51,0.004700352526439383,0.20578348948518446,-0.10076823441913801
692.0,8.6,8.64,0.19142959457397463,227,1.0,put,2026-12-31,0.34794520547945207,764.260009765625,8.620000000000001,0.004640371229698482,0.20502696053085115,-0.09932210256913843
693.0,9.18,9.23,0.19464916687011719,98,1.0,put,2026-12-31,0.34794520547945207,764.260009765625,9.205,0.005431830526887638,0.20842434240939142,-0.09787805899690472
694.0,8.81,8.85,0.18967485137939455,34,2.0,put,2026-12-31,0.34794520547945207,764.260009765625,8.83,0.004530011325028216,0.20338447124682515,-0.0964360976800034
695.0,8.92,8.96,0.18882036773681643,523,101.0,put,2026-12-31,0.34794520547945207,764.260009765625,8.940000000000001,0.004474272930648872,0.20258720862097992,-0.09499621262201584
696.0,8.98,9.09,0.18810321182250977,43,8.0,put,2026-12-31,0.34794520547945207,764.260009765625,9.035,0.012174875484227939,0.20164685231212176,-0.09355839785238827
697.0,9.14,9.19,0.1871419177246094,22,4.0,put,2026-12-31,0.34794520547945207,764.260009765625,9.165,0.005455537370430872,0.2009947787178854,-0.09212264742628412
698.0,9.25,9.3,0.1862416581726074,22,11.0,put,2026-12-31,0.34794520547945207,764.260009765625,9.275,0.005390835579514901,0.200156668970318,-0.09068895542443547
699.0,9.37,9.42,0.1854024331665039,138,1.0,put,2026-12-31,0.34794520547945207,764.260009765625,9.395,0.005321979776476925,0.1993894703673155,-0.08925731595299764
700.0,9.49,9.53,0.18447165634155271,5005,228.0,put,2026-12-31,0.34794520547945207,764.260009765625,9.51,0.004206098843322729,0.1985659375617893,-0.08782772314340331
701.0,9.61,9.65,0.1836171726989746,167,1.0,put,2026-12-31,0.34794520547945207,764.260009765625,9.629999999999999,0.004153686396677147,0.19777004358931222,-0.08640017115221785
702.0,9.73,9.77,0.18273217178344725,198,7.0,put,2026-12-31,0.34794520547945207,764.260009765625,9.75,0.004102564102564015,0.19695978971788228,-0.08497465416099689
703.0,9.85,9.89,0.1818471708679199,34,2.0,put,2026-12-31,0.34794520547945207,764.260009765625,9.870000000000001,0.004052684903748827,0.1961352747192045,-0.08355116637614306
704.0,9.93,10.04,0.18116053222656248,91,10.0,put,2026-12-31,0.34794520547945207,764.260009765625,9.985,0.011016524787180714,0.19525613843656056,-0.08212970202876552
705.0,10.11,10.15,0.1801687208557129,948,422.0,put,2026-12-31,0.34794520547945207,764.260009765625,10.129999999999999,0.003948667324777979,0.19460431759070831,-0.08071025537453934
706.0,10.23,10.28,0.17929897857666016,114,1.0,put,2026-12-31,0.34794520547945207,764.260009765625,10.254999999999999,0.00487567040468054,0.19377610966847847,-0.07929282069356586
707.0,10.37,10.41,0.17842923629760743,142,1.0,put,2026-12-31,0.34794520547945207,764.260009765625,10.39,0.003849855630413948,0.1930123527612936,-0.07787739229023515
708.0,10.5,10.55,0.17760526992797854,84,6.0,put,2026-12-31,0.34794520547945207,764.260009765625,10.525,0.0047505938242280955,0.1922329226503766,-0.0764639644930882
709.0,10.63,10.68,0.17670501037597658,106,7.0,put,2026-12-31,0.34794520547945207,764.260009765625,10.655000000000001,0.004692632566869913,0.19139905448540132,-0.07505253165468043
710.0,10.72,10.82,0.17585052673339846,1616,492.0,put,2026-12-31,0.34794520547945207,764.260009765625,10.77,0.00928505106778084,0.1904345575297468,-0.07364308815144689
711.0,10.9,10.95,0.17491974990844728,109,1.0,put,2026-12-31,0.34794520547945207,764.260009765625,10.925,0.004576659038901504,0.1897633273465159,-0.07223562838356708
712.0,11.0,11.12,0.17424836990356446,266,1.0,put,2026-12-31,0.34794520547945207,764.260009765625,11.059999999999999,0.01084990958408673,0.1889224621564744,-0.07083014677483214
713.0,11.14,11.26,0.1733481103515625,443,1.0,put,2026-12-31,0.34794520547945207,764.260009765625,11.2,0.010714285714285645,0.1881040677834933,-0.06942663777251204
714.0,11.34,11.39,0.17235629898071292,88,1.0,put,2026-12-31,0.34794520547945207,764.260009765625,11.365,0.00439947206335246,0.18745700951371047,-0.06802509584722355
715.0,11.48,11.53,0.17142552215576173,167,5.0,put,2026-12-31,0.34794520547945207,764.260009765625,11.504999999999999,0.0043459365493262875,0.1866058464729816,-0.06662551549280035
716.0,12.21,12.26,0.17461457717895512,16,2.0,put,2026-12-31,0.34794520547945207,764.260009765625,12.235,0.004086636697997461,0.1900649366062577,-0.06522789122616234
717.0,11.74,11.86,0.16985388259887696,102,1.0,put,2026-12-31,0.34794520547945207,764.260009765625,11.8,0.010169491525423662,0.18496662693791083,-0.06383221758718756
718.0,11.96,12.01,0.16893836441040044,54,1.0,put,2026-12-31,0.34794520547945207,764.260009765625,11.985,0.004171881518564784,0.18439489559499947,-0.062438489138583804
719.0,12.11,12.16,0.16800758758544926,159,2.0,put,2026-12-31,0.34794520547945207,764.260009765625,12.135,0.004120313143798987,0.18355075257079817,-0.06104670046576125
720.0,12.28,12.33,0.16719887985229492,1523,2.0,put,2026-12-31,0.34794520547945207,764.260009765625,12.305,0.004063388866314564,0.18283333369089322,-0.0596568461767069
721.0,12.43,12.49,0.16629862030029302,61,1.0,put,2026-12-31,0.34794520547945207,764.260009765625,12.46,0.004815409309791372,0.18199102986962193,-0.05826892090185889
722.0,12.6,12.66,0.16544413665771485,28,4.0,put,2026-12-31,0.34794520547945207,764.260009765625,12.629999999999999,0.004750593824228069,0.1812377560773661,-0.05688291929398169
723.0,12.78,12.83,0.16457439437866211,41,2.0,put,2026-12-31,0.34794520547945207,764.260009765625,12.805,0.0039047247169075134,0.18050129705330703,-0.05549883602804331
724.0,12.95,13.0,0.16368939346313482,144,2.0,put,2026-12-31,0.34794520547945207,764.260009765625,12.975,0.0038535645472062207,0.17971147968525286,-0.05411666580109158
725.0,13.12,13.18,0.16283490982055665,691,2.0,put,2026-12-31,0.34794520547945207,764.260009765625,13.149999999999999,0.00456273764258559,0.17893814021331045,-0.05273640333213312
730.0,14.06,14.12,0.15857775024414064,1497,495.0,put,2026-12-31,0.34794520547945207,764.260009765625,14.09,0.0042583392476933084,0.17522940624940425,-0.04586352404437109
735.0,15.08,15.13,0.15422903884887695,895,1.0,put,2026-12-31,0.34794520547945207,764.260009765625,15.105,0.0033101621979477465,0.17152125725968476,-0.03903755897397124
740.0,16.2,16.25,0.14998713790893559,5536,15.0,put,2026-12-31,0.34794520547945207,764.260009765625,16.225,0.0030816640986132946,0.16796114472963675,-0.032257871988592486
745.0,17.42,17.48,0.14579101287841795,622,1.0,put,2026-12-31,0.34794520547945207,764.260009765625,17.450000000000003,0.0034383954154727056,0.164494473272605,-0.025523839807248417
750.0,18.76,18.83,0.1416177758026123,2313,78.0,put,2026-12-31,0.34794520547945207,764.260009765625,18.795,0.0037243947858471254,0.1611599812596754,-0.018834851656451816
755.0,20.25,20.32,0.1375208319091797,1831,186.0,put,2026-12-31,0.34794520547945207,764.260009765625,20.285,0.003450825733300482,0.15805015276469403,-0.012190308937783244
760.0,21.88,21.95,0.13343151733398437,1192,298.0,put,2026-12-31,0.34794520547945207,764.260009765625,21.915,0.0031941592516541314,0.15507971219838207,-0.005589624906431192
765.0,23.67,23.75,0.12944901321411134,1777,15.0,put,2026-12-31,0.34794520547945207,764.260009765625,23.71,0.003374103753690354,0.1523408607101662,0.0009677756397279868
770.0,25.63,25.71,0.12541310386657714,2222,2.0,put,2026-12-31,0.34794520547945207,764.260009765625,25.67,0.0031164783794313143,0.1497858026819047,0.007482456660921564
775.0,27.69,27.9,0.12165947929382323,525,67.0,put,2026-12-31,0.34794520547945207,764.260009765625,27.795,0.007555315704263259,0.14737464549022933,0.013954971166539128
780.0,30.16,30.25,0.11771512176513671,227,1.0,put,2026-12-31,0.34794520547945207,764.260009765625,30.205,0.0029796391325939368,0.14574647520027648,0.020385861496829437
785.0,32.62,32.87,0.11412934219360352,32,2.0,put,2026-12-31,0.34794520547945207,764.260009765625,32.745,0.007634753397465262,0.14401741180654445,0.026775659595600552
790.0,35.42,35.66,0.11026890716552734,192,1.0,put,2026-12-31,0.34794520547945207,764.260009765625,35.54,0.006752954417557537,0.14288815977357455,0.033124887274259184
795.0,38.37,38.64,0.10613381668090821,36,10.0,put,2026-12-31,0.34794520547945207,764.260009765625,38.504999999999995,0.007012076353720378,0.14189115147620063,0.039434056467524
800.0,41.75,42.03,0.10318889984130858,552,1.0,put,2026-12-31,0.34794520547945207,764.260009765625,41.89,0.006684172833611867,0.14254541398905235,0.045703669481119286
805.0,44.26,45.56,0.09964889617919923,15,1.0,put,2026-12-31,0.34794520547945207,764.260009765625,44.91,0.028946782453796577,0.14016381134236827,0.05193421923175546
825.0,59.88,62.89,0.09961837890625,10,6.0,put,2026-12-31,0.34794520547945207,764.260009765625,61.385000000000005,0.04903478048383152,0.15176136910461788,0.07647532814787304
490.0,280.6,284.05,0.5006458627319336,13,,call,2027-01-29,0.4273972602739726,764.260009765625,282.32500000000005,0.012219959266802402,0.41944619293857227,-0.44450266708213576
600.0,175.69,178.77,0.3775391836547851,21,1.0,call,2027-01-29,0.4273972602739726,764.260009765625,177.23000000000002,0.017378547649946466,0.303148525651331,-0.24197840297066156
675.0,106.48,109.66,0.285590640258789,14,1.0,call,2027-01-29,0.4273972602739726,764.260009765625,108.07,0.029425372443786367,0.23185111505558528,-0.12419536731427812
683.0,99.42,102.72,0.2772594247436523,44,23.0,call,2027-01-29,0.4273972602739726,764.260009765625,101.07,0.03265063817156424,0.2254882981649645,-0.11241319861601787
689.0,94.22,97.47,0.27041592628479005,23,,call,2027-01-29,0.4273972602739726,764.260009765625,95.845,0.03390891543638166,0.22051469418270891,-0.10366678717314944
694.0,89.81,93.13,0.2647397135162354,195,,call,2027-01-29,0.4273972602739726,764.260009765625,91.47,0.036296053350825336,0.21596316679880792,-0.0964360976800034
695.0,88.95,92.14,0.26284001327514656,173,1.0,call,2027-01-29,0.4273972602739726,764.260009765625,90.545,0.0352311005577337,0.2146681908936287,-0.09499621262201584
698.0,86.37,89.68,0.260200269165039,21,,call,2027-01-29,0.4273972602739726,764.260009765625,88.025,0.03760295370633345,0.21254972264950708,-0.09068895542443547
700.0,84.67,87.95,0.25785043914794925,10,2.0,call,2027-01-29,0.4273972602739726,764.260009765625,86.31,0.03800254895145407,0.2108355030781681,-0.08782772314340331
702.0,82.97,86.25,0.2556531954956055,31,,call,2027-01-29,0.4273972602739726,764.260009765625,84.61,0.03876610329748258,0.20918343951871818,-0.08497465416099689
704.0,81.3,84.57,0.2535322450256348,44,,call,2027-01-29,0.4273972602739726,764.260009765625,82.935,0.03942846807740997,0.20765768373883567,-0.08212970202876552
705.0,81.74,83.72,0.25240310592651366,41,1.0,call,2027-01-29,0.4273972602739726,764.260009765625,82.72999999999999,0.023933276924936592,0.21111183975383194,-0.08071025537453934
709.0,77.08,80.3,0.24768055793762206,10,10.0,call,2027-01-29,0.4273972602739726,764.260009765625,78.69,0.04092006608209428,0.20326163724962,-0.07505253165468043
710.0,76.25,79.38,0.2461012890625,19,14.0,call,2027-01-29,0.4273972602739726,764.260009765625,77.815,0.04022360727366183,0.20218051304829987,-0.07364308815144689
718.0,69.7,72.76,0.23741149559020994,10,,call,2027-01-29,0.4273972602739726,764.260009765625,71.23,0.04295942720763726,0.19580709372308633,-0.062438489138583804
725.0,64.08,66.96,0.22923286643981935,15,1.0,call,2027-01-29,0.4273972602739726,764.260009765625,65.52,0.04395604395604389,0.18988830818681834,-0.05273640333213312
726.0,64.41,66.16,0.22818002052307126,17,2.0,call,2027-01-29,0.4273972602739726,764.260009765625,65.285,0.026805544918434558,0.19245009573918198,-0.051358043362011885
727.0,62.54,65.37,0.22716532119750976,16,12.0,call,2027-01-29,0.4273972602739726,764.260009765625,63.955,0.04424986318505208,0.1884755573739302,-0.04998158065328856
730.0,61.24,62.99,0.22400678344726557,49,6.0,call,2027-01-29,0.4273972602739726,764.260009765625,62.115,0.028173549062223295,0.18920417195774655,-0.04586352404437109
735.0,57.36,59.0,0.21836871726989746,15,3.0,call,2027-01-29,0.4273972602739726,764.260009765625,58.18,0.028188380886902727,0.1849864458305378,-0.03903755897397124
737.0,54.85,56.31,0.21025112266540527,12,3.0,call,2027-01-29,0.4273972602739726,764.260009765625,55.58,0.026268441885570364,0.17740408279138176,-0.036320165997471336
738.0,55.05,56.65,0.21506522247314452,15,,call,2027-01-29,0.4273972602739726,764.260009765625,55.849999999999994,0.028648164726947208,0.1824559943425411,-0.0349642335863354
740.0,53.56,55.09,0.21283746154785155,318,6.0,call,2027-01-29,0.4273972602739726,764.260009765625,54.325,0.028163828808099423,0.1808508478036648,-0.032257871988592486
745.0,49.96,50.3,0.20240818351745601,45,65.0,call,2027-01-29,0.4273972602739726,764.260009765625,50.129999999999995,0.006782365848793065,0.17447611168643298,-0.025523839807248417
746.0,49.1,50.62,0.2068865933227539,11,1.0,call,2027-01-29,0.4273972602739726,764.260009765625,49.86,0.03048535900521452,0.176247844348624,-0.02418245798304715
747.0,48.49,48.84,0.20051611259460447,16,2.0,call,2027-01-29,0.4273972602739726,764.260009765625,48.665000000000006,0.007192027124216611,0.17298681041070316,-0.022842873053990652
748.0,47.63,48.01,0.19902839553833007,20,,call,2027-01-29,0.4273972602739726,764.260009765625,47.82,0.007946465913843485,0.17160977455203932,-0.02150508021233067
749.0,46.93,48.37,0.2036288744354248,40,,call,2027-01-29,0.4273972602739726,764.260009765625,47.65,0.030220356768100688,0.17383758307765085,-0.020169074669588505
750.0,46.22,46.57,0.19715158325195312,173,102.0,call,2027-01-29,0.4273972602739726,764.260009765625,46.394999999999996,0.007543916370298555,0.17023148660761722,-0.018834851656451816
753.0,44.2,44.55,0.19490093437194825,18,3.0,call,2027-01-29,0.4273972602739726,764.260009765625,44.375,0.007887323943661843,0.16864316635950594,-0.014842830386914344
755.0,42.71,43.06,0.1925892509460449,136,1.0,call,2027-01-29,0.4273972602739726,764.260009765625,42.885000000000005,0.008161361781508718,0.16672957397285343,-0.012190308937783244
756.0,42.01,42.37,0.191688991394043,13,2.0,call,2027-01-29,0.4273972602739726,764.260009765625,42.19,0.008532827684285363,0.1660072792850491,-0.010866682007274905
758.0,40.77,41.1,0.1903767486572266,63,9.0,call,2027-01-29,0.4273972602739726,764.260009765625,40.935,0.00806156101135943,0.165204990179118,-0.008224672544436273
759.0,40.02,40.32,0.1889576954650879,124,2.0,call,2027-01-29,0.4273972602739726,764.260009765625,40.17,0.00746825989544429,0.16405749608439632,-0.006906280791178072
760.0,39.43,39.75,0.1885914881896973,156,2.0,call,2027-01-29,0.4273972602739726,764.260009765625,39.59,0.008082849204344537,0.1638487209733734,-0.005589624906431192
761.0,38.76,39.09,0.1877370045471191,17,15.0,call,2027-01-29,0.4273972602739726,764.260009765625,38.925,0.008477842003853703,0.1631779311869161,-0.004274700325122075
763.0,37.38,37.68,0.18553213157653806,62,4.0,call,2027-01-29,0.4273972602739726,764.260009765625,37.53,0.007993605115907198,0.16143878325775088,-0.0016500269023509311
764.0,36.8,37.15,0.185280364074707,304,2.0,call,2027-01-29,0.4273972602739726,764.260009765625,36.974999999999994,0.009465855307640337,0.1612681627766201,-0.0003402690202875131
765.0,36.09,36.39,0.18384605224609374,167,2.0,call,2027-01-29,0.4273972602739726,764.260009765625,36.24,0.00827814569536416,0.16015330676899298,0.0009677756397279868
766.0,35.42,35.75,0.1829991979217529,24,7.0,call,2027-01-29,0.4273972602739726,764.260009765625,35.585,0.009273570324574914,0.15942624297764263,0.0022741115537833804
767.0,34.9,35.2,0.18257958541870117,23,10.0,call,2027-01-29,0.4273972602739726,764.260009765625,35.05,0.00855920114122694,0.1592881313418429,0.0035787431804482
768.0,34.27,34.58,0.18179376564025876,10,8.0,call,2027-01-29,0.4273972602739726,764.260009765625,34.425,0.009005083514887297,0.1586679836429204,0.004881674960864112
769.0,33.65,33.95,0.18093165267944333,43,32.0,call,2027-01-29,0.4273972602739726,764.260009765625,33.8,0.008875739644970541,0.15802486157306722,0.006182911318836073
770.0,32.97,33.24,0.17964992721557616,239,2.0,call,2027-01-29,0.4273972602739726,764.260009765625,33.105000000000004,0.00815586769370195,0.157003730214607,0.007482456660921564
771.0,32.35,32.64,0.178894624710083,147,120.0,call,2027-01-29,0.4273972602739726,764.260009765625,32.495000000000005,0.008924449915371568,0.15639055172618677,0.008780315376521453
772.0,31.73,32.04,0.17811643424987794,304,3.0,call,2027-01-29,0.4273972602739726,764.260009765625,31.884999999999998,0.009722440018817587,0.1557536436066479,0.010076491837968287
775.0,30.1,30.17,0.1753012158203125,108,1.0,call,2027-01-29,0.4273972602739726,764.260009765625,30.135,0.0023228803716608686,0.15410227766700846,0.013954971166539128
776.0,29.54,29.61,0.1746298358154297,234,2.0,call,2027-01-29,0.4273972602739726,764.260009765625,29.575,0.0023668639053254534,0.15362039608343392,0.015244461996410816
777.0,28.95,29.02,0.17379061080932617,11,1.0,call,2027-01-29,0.4273972602739726,764.260009765625,28.985,0.0024150422632396164,0.15296226119833628,0.01653229218083944
778.0,28.41,28.48,0.1731802653503418,10,2.0,call,2027-01-29,0.4273972602739726,764.260009765625,28.445,0.0024608894357532178,0.15253114724625372,0.01781846599158375
779.0,27.83,27.9,0.172333411026001,252,2.0,call,2027-01-29,0.4273972602739726,764.260009765625,27.865,0.0025121119684191743,0.15187296066497338,0.019102987683940347
780.0,27.29,27.35,0.17162388442993165,191,68.0,call,2027-01-29,0.4273972602739726,764.260009765625,27.32,0.002196193265007404,0.15136570165759755,0.020385861496829437
785.0,24.63,24.69,0.16814491531372072,237,169.0,call,2027-01-29,0.4273972602739726,764.260009765625,24.66,0.0024330900243309922,0.148766779585944,0.026775659595600552
790.0,22.13,22.2,0.16489482574462894,543,5.0,call,2027-01-29,0.4273972602739726,764.260009765625,22.165,0.003158132190390268,0.1463341109305587,0.033124887274259184
795.0,19.66,19.89,0.16190413299560547,793,4.0,call,2027-01-29,0.4273972602739726,764.260009765625,19.775,0.01163084702907714,0.14374091165145422,0.039434056467524
800.0,17.63,17.7,0.1588676643371582,440,3.0,call,2027-01-29,0.4273972602739726,764.260009765625,17.665,0.003962637984715555,0.14188485481000424,0.045703669481119286
805.0,15.62,15.68,0.15602955795288087,693,171.0,call,2027-01-29,0.4273972602739726,764.260009765625,15.649999999999999,0.003833865814696518,0.13980150611274444,0.05193421923175546
810.0,13.81,13.87,0.1536186933898926,370,5.0,call,2027-01-29,0.4273972602739726,764.260009765625,13.84,0.004335260115606844,0.13808239374700076,0.058126189479676425
815.0,12.15,12.2,0.15126886337280276,522,8.0,call,2027-01-29,0.4273972602739726,764.260009765625,12.175,0.0041067761806980645,0.1364188662072625,0.06428005505405478
820.0,10.56,10.71,0.14925472335815432,405,11.0,call,2027-01-29,0.4273972602739726,764.260009765625,10.635000000000002,0.014104372355430215,0.13470578170033823,0.07039628207149076
825.0,9.22,9.36,0.14734739379882814,179,1.0,call,2027-01-29,0.4273972602739726,764.260009765625,9.29,0.015069967707211928,0.13339748820944738,0.07647532814787304
830.0,8.09,8.13,0.14547058151245118,70,8.0,call,2027-01-29,0.4273972602739726,764.260009765625,8.11,0.004932182490752272,0.13238249762135143,0.08251764260383555
835.0,6.94,7.07,0.14402101104736326,172,13.0,call,2027-01-29,0.4273972602739726,764.260009765625,7.005000000000001,0.01855817273376158,0.13110339413152688,0.08852366666404753
840.0,6.03,6.08,0.14231204376220702,160,1.0,call,2027-01-29,0.4273972602739726,764.260009765625,6.055,0.008257638315441755,0.1301596709518517,0.09449383365055145
845.0,5.19,5.24,0.14101505966186523,21,1.0,call,2027-01-29,0.4273972602739726,764.260009765625,5.215,0.009587727708533044,0.12930279416856102,0.10042856917036588
850.0,4.44,4.48,0.1396265237426758,288,1.0,call,2027-01-29,0.4273972602739726,764.260009765625,4.460000000000001,0.008968609865470859,0.1283849648601489,0.10632829129755426
855.0,3.78,3.83,0.13851264328002932,181,40.0,call,2027-01-29,0.4273972602739726,764.260009765625,3.8049999999999997,0.01314060446780559,0.12759724542098402,0.11219341074995223
860.0,3.19,3.28,0.13767341827392582,22,1.0,call,2027-01-29,0.4273972602739726,764.260009765625,3.235,0.027820710973724842,0.12688512992349765,0.11802433106074553
865.0,2.71,2.75,0.13626962371826173,156,1.0,call,2027-01-29,0.4273972602739726,764.260009765625,2.73,0.014652014652014666,0.12611046427942077,0.12382144874507132
870.0,2.27,2.35,0.13572031280517582,48,2.0,call,2027-01-29,0.4273972602739726,764.260009765625,2.31,0.03463203463203466,0.1255955243318821,0.1295851534618215
875.0,1.92,1.95,0.1344385873413086,283,1.0,call,2027-01-29,0.4273972602739726,764.260009765625,1.935,0.015503875968992262,0.12493494694743687,0.13531582817080642
880.0,1.62,1.64,0.13373669006347655,129,2.0,call,2027-01-29,0.4273972602739726,764.260009765625,1.63,0.012269938650306624,0.12457548731211061,0.14101384928544425
885.0,1.35,1.38,0.1331873791503906,14,1.0,call,2027-01-29,0.4273972602739726,764.260009765625,1.365,0.021978021978021834,0.1241791781328667,0.1466795868211215
890.0,1.14,1.16,0.13269910278320313,74,15.0,call,2027-01-29,0.4273972602739726,764.260009765625,1.15,0.017391304347826105,0.12403646833099274,0.15231340453937758
895.0,0.95,0.98,0.1324549645996094,36,5.0,call,2027-01-29,0.4273972602739726,764.260009765625,0.965,0.03108808290155443,0.1238828767710677,0.15791566008804733
900.0,0.8,0.83,0.13233289550781252,114,25.0,call,2027-01-29,0.4273972602739726,764.260009765625,0.815,0.036809815950920144,0.12394408146820204,0.16348670513750282
905.0,0.68,0.7,0.13221082641601564,120,15.0,call,2027-01-29,0.4273972602739726,764.260009765625,0.69,0.02898550724637668,0.12410821384463035,0.1690268855131181
910.0,0.58,0.6,0.1324549645996094,59,1.0,call,2027-01-29,0.4273972602739726,764.260009765625,0.59,0.0338983050847458,0.12450906322907006,0.17453654132408777
915.0,0.5,0.51,0.13257703369140628,359,1.0,call,2027-01-29,0.4273972602739726,764.260009765625,0.505,0.01980198019801982,0.12494893941047928,0.18001600708871346
920.0,0.43,0.44,0.1330042755126953,116,2.0,call,2027-01-29,0.4273972602739726,764.260009765625,0.435,0.022988505747126457,0.12552085197114926,0.18546561185627802
925.0,0.37,0.39,0.1339808282470703,52,2.0,call,2027-01-29,0.4273972602739726,764.260009765625,0.38,0.05263157894736847,0.1263484833762938,0.1908856793256173
930.0,0.33,0.34,0.13465220825195315,878,2.0,call,2027-01-29,0.4273972602739726,764.260009765625,0.335,0.02985074626865674,0.12732466948371154,0.19627652796049364
485.0,1.55,1.57,0.3637148590087891,158,5.0,put,2027-01-29,0.4273972602739726,764.260009765625,1.56,0.012820512820512832,0.37375738565880273,-0.4547591672493248
490.0,1.62,1.64,0.3591983026123047,90,2.0,put,2027-01-29,0.4273972602739726,764.260009765625,1.63,0.012269938650306624,0.36931192719774253,-0.44450266708213576
500.0,1.76,1.77,0.34955484436035156,219,5.0,put,2027-01-29,0.4273972602739726,764.260009765625,1.7650000000000001,0.005665722379603404,0.35998165539702826,-0.42429995976461615
510.0,1.9,1.91,0.34003345520019534,22,,put,2027-01-29,0.4273972602739726,764.260009765625,1.9049999999999998,0.0052493438320210025,0.35053888052994436,-0.40449733246843644
515.0,1.98,1.99,0.3354558642578125,39,6.0,put,2027-01-29,0.4273972602739726,764.260009765625,1.9849999999999999,0.0050377833753148665,0.34603377668150825,-0.39474115752307176
520.0,2.06,2.08,0.33112241149902344,12,6.0,put,2027-01-29,0.4273972602739726,764.260009765625,2.0700000000000003,0.009661835748792277,0.34159694120241113,-0.3850792466113349
530.0,2.23,2.26,0.3220892987060546,50,1.0,put,2027-01-29,0.4273972602739726,764.260009765625,2.245,0.01336302895322931,0.33260430061660956,-0.3660310516406404
540.0,2.42,2.44,0.3127510131835937,61,1.0,put,2027-01-29,0.4273972602739726,764.260009765625,2.4299999999999997,0.008230452674897127,0.3235456146177103,-0.3473389186284879
550.0,2.64,2.66,0.30408410766601557,63,1.0,put,2027-01-29,0.4273972602739726,764.260009765625,2.6500000000000004,0.00754716981132076,0.315005407747641,-0.3289897799602914
565.0,3.01,3.04,0.29132788757324213,40,15.0,put,2027-01-29,0.4273972602739726,764.260009765625,3.025,0.009917355371900909,0.30241379240526434,-0.3020823270403671
570.0,3.13,3.16,0.28671977935791015,54,1.0,put,2027-01-29,0.4273972602739726,764.260009765625,3.145,0.009538950715421383,0.29789663709875003,-0.29327169735821207
575.0,3.29,3.32,0.28278305114746094,17,4.0,put,2027-01-29,0.4273972602739726,764.260009765625,3.3049999999999997,0.009077155824508262,0.2940693154448835,-0.28453801738945744
580.0,3.42,3.48,0.2786937365722656,81,15.0,put,2027-01-29,0.4273972602739726,764.260009765625,3.45,0.0173913043478261,0.28981679072232236,-0.2758799546463429
585.0,3.6,3.63,0.2742992492675781,17,,put,2027-01-29,0.4273972602739726,764.260009765625,3.615,0.008298755186721938,0.28580975021519717,-0.26729621095495143
590.0,3.76,3.8,0.2701183828735352,312,1.0,put,2027-01-29,0.4273972602739726,764.260009765625,3.78,0.010582010582010592,0.2816682883132321,-0.2587855212870428
600.0,4.14,4.18,0.26203130554199217,239,27.0,put,2027-01-29,0.4273972602739726,764.260009765625,4.16,0.009615384615384623,0.2738084435253647,-0.24197840297066156
605.0,4.34,4.37,0.25775888732910157,86,1.0,put,2027-01-29,0.4273972602739726,764.260009765625,4.355,0.006888633754305452,0.26973742923418775,-0.23367960015596648
610.0,4.55,4.59,0.2537611245727539,55,16.0,put,2027-01-29,0.4273972602739726,764.260009765625,4.57,0.008752735229759306,0.26581924753086855,-0.22544910101945104
615.0,4.78,4.81,0.24962603408813477,20,1.0,put,2027-01-29,0.4273972602739726,764.260009765625,4.795,0.0062565172054221815,0.2618869485662763,-0.21728579038029008
620.0,5.02,5.05,0.24559775405883788,10,2.0,put,2027-01-29,0.4273972602739726,764.260009765625,5.035,0.005958291956305908,0.2579999947776853,-0.20918858014767075
625.0,5.28,5.31,0.24164576721191405,71,4.0,put,2027-01-29,0.4273972602739726,764.260009765625,5.295,0.005665722379603279,0.25420767587014403,-0.2011564084504065
630.0,5.51,5.6,0.23789214263916014,162,3.0,put,2027-01-29,0.4273972602739726,764.260009765625,5.555,0.016201620162016178,0.250240513912055,-0.19318823880122962
635.0,5.84,5.88,0.2338028280639648,31,22.0,put,2027-01-29,0.4273972602739726,764.260009765625,5.859999999999999,0.006825938566552908,0.24664340604545087,-0.18528305929411634
640.0,6.1,6.19,0.2298966171264648,67,1.0,put,2027-01-29,0.4273972602739726,764.260009765625,6.145,0.01464605370219703,0.24261921946045398,-0.17743988183309048
645.0,6.42,6.52,0.22599040618896482,152,3.0,put,2027-01-29,0.4273972602739726,764.260009765625,6.47,0.015455950540958215,0.2388636726105154,-0.1696577413910354
650.0,6.76,6.86,0.22199264343261715,53,1.0,put,2027-01-29,0.4273972602739726,764.260009765625,6.8100000000000005,0.014684287812041194,0.2350700436068676,-0.1619356952971251
655.0,7.16,7.2,0.21779651840209957,67,1.0,put,2027-01-29,0.4273972602739726,764.260009765625,7.18,0.005571030640668529,0.23138139683944897,-0.154272822551556
660.0,7.55,7.6,0.21396660064697265,73,9.0,put,2027-01-29,0.4273972602739726,764.260009765625,7.574999999999999,0.006600660066006578,0.2277231274241111,-0.14666822316633668
665.0,7.96,8.01,0.2099840965270996,217,3.0,put,2027-01-29,0.4273972602739726,764.260009765625,7.984999999999999,0.006261740763932351,0.22398361884512444,-0.1391210175309538
668.0,8.21,8.27,0.20761900787353516,39,2.0,put,2027-01-29,0.4273972602739726,764.260009765625,8.24,0.007281553398058097,0.22171482871520382,-0.13461988465016217
669.0,8.3,8.35,0.20674926559448237,11,,put,2027-01-29,0.4273972602739726,764.260009765625,8.325,0.0060060060060058785,0.22094031579488607,-0.13312399805857952
670.0,8.35,8.45,0.20604736831665038,107,1.0,put,2027-01-29,0.4273972602739726,764.260009765625,8.399999999999999,0.011904761904761864,0.22006686358987027,-0.1316303458017962
674.0,8.72,8.83,0.20296512374877929,19,9.0,put,2027-01-29,0.4273972602739726,764.260009765625,8.775,0.01253561253561247,0.21715231682843247,-0.12567794727450096
675.0,8.86,8.91,0.2020343469238281,20,1.0,put,2027-01-29,0.4273972602739726,764.260009765625,8.885,0.0056274620146314815,0.2165395662045249,-0.12419536731427812
680.0,9.35,9.41,0.1981128773498535,74,3.0,put,2027-01-29,0.4273972602739726,764.260009765625,9.379999999999999,0.006396588486140779,0.21284229765974683,-0.11681526001665557
682.0,9.55,9.61,0.19646494461059572,52,51.0,put,2027-01-29,0.4273972602739726,764.260009765625,9.58,0.006263048016701328,0.21130949037494506,-0.11387840034334587
684.0,9.76,9.82,0.1948475291442871,25,1.0,put,2027-01-29,0.4273972602739726,764.260009765625,9.79,0.006128702757916292,0.20981773161466527,-0.11095014056425755
685.0,9.87,9.92,0.19399304550170898,152,1.0,put,2027-01-29,0.4273972602739726,764.260009765625,9.895,0.005053057099545297,0.20905622933037069,-0.10948921992458267
686.0,9.94,10.06,0.19342847595214846,24,1.0,put,2027-01-29,0.4273972602739726,764.260009765625,10.0,0.012000000000000099,0.2082844127093789,-0.10803043046092269
688.0,10.2,10.26,0.19165847412109377,16,1.0,put,2027-01-29,0.4273972602739726,764.260009765625,10.23,0.005865102639296236,0.20686699433087433,-0.10511922025346428
689.0,10.28,10.4,0.19104812866210938,84,7.0,put,2027-01-29,0.4273972602739726,764.260009765625,10.34,0.011605415860735106,0.20610245007470673,-0.10366678717314944
690.0,10.43,10.49,0.1900715759277344,207,1.0,put,2027-01-29,0.4273972602739726,764.260009765625,10.46,0.005736137667304062,0.20540458694739344,-0.10221646059550289
692.0,10.68,10.73,0.1884999363708496,50,49.0,put,2027-01-29,0.4273972602739726,764.260009765625,10.705,0.004670714619336825,0.20401205753715612,-0.09932210256913843
693.0,10.75,10.87,0.1878438150024414,64,1.0,put,2027-01-29,0.4273972602739726,764.260009765625,10.809999999999999,0.011100832562442112,0.2031658561841889,-0.09787805899690472
694.0,10.92,10.97,0.18689777954101564,24,1.0,put,2027-01-29,0.4273972602739726,764.260009765625,10.945,0.0045682960255825225,0.20253500620291598,-0.0964360976800034
695.0,11.03,11.09,0.18607381317138671,66,2.0,put,2027-01-29,0.4273972602739726,764.260009765625,11.059999999999999,0.005424954792043446,0.20174222302601547,-0.09499621262201584
699.0,11.51,11.63,0.18306786178588863,22,1.0,put,2027-01-29,0.4273972602739726,764.260009765625,11.57,0.01037165082108911,0.1988265256940093,-0.08925731595299764
700.0,11.68,11.74,0.1821218263244629,405,10.0,put,2027-01-29,0.4273972602739726,764.260009765625,11.71,0.005123825789923184,0.1981579005137907,-0.08782772314340331
701.0,11.77,11.9,0.1814962222290039,23,1.0,put,2027-01-29,0.4273972602739726,764.260009765625,11.835,0.010984368398817133,0.19736929421328087,-0.08640017115221785
704.0,12.23,12.29,0.1789404006195068,113,1.0,put,2027-01-29,0.4273972602739726,764.260009765625,12.26,0.004893964110929749,0.1952850055346771,-0.08212970202876552
705.0,12.33,12.43,0.17812406356811522,141,10.0,put,2027-01-29,0.4273972602739726,764.260009765625,12.379999999999999,0.008077544426494318,0.19441421606182463,-0.08071025537453934
706.0,12.5,12.57,0.17730009719848633,21,,put,2027-01-29,0.4273972602739726,764.260009765625,12.535,0.005584363781412069,0.19377402360064075,-0.07929282069356586
707.0,12.62,12.74,0.17665923446655274,21,2.0,put,2027-01-29,0.4273972602739726,764.260009765625,12.68,0.009463722397476419,0.19305146870349243,-0.07787739229023515
710.0,13.1,13.17,0.1741263008117676,85,1.0,put,2027-01-29,0.4273972602739726,764.260009765625,13.135,0.005329272934906759,0.19094089896194197,-0.07364308815144689
714.0,13.74,13.8,0.1709219871520996,48,1.0,put,2027-01-29,0.4273972602739726,764.260009765625,13.77,0.00435729847494557,0.18812608477084516,-0.06802509584722355
718.0,14.4,14.47,0.16772530281066897,19,19.0,put,2027-01-29,0.4273972602739726,764.260009765625,14.435,0.0048493245583651045,0.18528376216353237,-0.062438489138583804
720.0,14.72,14.85,0.16630624961853033,70,4.0,put,2027-01-29,0.4273972602739726,764.260009765625,14.785,0.008792695299289754,0.18388809410694562,-0.0596568461767069
725.0,15.68,15.75,0.16217878845214845,52,2.0,put,2027-01-29,0.4273972602739726,764.260009765625,15.715,0.004454342984409818,0.1804788864168443,-0.05273640333213312
727.0,16.07,16.15,0.1606376661682129,19,1.0,put,2027-01-29,0.4273972602739726,764.260009765625,16.11,0.004965859714462961,0.17914691009716793,-0.04998158065328856
729.0,16.43,16.57,0.1591499491119385,26,,put,2027-01-29,0.4273972602739726,764.260009765625,16.5,0.008484848484848519,0.17772149437753793,-0.04723432617814981
730.0,16.68,16.75,0.15821154296875,59,1.0,put,2027-01-29,0.4273972602739726,764.260009765625,16.715,0.004187855219862416,0.177103563257429,-0.04586352404437109
735.0,17.71,17.84,0.1542977027130127,199,12.0,put,2027-01-29,0.4273972602739726,764.260009765625,17.775,0.007313642756680676,0.1736739086659722,-0.03903755897397124
739.0,18.7,18.78,0.15119257019042973,32,8.0,put,2027-01-29,0.4273972602739726,764.260009765625,18.740000000000002,0.004268943436499565,0.17129015267663902,-0.033610137238606196
740.0,18.88,19.03,0.15045252632141118,39,2.0,put,2027-01-29,0.4273972602739726,764.260009765625,18.955,0.007913479293062629,0.17050143247245075,-0.032257871988592486
742.0,19.37,19.53,0.14890377471923827,119,1.0,put,2027-01-29,0.4273972602739726,764.260009765625,19.450000000000003,0.008226221079691523,0.16923454554576256,-0.0295588150194275
745.0,20.21,20.29,0.14647002220153807,77,1.0,put,2027-01-29,0.4273972602739726,764.260009765625,20.25,0.003950617283950533,0.16751013247707983,-0.025523839807248417
748.0,20.95,21.12,0.14420411468505856,123,2.0,put,2027-01-29,0.4273972602739726,764.260009765625,21.035,0.008081768481103004,0.16552971640938724,-0.02150508021233067
749.0,21.29,21.38,0.14331911376953127,70,4.0,put,2027-01-29,0.4273972602739726,764.260009765625,21.335,0.004218420435903438,0.1650373937757033,-0.020169074669588505
750.0,21.51,21.68,0.14261721649169923,135,1.0,put,2027-01-29,0.4273972602739726,764.260009765625,21.595,0.007872192637184448,0.1643098193566813,-0.018834851656451816
751.0,21.81,21.97,0.14183902603149412,70,2.0,put,2027-01-29,0.4273972602739726,764.260009765625,21.89,0.007309273640931938,0.16374982762126536,-0.01750240642267315
752.0,22.16,22.26,0.14103794761657715,134,1.0,put,2027-01-29,0.4273972602739726,764.260009765625,22.21,0.004502476361999163,0.16330203086035427,-0.01617173423696814
753.0,22.46,22.56,0.14025975715637207,126,2.0,put,2027-01-29,0.4273972602739726,764.260009765625,22.509999999999998,0.004442470013327315,0.1627265959915396,-0.014842830386914344
755.0,23.08,23.18,0.13874152282714847,108,3.0,put,2027-01-29,0.4273972602739726,764.260009765625,23.13,0.004323389537397381,0.16161812971141923,-0.012190308937783244
757.0,23.65,23.81,0.1371698832702637,295,3.0,put,2027-01-29,0.4273972602739726,764.260009765625,23.729999999999997,0.006742520016856307,0.160319852223505,-0.009544804749359197
760.0,24.7,24.8,0.13483531188964848,247,3.0,put,2027-01-29,0.4273972602739726,764.260009765625,24.75,0.004040404040404098,0.15883519993258524,-0.005589624906431192
763.0,25.77,25.87,0.1326609561920166,12,1.0,put,2027-01-29,0.4273972602739726,764.260009765625,25.82,0.0038729666924865,0.15740491344346516,-0.0016500269023509311
765.0,26.49,26.6,0.13115798049926758,32,4.0,put,2027-01-29,0.4273972602739726,764.260009765625,26.545,0.004143906573742813,0.15639579072282883,0.0009677756397279868
766.0,26.87,26.97,0.13037979003906247,123,15.0,put,2027-01-29,0.4273972602739726,764.260009765625,26.92,0.0037147102526002176,0.15592006063679797,0.0022741115537833804
767.0,27.23,27.35,0.12962448753356934,24,2.0,put,2027-01-29,0.4273972602739726,764.260009765625,27.29,0.0043972150971052035,0.15539520266765317,0.0035787431804482
768.0,27.63,27.73,0.12883866775512692,148,1.0,put,2027-01-29,0.4273972602739726,764.260009765625,27.68,0.003612716763005832,0.1549483879300403,0.004881674960864112
769.0,28.02,28.13,0.1281291411590576,58,1.0,put,2027-01-29,0.4273972602739726,764.260009765625,28.075,0.003918076580587691,0.15450287182037473,0.006182911318836073
770.0,28.42,28.53,0.12738146797180175,210,22.0,put,2027-01-29,0.4273972602739726,764.260009765625,28.475,0.0038630377524143784,0.15405846134934792,0.007482456660921564
771.0,28.82,28.93,0.12660327751159667,27,2.0,put,2027-01-29,0.4273972602739726,764.260009765625,28.875,0.00380952380952379,0.15358965056286317,0.008780315376521453
772.0,29.14,29.34,0.1258479750061035,208,2.0,put,2027-01-29,0.4273972602739726,764.260009765625,29.240000000000002,0.006839945280437732,0.1529193128727645,0.010076491837968287
773.0,29.56,29.76,0.12510030181884768,286,253.0,put,2027-01-29,0.4273972602739726,764.260009765625,29.66,0.006743088334457277,0.15250259735261315,0.01137099040061401
774.0,30.08,30.19,0.12437551658630372,328,132.0,put,2027-01-29,0.4273972602739726,764.260009765625,30.134999999999998,0.0036502405840385926,0.15233863619038102,0.012663815402919098
775.0,29.33,30.6,0.1235134036254883,42,1.0,put,2027-01-29,0.4273972602739726,764.260009765625,29.965,0.04238277990989498,0.14889444029706178,0.013954971166539128
776.0,30.84,31.06,0.12287254089355469,127,2.0,put,2027-01-29,0.4273972602739726,764.260009765625,30.95,0.007108239095314987,0.15125352908173817,0.015244461996410816
777.0,31.39,31.5,0.12209435043334962,12,1.0,put,2027-01-29,0.4273972602739726,764.260009765625,31.445,0.0034981714103990915,0.15111436191236863,0.01653229218083944
778.0,31.84,31.96,0.12137719451904297,110,2.0,put,2027-01-29,0.4273972602739726,764.260009765625,31.9,0.003761755485893448,0.15074788705653358,0.01781846599158375
779.0,32.3,32.42,0.12062952133178712,116,3.0,put,2027-01-29,0.4273972602739726,764.260009765625,32.36,0.0037082818294191765,0.1503809696885028,0.019102987683940347
780.0,32.77,32.88,0.1198360722351074,318,1.0,put,2027-01-29,0.4273972602739726,764.260009765625,32.825,0.0033511043412033335,0.15001348686706345,0.020385861496829437
785.0,35.23,35.35,0.11620451675415039,318,2.0,put,2027-01-29,0.4273972602739726,764.260009765625,35.29,0.003400396712949973,0.14849273465085258,0.026775659595600552
800.0,43.7,43.98,0.10541666076660156,16,1.0,put,2027-01-29,0.4273972602739726,764.260009765625,43.84,0.006386861313868476,0.1458849439159975,0.045703669481119286
515.0,260.94,264.21,0.4611107356262208,17,1.0,call,2027-03-31,0.5945205479452055,764.260009765625,262.575,0.012453584690088478,0.37390460631476813,-0.39474115752307176
550.0,227.41,230.9,0.417425259399414,14,1.0,call,2027-03-31,0.5945205479452055,764.260009765625,229.155,0.015229866247736288,0.33446043798853226,-0.3289897799602914
560.0,218.48,221.64,0.40698835205078127,13,1.0,call,2027-03-31,0.5945205479452055,764.260009765625,220.06,0.0143597200763428,0.3286273607963285,-0.3109712744576131
580.0,199.72,202.93,0.38405462142944335,116,100.0,call,2027-03-31,0.5945205479452055,764.260009765625,201.325,0.015944368558301295,0.3095254679161948,-0.2758799546463429
600.0,181.18,184.42,0.3619753744506836,31,3.0,call,2027-03-31,0.5945205479452055,764.260009765625,182.8,0.017724288840262475,0.2917335647354819,-0.24197840297066156
615.0,167.43,170.52,0.34479414978027345,18,4.0,call,2027-03-31,0.5945205479452055,764.260009765625,168.97500000000002,0.018286728806036413,0.2783053638107323,-0.21728579038029008
620.0,162.8,165.96,0.33945362701416015,13,1.0,call,2027-03-31,0.5945205479452055,764.260009765625,164.38,0.019223749847913352,0.2737991971221132,-0.20918858014767075
625.0,158.32,161.42,0.3341741387939453,314,4.0,call,2027-03-31,0.5945205479452055,764.260009765625,159.87,0.01939075498842806,0.2699286685243799,-0.2011564084504065
629.0,154.71,157.81,0.3300390483093261,12,1.0,call,2027-03-31,0.5945205479452055,764.260009765625,156.26,0.019838730321259403,0.26673479660491767,-0.1947768014863674
630.0,153.8,156.91,0.32900146102905264,75,3.0,call,2027-03-31,0.5945205479452055,764.260009765625,155.35500000000002,0.020018666924141386,0.2659050956820902,-0.19318823880122962
635.0,149.3,152.41,0.3238287832641601,11,1.0,call,2027-03-31,0.5945205479452055,764.260009765625,150.85500000000002,0.020615823141427098,0.2618933261470216,-0.18528305929411634
639.0,145.02,148.11,0.31534498138427725,20,8.0,call,2027-03-31,0.5945205479452055,764.260009765625,146.565,0.021082796029065626,0.25321315596944144,-0.17900360380927313
640.0,144.82,147.93,0.31868662277221677,35,1.0,call,2027-03-31,0.5945205479452055,764.260009765625,146.375,0.02124679760888139,0.2579249271728457,-0.17743988183309048
644.0,141.24,144.5,0.3154212745666503,15,1.0,call,2027-03-31,0.5945205479452055,764.260009765625,142.87,0.022817946384825302,0.25526010510878544,-0.1712093320824543
645.0,140.35,143.47,0.31357497955322267,11,4.0,call,2027-03-31,0.5945205479452055,764.260009765625,141.91,0.02198576562610108,0.2539527545985335,-0.1696577413910354
650.0,136.94,139.02,0.30843281906127923,246,3.0,call,2027-03-31,0.5945205479452055,764.260009765625,137.98000000000002,0.015074648499782666,0.25372940882306766,-0.1619356952971251
655.0,131.59,134.6,0.30336695175170897,21,1.0,call,2027-03-31,0.5945205479452055,764.260009765625,133.095,0.0226154250723167,0.24646735386815788,-0.154272822551556
656.0,131.63,133.72,0.3023751403808594,16,2.0,call,2027-03-31,0.5945205479452055,764.260009765625,132.675,0.01575277934803093,0.24891585432078284,-0.15274726924271895
660.0,127.13,130.21,0.29837737762451166,65,1.0,call,2027-03-31,0.5945205479452055,764.260009765625,128.67000000000002,0.02393720369938612,0.24239940144558753,-0.14666822316633668
665.0,122.12,125.23,0.2900156448364257,25,2.0,call,2027-03-31,0.5945205479452055,764.260009765625,123.67500000000001,0.025146553466747518,0.23436114586113882,-0.1391210175309538
667.0,108.91,112.77,0.2259751475524902,27,1.0,call,2027-03-31,0.5945205479452055,764.260009765625,110.84,0.03482497293395885,0.13926003896889338,-0.13611801227118422
668.0,108.12,111.98,0.22574626800537106,53,98.0,call,2027-03-31,0.5945205479452055,764.260009765625,110.05000000000001,0.035074965924579725,0.14054931594984735,-0.13461988465016217
669.0,119.3,122.38,0.2895121098327636,177,10.0,call,2027-03-31,0.5945205479452055,764.260009765625,120.84,0.025488248924197272,0.235645998628881,-0.13312399805857952
670.0,118.39,121.51,0.28850503982543935,45,2.0,call,2027-03-31,0.5945205479452055,764.260009765625,119.95,0.02601083784910383,0.2347353733474991,-0.1316303458017962
671.0,116.93,120.04,0.28424788024902337,184,1.0,call,2027-03-31,0.5945205479452055,764.260009765625,118.48500000000001,0.026248048276153093,0.23006988285493077,-0.1301389212151262
672.0,116.59,119.78,0.2865366757202148,186,3.0,call,2027-03-31,0.5945205479452055,764.260009765625,118.185,0.026991580995896245,0.2329972642986051,-0.1286497176636584
673.0,115.75,118.92,0.28556012298583977,111,12.0,call,2027-03-31,0.5945205479452055,764.260009765625,117.33500000000001,0.02701666169514639,0.23232928413390513,-0.1271627285420801
675.0,114.07,117.2,0.283614646835327,72,8.0,call,2027-03-31,0.5945205479452055,764.260009765625,115.63499999999999,0.02706792926017218,0.23097168963102377,-0.12419536731427812
679.0,110.61,113.77,0.27970080657958973,12,12.0,call,2027-03-31,0.5945205479452055,764.260009765625,112.19,0.028166503253409365,0.2278914913386676,-0.11828693062811187
680.0,109.76,112.92,0.27875477111816405,27,2.0,call,2027-03-31,0.5945205479452055,764.260009765625,111.34,0.02838153403987782,0.2271752246506667,-0.11681526001665557
685.0,105.49,108.67,0.2739177833557129,84,2.0,call,2027-03-31,0.5945205479452055,764.260009765625,107.08,0.029697422487859608,0.2234293255677891,-0.10948921992458267
690.0,101.3,104.45,0.269088424911499,240,1.0,call,2027-03-31,0.5945205479452055,764.260009765625,102.875,0.0306196840826246,0.2198375311797257,-0.10221646059550289
695.0,97.13,100.28,0.26437350624084477,71,1.0,call,2027-03-31,0.5945205479452055,764.260009765625,98.705,0.03191327693632547,0.21626330720084264,-0.09499621262201584
700.0,92.99,96.15,0.259696734161377,274,3.0,call,2027-03-31,0.5945205479452055,764.260009765625,94.57,0.03341440203024226,0.21269425110847148,-0.08782772314340331
705.0,88.91,92.05,0.2550047034454347,132,3.0,call,2027-03-31,0.5945205479452055,764.260009765625,90.47999999999999,0.034703801945181266,0.20917277614741775,-0.08071025537453934
710.0,84.9,88.11,0.25090013023376456,135,1.0,call,2027-03-31,0.5945205479452055,764.260009765625,86.505,0.03710768163689953,0.20605512203563717,-0.07364308815144689
715.0,80.89,84.11,0.24632253929138184,1706,2.0,call,2027-03-31,0.5945205479452055,764.260009765625,82.5,0.03903030303030302,0.20254824257825255,-0.06662551549280035
720.0,76.89,80.05,0.24127955993652345,227,2.0,call,2027-03-31,0.5945205479452055,764.260009765625,78.47,0.040270166942780634,0.1986903049975687,-0.0596568461767069
725.0,73.04,76.13,0.23667908103942872,227,1.0,call,2027-03-31,0.5945205479452055,764.260009765625,74.58500000000001,0.04142924180465226,0.1953341448425919,-0.05273640333213312
730.0,69.15,72.32,0.23237614555358885,474,3.0,call,2027-03-31,0.5945205479452055,764.260009765625,70.735,0.04481515515657012,0.19189867516474302,-0.04586352404437109
735.0,65.42,68.49,0.2277527787017822,944,11.0,call,2027-03-31,0.5945205479452055,764.260009765625,66.955,0.04585169143454549,0.18854036835607327,-0.03903755897397124
740.0,61.8,64.73,0.22320570503234863,687,10.0,call,2027-03-31,0.5945205479452055,764.260009765625,63.265,0.04631312732158392,0.1853326534327844,-0.032257871988592486
745.0,58.23,61.06,0.21880358840942382,133,1.0,call,2027-03-31,0.5945205479452055,764.260009765625,59.644999999999996,0.0474473970995055,0.1821592109395889,-0.025523839807248417
750.0,54.65,56.28,0.209343233795166,410,1.0,call,2027-03-31,0.5945205479452055,764.260009765625,55.465,0.029387902280717613,0.17614563380625747,-0.018834851656451816
755.0,51.28,52.8,0.20526154853820797,124,1.0,call,2027-03-31,0.5945205479452055,764.260009765625,52.04,0.029208301306687088,0.1732725633363687,-0.012190308937783244
760.0,47.97,49.39,0.20117986328124998,345,3.0,call,2027-03-31,0.5945205479452055,764.260009765625,48.68,0.0291700903861956,0.17034578676480744,-0.005589624906431192
765.0,45.75,46.13,0.19741098007202146,1808,2.0,call,2027-03-31,0.5945205479452055,764.260009765625,45.94,0.008271658685241675,0.16977260235957933,0.0009677756397279868
770.0,42.56,42.99,0.193817571182251,256,5.0,call,2027-03-31,0.5945205479452055,764.260009765625,42.775000000000006,0.010052600818234942,0.16695089052142512,0.007482456660921564
775.0,39.42,39.77,0.18952226501464847,391,2.0,call,2027-03-31,0.5945205479452055,764.260009765625,39.595,0.008839499936860751,0.1636832143381747,0.013954971166539128
780.0,36.57,36.64,0.18523458816528315,662,84.0,call,2027-03-31,0.5945205479452055,764.260009765625,36.605000000000004,0.0019123070618768004,0.16083538772448736,0.020385861496829437
785.0,33.66,33.99,0.1826024733734131,120,10.0,call,2027-03-31,0.5945205479452055,764.260009765625,33.825,0.00975609756097577,0.1584702472291679,0.026775659595600552
790.0,31.06,31.13,0.17865811584472657,459,1.0,call,2027-03-31,0.5945205479452055,764.260009765625,31.095,0.0022511657822801186,0.15588524115709404,0.033124887274259184
795.0,28.51,28.59,0.17565979377746582,289,1.0,call,2027-03-31,0.5945205479452055,764.260009765625,28.55,0.002802101576182077,0.15364542841266784,0.039434056467524
800.0,26.09,26.16,0.1726919889831543,1172,57.0,call,2027-03-31,0.5945205479452055,764.260009765625,26.125,0.002679425837320585,0.15146089690491552,0.045703669481119286
805.0,23.72,23.98,0.1703879348754883,333,25.0,call,2027-03-31,0.5945205479452055,764.260009765625,23.85,0.010901467505241154,0.14945412026346008,0.05193421923175546
810.0,21.66,21.72,0.16724465576171876,584,5.0,call,2027-03-31,0.5945205479452055,764.260009765625,21.689999999999998,0.0027662517289072717,0.14746662082081666,0.058126189479676425
815.0,19.65,19.71,0.16475749801635742,456,3.0,call,2027-03-31,0.5945205479452055,764.260009765625,19.68,0.0030487804878049935,0.14565223045793346,0.06428005505405478
820.0,17.78,17.84,0.1624229266357422,1350,115.0,call,2027-03-31,0.5945205479452055,764.260009765625,17.810000000000002,0.0033688938798427125,0.14397113284011753,0.07039628207149076
825.0,16.06,16.12,0.16031723480224608,849,2.0,call,2027-03-31,0.5945205479452055,764.260009765625,16.09,0.0037290242386576926,0.14248072552904442,0.07647532814787304
830.0,14.46,14.52,0.15829546546936038,163,1.0,call,2027-03-31,0.5945205479452055,764.260009765625,14.49,0.0041407867494823135,0.1410521782063532,0.08251764260383555
835.0,12.97,13.03,0.15631947204589847,151,3.0,call,2027-03-31,0.5945205479452055,764.260009765625,13.0,0.004615384615384517,0.13964658664993235,0.08852366666404753
840.0,11.64,11.69,0.15463339271545415,324,8.0,call,2027-03-31,0.5945205479452055,764.260009765625,11.665,0.004286326618088207,0.1385159461361144,0.09449383365055145
845.0,10.37,10.53,0.1534432190704346,234,1.0,call,2027-03-31,0.5945205479452055,764.260009765625,10.45,0.01531100478468901,0.13751318080337388,0.10042856917036588
850.0,9.28,9.33,0.1514977429199219,477,1.0,call,2027-03-31,0.5945205479452055,764.260009765625,9.305,0.005373455131649728,0.13638090708049821,0.10632829129755426
855.0,8.23,8.29,0.14998713790893559,419,13.0,call,2027-03-31,0.5945205479452055,764.260009765625,8.26,0.007263922518159651,0.13530302341692826,0.11219341074995223
860.0,7.31,7.43,0.1491326542663574,582,224.0,call,2027-03-31,0.5945205479452055,764.260009765625,7.369999999999999,0.016282225237449134,0.13466873516831215,0.11802433106074553
865.0,6.48,6.52,0.14742368698120117,1237,98.0,call,2027-03-31,0.5945205479452055,764.260009765625,6.5,0.006153846153846023,0.13365281040102522,0.12382144874507132
870.0,5.72,5.84,0.14685911743164062,1764,1.0,call,2027-03-31,0.5945205479452055,764.260009765625,5.779999999999999,0.020761245674740504,0.1331647688306125,0.1295851534618215
875.0,5.03,5.08,0.14518066741943358,326,8.0,call,2027-03-31,0.5945205479452055,764.260009765625,5.055,0.009891196834816979,0.13212855720956462,0.13531582817080642
880.0,4.42,4.47,0.14417359741210936,1026,1.0,call,2027-03-31,0.5945205479452055,764.260009765625,4.445,0.01124859392575924,0.13146860194150045,0.14101384928544425
885.0,3.86,3.91,0.1430749755859375,604,1.0,call,2027-03-31,0.5945205479452055,764.260009765625,3.885,0.012870012870012939,0.1307200978052072,0.1466795868211215
890.0,3.38,3.42,0.14214419876098633,298,1.0,call,2027-03-31,0.5945205479452055,764.260009765625,3.4,0.011764705882352951,0.13014705221953063,0.15231340453937758
895.0,2.94,3.05,0.1420068710327148,1231,20.0,call,2027-03-31,0.5945205479452055,764.260009765625,2.995,0.03672787979966607,0.12989052539025073,0.15791566008804733
900.0,2.55,2.59,0.1403284210205078,11597,1.0,call,2027-03-31,0.5945205479452055,764.260009765625,2.57,0.015564202334630364,0.12891797126377993,0.16348670513750282
905.0,2.22,2.26,0.1396875582885742,289,2.0,call,2027-03-31,0.5945205479452055,764.260009765625,2.24,0.017857142857142672,0.12853354803491168,0.1690268855131181
910.0,1.93,1.96,0.138955143737793,1642,1.0,call,2027-03-31,0.5945205479452055,764.260009765625,1.9449999999999998,0.01542416452442161,0.12812732063282217,0.17453654132408777
915.0,1.67,1.71,0.1384973846435547,777,2.0,call,2027-03-31,0.5945205479452055,764.260009765625,1.69,0.023668639053254458,0.1278188342578538,0.18001600708871346
920.0,1.44,1.47,0.13773445281982422,623,3.0,call,2027-03-31,0.5945205479452055,764.260009765625,1.455,0.020618556701030945,0.1273520369889096,0.18546561185627802
925.0,1.25,1.28,0.1373682455444336,887,1.0,call,2027-03-31,0.5945205479452055,764.260009765625,1.2650000000000001,0.023715415019762865,0.12719609521031172,0.1908856793256173
930.0,1.08,1.11,0.13697152099609378,1358,1.0,call,2027-03-31,0.5945205479452055,764.260009765625,1.0950000000000002,0.027397260273972622,0.12699196200302013,0.19627652796049364
935.0,0.95,0.97,0.1368189346313477,701,3.0,call,2027-03-31,0.5945205479452055,764.260009765625,0.96,0.020833333333333353,0.12711764920905413,0.2016384711018791
940.0,0.82,0.84,0.1365137619018555,250,1.0,call,2027-03-31,0.5945205479452055,764.260009765625,0.83,0.024096385542168697,0.12697718759845325,0.2069718170772416
945.0,0.72,0.73,0.13630014099121096,54,2.0,call,2027-03-31,0.5945205479452055,764.260009765625,0.725,0.013793103448275874,0.1270874510934122,0.21227686930693485
950.0,0.62,0.64,0.13636117553710939,746,5.0,call,2027-03-31,0.5945205479452055,764.260009765625,0.63,0.03174603174603177,0.12712068786257405,0.21755392640777851
955.0,0.56,0.57,0.13672738281250002,142,1.0,call,2027-03-31,0.5945205479452055,764.260009765625,0.565,0.017699115044247607,0.12777974234953887,0.22280328229392232
960.0,0.49,0.5,0.1368494519042969,69,1.0,call,2027-03-31,0.5945205479452055,764.260009765625,0.495,0.02020202020202022,0.12799734653231254,0.2280252262750739
965.0,0.44,0.45,0.13739876281738284,35,1.0,call,2027-03-31,0.5945205479452055,764.260009765625,0.445,0.02247191011235957,0.12869311130797148,0.233220043152178
975.0,0.36,0.37,0.1388025573730469,1422,2.0,call,2027-03-31,0.5945205479452055,764.260009765625,0.365,0.02739726027397263,0.13031066353683826,0.24352941281103924
250.0,0.37,0.39,0.5776409423828125,53,2.0,put,2027-03-31,0.5945205479452055,764.260009765625,0.38,0.05263157894736847,0.5883906384002262,-1.1174471403245614
300.0,0.6,0.62,0.5168505346679688,603,2.0,put,2027-03-31,0.5945205479452055,764.260009765625,0.61,0.03278688524590167,0.5277321132159578,-0.9351255835306069
350.0,0.92,0.93,0.4624077197265626,1520,2.0,put,2027-03-31,0.5945205479452055,764.260009765625,0.925,0.01081081081081082,0.47334717339614735,-0.7809749037033487
400.0,1.36,1.37,0.4128476684570312,742,2.0,put,2027-03-31,0.5945205479452055,764.260009765625,1.3650000000000002,0.007326007326007331,0.42423104149554103,-0.647443511078826
450.0,1.97,1.99,0.367193828125,332,1.0,put,2027-03-31,0.5945205479452055,764.260009765625,1.98,0.01010101010101011,0.3789973453435037,-0.5296604754224425
455.0,2.05,2.06,0.3626772717285156,406,1.0,put,2027-03-31,0.5945205479452055,764.260009765625,2.0549999999999997,0.004866180048661913,0.3746862314214489,-0.5186106392358575
460.0,2.12,2.14,0.3583743362426758,56,1.0,put,2027-03-31,0.5945205479452055,764.260009765625,2.13,0.009389671361502356,0.3703213548780806,-0.5076815687036673
470.0,2.27,2.29,0.3493717407226562,137,3.0,put,2027-03-31,0.5945205479452055,764.260009765625,2.2800000000000002,0.00877192982456141,0.3614487181866075,-0.48617536348270374
475.0,2.37,2.38,0.3452213916015625,78,1.0,put,2027-03-31,0.5945205479452055,764.260009765625,2.375,0.004210526315789384,0.35749979895253525,-0.4755932541521668
480.0,2.46,2.48,0.34125414611816407,68,1.0,put,2027-03-31,0.5945205479452055,764.260009765625,2.4699999999999998,0.008097165991902843,0.3534749741092532,-0.4651219542848714
485.0,2.55,2.56,0.33667655517578127,54,1.0,put,2027-03-31,0.5945205479452055,764.260009765625,2.5549999999999997,0.00391389432485332,0.3491250738310455,-0.4547591672493248
490.0,2.63,2.65,0.33234310241699216,846,3.0,put,2027-03-31,0.5945205479452055,764.260009765625,2.6399999999999997,0.007575757575757584,0.34472843537893083,-0.44450266708213576
495.0,2.74,2.77,0.32865051239013665,143,278.0,put,2027-03-31,0.5945205479452055,764.260009765625,2.755,0.01088929219600719,0.3410039208572406,-0.43435029561811755
500.0,2.84,2.86,0.3241949905395507,415,1.0,put,2027-03-31,0.5945205479452055,764.260009765625,2.8499999999999996,0.00701754385964913,0.3367312149980401,-0.42429995976461615
505.0,2.95,2.97,0.3201361932373046,564,1.0,put,2027-03-31,0.5945205479452055,764.260009765625,2.96,0.006756756756756763,0.33274042064485426,-0.41434962891144805
510.0,3.06,3.09,0.3161689477539062,87,10.0,put,2027-03-31,0.5945205479452055,764.260009765625,3.075,0.009756097560975546,0.3287868227470246,-0.40449733246843644
515.0,3.18,3.2,0.311957564086914,79,10.0,put,2027-03-31,0.5945205479452055,764.260009765625,3.1900000000000004,0.006269592476489033,0.32476112065160645,-0.39474115752307176
520.0,3.31,3.33,0.30808187042236324,95,2.0,put,2027-03-31,0.5945205479452055,764.260009765625,3.3200000000000003,0.006024096385542173,0.32096677039754284,-0.3850792466113349
525.0,3.44,3.46,0.3041146249389648,405,1.0,put,2027-03-31,0.5945205479452055,764.260009765625,3.45,0.005797101449275368,0.31708927419463706,-0.3755097955951842
530.0,3.58,3.61,0.3004220349121094,290,1.0,put,2027-03-31,0.5945205479452055,764.260009765625,3.5949999999999998,0.008344923504867818,0.3134115892442858,-0.3660310516406404
535.0,3.72,3.75,0.29645478942871095,72,1.0,put,2027-03-31,0.5945205479452055,764.260009765625,3.7350000000000003,0.008032128514056172,0.30955318430977036,-0.3566413112908014
540.0,3.87,3.9,0.2925790957641601,143,1.0,put,2027-03-31,0.5945205479452055,764.260009765625,3.885,0.007722007722007672,0.3057873641350122,-0.3473389186284879
545.0,4.03,4.05,0.28864236755371087,58,1.0,put,2027-03-31,0.5945205479452055,764.260009765625,4.04,0.004950495049504845,0.302018325047849,-0.3381222635235639
550.0,4.19,4.22,0.2849192602539062,286,1.0,put,2027-03-31,0.5945205479452055,764.260009765625,4.205,0.007134363852556328,0.29832282792714937,-0.3289897799602914
555.0,4.37,4.4,0.2812266702270507,161,1.0,put,2027-03-31,0.5945205479452055,764.260009765625,4.385,0.006841505131128906,0.2947664958883043,-0.3199399444403735
560.0,4.55,4.58,0.27744252838134764,296,1.0,put,2027-03-31,0.5945205479452055,764.260009765625,4.5649999999999995,0.006571741511500603,0.2911076314664651,-0.3109712744576131
565.0,4.74,4.78,0.2738414901733398,16,3.0,put,2027-03-31,0.5945205479452055,764.260009765625,4.76,0.008403361344537823,0.2875675854892622,-0.3020823270403671
570.0,4.93,4.97,0.2700268310546875,48,2.0,put,2027-03-31,0.5945205479452055,764.260009765625,4.949999999999999,0.00808080808080809,0.28385303303143783,-0.29327169735821207
575.0,5.15,5.19,0.2664563101196289,57,2.0,put,2027-03-31,0.5945205479452055,764.260009765625,5.17,0.00773694390715668,0.2804443141069894,-0.28453801738945744
576.0,5.2,5.24,0.26581544738769536,41,39.0,put,2027-03-31,0.5945205479452055,764.260009765625,5.220000000000001,0.007662835249042151,0.27982767644208884,-0.28280039749091673
577.0,5.24,5.28,0.2650372569274902,55,1.0,put,2027-03-31,0.5945205479452055,764.260009765625,5.26,0.0076045627376425924,0.27907399832481417,-0.2810657916787084
579.0,10.53,10.59,0.3186255882263183,22,19.0,put,2027-03-31,0.5945205479452055,764.260009765625,10.559999999999999,0.00568181818181823,0.3348591926613979,-0.27760558061381274
580.0,5.38,5.41,0.2627942373657227,269,3.0,put,2027-03-31,0.5945205479452055,764.260009765625,5.395,0.005560704355885126,0.2769831056478845,-0.2758799546463429
582.0,5.71,5.75,0.2643353596496582,32,31.0,put,2027-03-31,0.5945205479452055,764.260009765625,5.73,0.006980802792321122,0.2786376521465708,-0.2724376104553701
583.0,5.52,5.56,0.2607648387145996,62,20.0,put,2027-03-31,0.5945205479452055,764.260009765625,5.539999999999999,0.007220216606498202,0.27497677196560877,-0.27072087183631566
584.0,5.58,5.61,0.2600782000732422,7021,13.0,put,2027-03-31,0.5945205479452055,764.260009765625,5.595000000000001,0.00536193029490621,0.27438103448629,-0.2690070753585809
585.0,5.62,5.65,0.25925423370361333,140,1.0,put,2027-03-31,0.5945205479452055,764.260009765625,5.635,0.005323868677905989,0.2735934407408793,-0.26729621095495143
587.0,5.71,5.75,0.25786569778442386,26,21.0,put,2027-03-31,0.5945205479452055,764.260009765625,5.73,0.006980802792321122,0.2721911573019146,-0.26388323835871147
588.0,5.76,5.8,0.25714854187011715,23,1.0,put,2027-03-31,0.5945205479452055,764.260009765625,5.779999999999999,0.006920415224913502,0.2715133506282366,-0.262181110288181
589.0,5.81,5.85,0.25644664459228517,37,,put,2027-03-31,0.5945205479452055,764.260009765625,5.83,0.006861063464837056,0.2708305362231894,-0.26048187453522126
590.0,5.87,5.9,0.25571423004150395,189,1.0,put,2027-03-31,0.5945205479452055,764.260009765625,5.885,0.005097706032285514,0.27020249724578954,-0.2587855212870428
591.0,9.57,9.63,0.2924570266723632,19,18.0,put,2027-03-31,0.5945205479452055,764.260009765625,9.600000000000001,0.006250000000000051,0.3083908321255157,-0.2570920407807098
594.0,6.08,6.12,0.2530287100219727,68,20.0,put,2027-03-31,0.5945205479452055,764.260009765625,6.1,0.006557377049180334,0.26757545344495276,-0.25202873882416305
595.0,6.12,6.16,0.2521742263793946,160,25.0,put,2027-03-31,0.5945205479452055,764.260009765625,6.140000000000001,0.0065146579804560316,0.26674697459633556,-0.25034665264117817
596.0,6.17,6.22,0.25153336364746093,24,21.0,put,2027-03-31,0.5945205479452055,764.260009765625,6.195,0.008071025020177534,0.2660870894628765,-0.24866739112145825
597.0,10.08,10.14,0.2885660743713378,25,25.0,put,2027-03-31,0.5945205479452055,764.260009765625,10.11,0.005934718100890257,0.30473729711173997,-0.24699094479420589
598.0,6.29,6.32,0.2500227586364746,19,8.0,put,2027-03-31,0.5945205479452055,764.260009765625,6.305,0.004758128469468715,0.26475126131537646,-0.24531730423617618
600.0,6.4,6.44,0.2487105158996582,434,1.0,put,2027-03-31,0.5945205479452055,764.260009765625,6.42,0.006230529595015582,0.26344999955568144,-0.24197840297066156
601.0,6.43,6.53,0.2483595672607422,43,1.0,put,2027-03-31,0.5945205479452055,764.260009765625,6.48,0.01543209876543218,0.2628186213077942,-0.24031312365160032
602.0,10.52,10.59,0.2853770193481445,251,250.0,put,2027-03-31,0.5945205479452055,764.260009765625,10.555,0.006631927996210354,0.3017077123506731,-0.23865061287798695
605.0,6.69,6.73,0.24521628814697266,241,192.0,put,2027-03-31,0.5945205479452055,764.260009765625,6.710000000000001,0.0059612518628912115,0.26012803246876864,-0.23367960015596648
608.0,6.84,6.94,0.24341576904296874,225,221.0,put,2027-03-31,0.5945205479452055,764.260009765625,6.890000000000001,0.014513788098693836,0.2581337717781125,-0.22873317622064093
610.0,6.99,7.03,0.2416915431213379,224,4.0,put,2027-03-31,0.5945205479452055,764.260009765625,7.01,0.005706134094151218,0.25677707686134,-0.22544910101945104
611.0,7.05,7.09,0.24097438720703124,30,3.0,put,2027-03-31,0.5945205479452055,764.260009765625,7.07,0.005657708628005662,0.25609074779805263,-0.2238110990152126
613.0,7.17,7.22,0.23960110992431638,19,12.0,put,2027-03-31,0.5945205479452055,764.260009765625,7.195,0.00694927032661568,0.25475304922785735,-0.22054312225059652
615.0,7.3,7.35,0.23822783264160152,56,1.0,put,2027-03-31,0.5945205479452055,764.260009765625,7.324999999999999,0.006825938566552878,0.2534433233954487,-0.21728579038029008
616.0,7.35,7.45,0.2378463667297363,284,284.0,put,2027-03-31,0.5945205479452055,764.260009765625,7.4,0.013513513513513585,0.25287896517357455,-0.21566109465328814
620.0,7.64,7.68,0.2347030876159668,129,3.0,put,2027-03-31,0.5945205479452055,764.260009765625,7.66,0.005221932114882511,0.2501663096685689,-0.20918858014767075
621.0,7.68,7.79,0.23438265625,11,1.0,put,2027-03-31,0.5945205479452055,764.260009765625,7.734999999999999,0.0142210730446025,0.24957013733803288,-0.20757697625332916
624.0,7.92,7.96,0.23194127441406248,14,11.0,put,2027-03-31,0.5945205479452055,764.260009765625,7.9399999999999995,0.0050377833753148665,0.24755428982745603,-0.20275768981738024
625.0,7.96,8.07,0.23157506713867188,288,1.0,put,2027-03-31,0.5945205479452055,764.260009765625,8.015,0.013724266999376209,0.24693302957447372,-0.2011564084504065
626.0,8.07,8.11,0.23059851440429688,11,1.0,put,2027-03-31,0.5945205479452055,764.260009765625,8.09,0.004944375772558609,0.24630532746248163,-0.1995576870867094
628.0,8.18,8.29,0.229499892578125,12,2.0,put,2027-03-31,0.5945205479452055,764.260009765625,8.235,0.013357619914996895,0.24498532540280044,-0.1963678917186093
630.0,8.35,8.4,0.22777566665649412,235,7.0,put,2027-03-31,0.5945205479452055,764.260009765625,8.375,0.005970149253731428,0.24359666967750931,-0.19318823880122962
631.0,8.43,8.48,0.22711954528808592,14,5.0,put,2027-03-31,0.5945205479452055,764.260009765625,8.455,0.005913660555884177,0.2429833122015157,-0.19160219564559478
632.0,8.86,8.91,0.22939308212280274,192,1.0,put,2027-03-31,0.5945205479452055,764.260009765625,8.885,0.0056274620146314815,0.24544116591945253,-0.19001866403995046
633.0,8.56,8.68,0.22611247528076173,35,5.0,put,2027-03-31,0.5945205479452055,764.260009765625,8.620000000000001,0.013921113689095035,0.24178059947300584,-0.18843763604263178
635.0,8.75,8.79,0.22434247344970698,143,15.0,put,2027-03-31,0.5945205479452055,764.260009765625,8.77,0.0045610034207524686,0.2404203002520525,-0.18528305929411634
637.0,14.29,14.38,0.2635876864624024,127,128.0,put,2027-03-31,0.5945205479452055,764.260009765625,14.335,0.006278339727938726,0.2814687106012507,-0.18213840261464456
639.0,9.08,9.13,0.22170272933959956,104,101.0,put,2027-03-31,0.5945205479452055,764.260009765625,9.105,0.0054914881933004625,0.23792577415147076,-0.17900360380927313
640.0,9.13,9.24,0.22122971160888671,363,2.0,put,2027-03-31,0.5945205479452055,764.260009765625,9.185,0.011976047904191555,0.237254022617978,-0.17743988183309048
642.0,9.3,9.42,0.21993272750854487,207,1.0,put,2027-03-31,0.5945205479452055,764.260009765625,9.36,0.012820512820512739,0.23601629553150674,-0.17431975449684672
645.0,9.59,9.64,0.21753712158203126,76,1.0,put,2027-03-31,0.5945205479452055,764.260009765625,9.615,0.005200208008320406,0.2340477735848206,-0.1696577413910354
648.0,10.25,10.3,0.21841449317932124,378,2.0,put,2027-03-31,0.5945205479452055,764.260009765625,10.275,0.004866180048661869,0.23521734223270047,-0.1650173618345333
650.0,10.04,10.1,0.21414970428466795,463,1.0,put,2027-03-31,0.5945205479452055,764.260009765625,10.07,0.005958291956305908,0.2308750623147894,-0.1619356952971251
653.0,10.32,10.37,0.21199823654174804,17,1.0,put,2027-03-31,0.5945205479452055,764.260009765625,10.344999999999999,0.0048332527791202454,0.22890555965806067,-0.15733092891037695
654.0,16.61,16.7,0.2532575895690918,12,1.0,put,2027-03-31,0.5945205479452055,764.260009765625,16.655,0.005403782647853489,0.272110564314751,-0.15580070672960925
655.0,10.49,10.61,0.21096064926147456,141,2.0,put,2027-03-31,0.5945205479452055,764.260009765625,10.55,0.011374407582938314,0.22772355785142656,-0.154272822551556
656.0,10.62,10.67,0.2099993551635742,15,2.0,put,2027-03-31,0.5945205479452055,764.260009765625,10.645,0.004697040864255586,0.22706466605182982,-0.15274726924271895
657.0,10.69,10.81,0.20960263061523435,26,6.0,put,2027-03-31,0.5945205479452055,764.260009765625,10.75,0.01116279069767451,0.22647377513880926,-0.15122403970219742
658.0,10.82,10.87,0.20862607788085932,187,2.0,put,2027-03-31,0.5945205479452055,764.260009765625,10.844999999999999,0.004610419548178786,0.22580088356153652,-0.14970312686149082
660.0,11.03,11.08,0.20729094718933103,204,6.0,put,2027-03-31,0.5945205479452055,764.260009765625,11.055,0.0045228403437359305,0.22458178813870303,-0.14666822316633668
661.0,11.13,11.18,0.20658142059326168,10,8.0,put,2027-03-31,0.5945205479452055,764.260009765625,11.155000000000001,0.004482294935006627,0.22392451253494738,-0.1451542183351217
663.0,11.31,11.44,0.20554383331298826,114,1.0,put,2027-03-31,0.5945205479452055,764.260009765625,11.375,0.011428571428571342,0.2227328590241182,-0.14213306800094538
664.0,11.88,11.94,0.20750456809997556,15,28.0,put,2027-03-31,0.5945205479452055,764.260009765625,11.91,0.005037783375314754,0.22514292261949956,-0.14062590871037411
665.0,11.55,11.61,0.20386538330078124,27,4.0,put,2027-03-31,0.5945205479452055,764.260009765625,11.58,0.0051813471502589565,0.2214035648820573,-0.1391210175309538
666.0,11.67,11.72,0.20317874465942382,57,3.0,put,2027-03-31,0.5945205479452055,764.260009765625,11.695,0.004275331338178769,0.2208165412774722,-0.13761838764641887
668.0,12.33,12.4,0.204811418762207,18,1.0,put,2027-03-31,0.5945205479452055,764.260009765625,12.365,0.005661140315406412,0.2226634304937457,-0.13461988465016217
670.0,12.12,12.17,0.2004398194122314,216,1.0,put,2027-03-31,0.5945205479452055,764.260009765625,12.145,0.00411692054343357,0.2183196672724425,-0.1316303458017962
671.0,12.2,12.33,0.20004309486389157,105,3.0,put,2027-03-31,0.5945205479452055,764.260009765625,12.265,0.010599266204647434,0.21772750588590192,-0.1301389212151262
672.0,12.81,12.87,0.20206486419677733,176,166.0,put,2027-03-31,0.5945205479452055,764.260009765625,12.84,0.004672897196261583,0.22019724438067706,-0.1286497176636584
673.0,12.47,12.52,0.19838753280639648,14,1.0,put,2027-03-31,0.5945205479452055,764.260009765625,12.495000000000001,0.004001600640256017,0.21645125278616312,-0.1271627285420801
674.0,12.59,12.64,0.19770089416503905,15,5.0,put,2027-03-31,0.5945205479452055,764.260009765625,12.615,0.003963535473642545,0.21583512447970757,-0.12567794727450096
675.0,12.71,12.76,0.19701425552368163,735,1.0,put,2027-03-31,0.5945205479452055,764.260009765625,12.735,0.003926187671770627,0.2152109838367049,-0.12419536731427812
676.0,12.82,12.88,0.19631235824584958,19,1.0,put,2027-03-31,0.5945205479452055,764.260009765625,12.850000000000001,0.004669260700389143,0.21454580888726002,-0.1227149821438438
677.0,12.94,13.0,0.1956104609680176,16,1.0,put,2027-03-31,0.5945205479452055,764.260009765625,12.969999999999999,0.004626060138781843,0.21390601989610977,-0.12123678527453298
678.0,13.08,13.13,0.19495433959960937,21,4.0,put,2027-03-31,0.5945205479452055,764.260009765625,13.105,0.0038153376573827323,0.21335639590264702,-0.11976077024641235
679.0,13.68,13.75,0.19730416961669922,13,2.0,put,2027-03-31,0.5945205479452055,764.260009765625,13.715,0.005103900838498016,0.2158662695146628,-0.11828693062811187
680.0,13.3,13.43,0.19387097640991213,617,1.0,put,2027-03-31,0.5945205479452055,764.260009765625,13.365,0.009726898615787431,0.2121656552983846,-0.11681526001665557
685.0,13.97,14.03,0.190086834564209,495,1.0,put,2027-03-31,0.5945205479452055,764.260009765625,14.0,0.004285714285714194,0.20894763658156731,-0.10948921992458267
690.0,14.67,14.74,0.18674519317626953,995,9.0,put,2027-03-31,0.5945205479452055,764.260009765625,14.705,0.004760285617137048,0.20595526224346222,-0.10221646059550289
695.0,15.41,15.47,0.18328148269653316,465,1.0,put,2027-03-31,0.5945205479452055,764.260009765625,15.440000000000001,0.0038860103626943325,0.20292098313173038,-0.09499621262201584
700.0,16.17,16.25,0.17984828948974607,5352,1.0,put,2027-03-31,0.5945205479452055,764.260009765625,16.21,0.0049352251696482595,0.199864389932413,-0.08782772314340331
705.0,17.0,17.07,0.1763845790100098,119,1.0,put,2027-03-31,0.5945205479452055,764.260009765625,17.035,0.004109186968007061,0.19688572069387528,-0.08071025537453934
710.0,17.87,17.94,0.17292849784851075,1532,6.0,put,2027-03-31,0.5945205479452055,764.260009765625,17.905,0.003909522479754274,0.19391096131801458,-0.07364308815144689
715.0,18.79,18.87,0.16949530464172366,468,4.0,put,2027-03-31,0.5945205479452055,764.260009765625,18.83,0.004248539564524793,0.1909786465136595,-0.06662551549280035
720.0,19.77,19.85,0.16602396484375004,1203,11.0,put,2027-03-31,0.5945205479452055,764.260009765625,19.810000000000002,0.004038364462392824,0.18807112924732194,-0.0596568461767069
725.0,20.81,20.89,0.16254499572753905,652,3.0,put,2027-03-31,0.5945205479452055,764.260009765625,20.85,0.00383693045563558,0.185196848047808,-0.05273640333213312
730.0,21.91,22.0,0.15908128524780274,1430,1.0,put,2027-03-31,0.5945205479452055,764.260009765625,21.955,0.004099294010475967,0.1823627199195932,-0.04586352404437109
735.0,23.06,23.24,0.1558769715881348,721,3.0,put,2027-03-31,0.5945205479452055,764.260009765625,23.15,0.0077753779697624075,0.17967052279656198,-0.03903755897397124
740.0,24.31,24.44,0.1521386056518555,1650,1.0,put,2027-03-31,0.5945205479452055,764.260009765625,24.375,0.005333333333333438,0.1768128806849602,-0.032257871988592486
745.0,25.66,25.75,0.14852993812561036,239,1.0,put,2027-03-31,0.5945205479452055,764.260009765625,25.705,0.0035012643454580767,0.17412953577768311,-0.025523839807248417
750.0,27.08,27.18,0.14505096900939943,867,2.0,put,2027-03-31,0.5945205479452055,764.260009765625,27.13,0.0036859565057132853,0.17154894826939557,-0.018834851656451816
755.0,28.6,28.7,0.14154148262023927,346,1.0,put,2027-03-31,0.5945205479452055,764.260009765625,28.65,0.0034904013961604844,0.16904950781393865,-0.012190308937783244
760.0,30.23,30.34,0.13810066009521482,450,3.0,put,2027-03-31,0.5945205479452055,764.260009765625,30.285,0.003632161135875827,0.16669957981959968,-0.005589624906431192
765.0,31.96,32.08,0.13460643234252934,179,54.0,put,2027-03-31,0.5945205479452055,764.260009765625,32.019999999999996,0.003747657713928715,0.16441218236607302,0.0009677756397279868
770.0,33.82,33.95,0.13115035118103027,181,6.0,put,2027-03-31,0.5945205479452055,764.260009765625,33.885000000000005,0.0038365058285377758,0.162299899180945,0.007482456660921564
775.0,35.81,35.94,0.12765612342834473,204,8.0,put,2027-03-31,0.5945205479452055,764.260009765625,35.875,0.003623693379790814,0.16032277312161833,0.013954971166539128
780.0,37.94,38.07,0.1241695249938965,615,10.0,put,2027-03-31,0.5945205479452055,764.260009765625,38.004999999999995,0.0034206025522958185,0.15853003464828763,0.020385861496829437
785.0,40.22,40.36,0.12073633178710938,19,1.0,put,2027-03-31,0.5945205479452055,764.260009765625,40.29,0.0034748076445768323,0.15697341447470342,0.026775659595600552
790.0,42.64,42.79,0.11722684539794923,142,1.0,put,2027-03-31,0.5945205479452055,764.260009765625,42.715,0.003511646962425344,0.15558013063489448,0.033124887274259184
795.0,45.23,45.38,0.11368684173583984,13,1.0,put,2027-03-31,0.5945205479452055,764.260009765625,45.305,0.003310892837435287,0.15445365251955823,0.039434056467524
800.0,47.95,48.25,0.11065037307739259,146,7.0,put,2027-03-31,0.5945205479452055,764.260009765625,48.1,0.0062370062370061775,0.1537701379569659,0.045703669481119286
805.0,50.81,51.14,0.10684334327697756,103,1.0,put,2027-03-31,0.5945205479452055,764.260009765625,50.975,0.0064737616478665674,0.15299366006558746,0.05193421923175546
810.0,54.02,54.37,0.10379924530029297,119,3.0,put,2027-03-31,0.5945205479452055,764.260009765625,54.195,0.006458160346895365,0.15330642669270433,0.058126189479676425
815.0,57.25,57.63,0.09987777572631837,14,2.0,put,2027-03-31,0.5945205479452055,764.260009765625,57.44,0.006615598885793917,0.1533169899346784,0.06428005505405478
820.0,59.62,62.26,0.10316601188659666,115,1.0,put,2027-03-31,0.5945205479452055,764.260009765625,60.94,0.04332129963898918,0.1540836630143915,0.07039628207149076
300.0,471.35,476.0,0.6201515036010744,20,,call,2027-09-17,1.0602739726027397,764.260009765625,473.675,0.009816857550007869,0.5807451288067221,-0.9351255835306069
385.0,384.5,389.23,0.48019928985595706,77,,call,2027-09-17,1.0602739726027397,764.260009765625,386.865,0.012226487275923173,0.29614333237445084,-0.6856647238990238
450.0,331.27,336.0,0.4877370562744141,47,42.0,call,2027-09-17,1.0602739726027397,764.260009765625,333.635,0.014177169661456436,0.40270701076225035,-0.5296604754224425
460.0,322.07,327.0,0.47937532348632805,22,21.0,call,2027-09-17,1.0602739726027397,764.260009765625,324.53499999999997,0.015190965535304381,0.3946019001848346,-0.5076815687036673
500.0,285.46,290.0,0.4384669190979004,36,6.0,call,2027-09-17,1.0602739726027397,764.260009765625,287.73,0.015778681402703994,0.35786352347289746,-0.42429995976461615
540.0,249.37,254.0,0.4030363652038575,12,1.0,call,2027-09-17,1.0602739726027397,764.260009765625,251.685,0.018396010886624136,0.3269865212251587,-0.3473389186284879
550.0,240.6,245.5,0.39658959129333493,21,1.0,call,2027-09-17,1.0602739726027397,764.260009765625,243.05,0.020160460810532833,0.3216844851346419,-0.3289897799602914
560.0,231.54,236.5,0.38731996963500975,17,10.0,call,2027-09-17,1.0602739726027397,764.260009765625,234.01999999999998,0.021194769677805352,0.3133770175397826,-0.3109712744576131
570.0,222.78,227.5,0.3779664254760742,11,1.0,call,2027-09-17,1.0602739726027397,764.260009765625,225.14,0.020964733054988003,0.3059781207164514,-0.29327169735821207
575.0,218.34,223.0,0.37325913612365724,20,8.0,call,2027-09-17,1.0602739726027397,764.260009765625,220.67000000000002,0.021117505777858325,0.30203003612730644,-0.28453801738945744
590.0,205.32,210.0,0.3613497703552246,16,1.0,call,2027-09-17,1.0602739726027397,764.260009765625,207.66,0.02253683906385441,0.2924277583294918,-0.2587855212870428
595.0,200.97,205.5,0.3565127825927734,28,1.0,call,2027-09-17,1.0602739726027397,764.260009765625,203.235,0.022289467857406455,0.288586947519641,-0.25034665264117817
600.0,196.69,201.5,0.35393407302856433,183,1.0,call,2027-09-17,1.0602739726027397,764.260009765625,199.095,0.024159320927195572,0.2863538381463334,-0.24197840297066156
605.0,192.35,197.0,0.3490207920837402,409,1.0,call,2027-09-17,1.0602739726027397,764.260009765625,194.675,0.023885963785796868,0.2824379022851178,-0.23367960015596648
610.0,188.12,193.0,0.3463047547912597,138,2.0,call,2027-09-17,1.0602739726027397,764.260009765625,190.56,0.025608732157850523,0.2801726825846551,-0.22544910101945104
615.0,183.87,188.5,0.3413151806640625,26,6.0,call,2027-09-17,1.0602739726027397,764.260009765625,186.185,0.024867739076724737,0.27639796829553553,-0.21728579038029008
620.0,179.64,184.5,0.3384465570068359,54,2.0,call,2027-09-17,1.0602739726027397,764.260009765625,182.07,0.026693030153237842,0.2739584895148315,-0.20918858014767075
625.0,175.42,180.0,0.33338068969726564,24,14.0,call,2027-09-17,1.0602739726027397,764.260009765625,177.70999999999998,0.02577232569917288,0.2701494388394451,-0.2011564084504065
630.0,171.23,176.0,0.33038236763000484,43,2.0,call,2027-09-17,1.0602739726027397,764.260009765625,173.615,0.027474584569305707,0.26764511616017844,-0.19318823880122962
635.0,167.05,172.0,0.32730012306213385,597,10.0,call,2027-09-17,1.0602739726027397,764.260009765625,169.525,0.02919923315145252,0.26506826102703196,-0.18528305929411634
640.0,164.84,167.5,0.32210455734252924,189,1.0,call,2027-09-17,1.0602739726027397,764.260009765625,166.17000000000002,0.0160077029548053,0.2659678317173089,-0.17743988183309048
645.0,158.78,163.5,0.3188849850463866,35,1.0,call,2027-09-17,1.0602739726027397,764.260009765625,161.14,0.029291299491125723,0.25864951773441663,-0.1696577413910354
650.0,154.82,159.5,0.3155814902496338,243,11.0,call,2027-09-17,1.0602739726027397,764.260009765625,157.16,0.02977856961058798,0.25632962277748095,-0.1619356952971251
655.0,150.6,155.5,0.3122017022705078,426,11.0,call,2027-09-17,1.0602739726027397,764.260009765625,153.05,0.03201568114995103,0.25330199988835717,-0.154272822551556
660.0,146.52,151.0,0.30681540359497067,52,2.0,call,2027-09-17,1.0602739726027397,764.260009765625,148.76,0.030115622479160997,0.24937628978803825,-0.14666822316633668
665.0,142.51,147.0,0.3032982878875732,33,7.0,call,2027-09-17,1.0602739726027397,764.260009765625,144.755,0.031017926841905352,0.24666387715358692,-0.1391210175309538
670.0,138.52,143.0,0.2997048789978027,187,5.0,call,2027-09-17,1.0602739726027397,764.260009765625,140.76,0.03182722364308035,0.24389619840154642,-0.1316303458017962
675.0,134.52,139.0,0.29603517692565917,119,43.0,call,2027-09-17,1.0602739726027397,764.260009765625,136.76,0.03275811640830645,0.24100843617482168,-0.12419536731427812
680.0,130.6,135.5,0.2941202180480957,1426,1.0,call,2027-09-17,1.0602739726027397,764.260009765625,133.05,0.03682826005261184,0.2392434199964854,-0.11681526001665557
685.0,126.67,131.5,0.2902674123382568,175,1.0,call,2027-09-17,1.0602739726027397,764.260009765625,129.085,0.037417205717163095,0.2362878532809128,-0.10948921992458267
690.0,122.79,127.5,0.2863306841278076,181,2.0,call,2027-09-17,1.0602739726027397,764.260009765625,125.14500000000001,0.037636341843461533,0.2333354023198689,-0.10221646059550289
695.0,118.96,123.5,0.28231003341674804,99,5.0,call,2027-09-17,1.0602739726027397,764.260009765625,121.22999999999999,0.037449476202260225,0.23038184335336906,-0.09499621262201584
700.0,115.13,120.0,0.27997164737701413,232,1.0,call,2027-09-17,1.0602739726027397,764.260009765625,117.565,0.041423893165482964,0.22830664130421915,-0.08782772314340331
705.0,111.35,116.0,0.2757717076873779,137,6.0,call,2027-09-17,1.0602739726027397,764.260009765625,113.675,0.040906091928744275,0.22522804160726928,-0.08071025537453934
710.0,107.6,112.5,0.27320825675964355,648,4.0,call,2027-09-17,1.0602739726027397,764.260009765625,110.05,0.044525215810995056,0.22305266244090793,-0.07364308815144689
715.0,103.88,108.5,0.26882139877319333,71,1.0,call,2027-09-17,1.0602739726027397,764.260009765625,106.19,0.043506921555702086,0.219861416989794,-0.06662551549280035
720.0,100.21,105.0,0.2660366976165771,86,3.0,call,2027-09-17,1.0602739726027397,764.260009765625,102.60499999999999,0.046683884800935695,0.21757787632562745,-0.0596568461767069
725.0,96.57,101.0,0.2614514773559571,64,1.0,call,2027-09-17,1.0602739726027397,764.260009765625,98.785,0.04484486511109993,0.21430115071739916,-0.05273640333213312
730.0,92.97,97.5,0.2584378966522217,147,1.0,call,2027-09-17,1.0602739726027397,764.260009765625,95.235,0.047566545912742175,0.21188166446772103,-0.04586352404437109
735.0,89.61,94.0,0.2553022468566895,205,2.0,call,2027-09-17,1.0602739726027397,764.260009765625,91.805,0.047818746255650565,0.20974840287240948,-0.03903755897397124
740.0,85.98,90.5,0.2520407133102417,363,1.0,call,2027-09-17,1.0602739726027397,764.260009765625,88.24000000000001,0.051223934723481364,0.2069923142599376,-0.032257871988592486
745.0,82.5,87.0,0.24865711067199708,241,5.0,call,2027-09-17,1.0602739726027397,764.260009765625,84.75,0.05309734513274336,0.20435787948594208,-0.025523839807248417
750.0,79.21,84.0,0.24676122509002685,494,10.0,call,2027-09-17,1.0602739726027397,764.260009765625,81.60499999999999,0.05869738373874158,0.20276063314161238,-0.018834851656451816
755.0,75.93,80.5,0.24310296699523923,183,5.0,call,2027-09-17,1.0602739726027397,764.260009765625,78.215,0.058428690148948324,0.2001622787453898,-0.012190308937783244
760.0,72.66,77.0,0.23931501049041742,340,6.0,call,2027-09-17,1.0602739726027397,764.260009765625,74.83,0.057998129092609964,0.1974271646542844,-0.005589624906431192
765.0,69.61,73.9,0.2366638224029541,811,19.0,call,2027-09-17,1.0602739726027397,764.260009765625,71.755,0.05978677444080561,0.19556910204348063,0.0009677756397279868
770.0,68.08,70.5,0.2329101978302002,1505,5.0,call,2027-09-17,1.0602739726027397,764.260009765625,69.28999999999999,0.034925674700534017,0.19555351800741744,0.007482456660921564
775.0,63.39,67.38,0.2298889878082275,785,18.0,call,2027-09-17,1.0602739726027397,764.260009765625,65.38499999999999,0.06102317045193845,0.19060679588147805,0.013954971166539128
780.0,61.87,62.5,0.22111527183532712,375,1.0,call,2027-09-17,1.0602739726027397,764.260009765625,62.185,0.010131060545147584,0.18781853529259435,0.020385861496829437
785.0,58.88,59.5,0.2181550963592529,1188,1.0,call,2027-09-17,1.0602739726027397,764.260009765625,59.19,0.010474742355127513,0.18552002776471868,0.026775659595600552
790.0,56.05,56.67,0.21556112815856934,1245,109.0,call,2027-09-17,1.0602739726027397,764.260009765625,56.36,0.011000709723208029,0.18356918503706765,0.033124887274259184
795.0,53.36,53.44,0.21150996017456053,513,64.0,call,2027-09-17,1.0602739726027397,764.260009765625,53.4,0.0014981273408239382,0.18100466998673317,0.039434056467524
800.0,50.54,50.62,0.20857648731231687,636,1.0,call,2027-09-17,1.0602739726027397,764.260009765625,50.58,0.001581652827204395,0.17869527851773548,0.045703669481119286
805.0,47.85,47.93,0.20586426467895508,664,2.0,call,2027-09-17,1.0602739726027397,764.260009765625,47.89,0.0016704948841093819,0.17660183028201815,0.05193421923175546
810.0,45.22,45.3,0.2031482273864746,302,100.0,call,2027-09-17,1.0602739726027397,764.260009765625,45.26,0.0017675651789659367,0.17449300488922856,0.058126189479676425
815.0,42.69,42.77,0.20054281520843503,874,1.0,call,2027-09-17,1.0602739726027397,764.260009765625,42.730000000000004,0.0018722209220689303,0.17249310507331006,0.06428005505405478
820.0,40.24,40.32,0.19799080825805665,3584,30.0,call,2027-09-17,1.0602739726027397,764.260009765625,40.28,0.001986097318768577,0.1705332325468514,0.07039628207149076
825.0,37.88,37.95,0.19548076255798338,317,3.0,call,2027-09-17,1.0602739726027397,764.260009765625,37.915000000000006,0.0018462349993406376,0.168625779762642,0.07647532814787304
830.0,35.57,35.66,0.19301649276733396,333,10.0,call,2027-09-17,1.0602739726027397,764.260009765625,35.614999999999995,0.0025270251298609102,0.1667015730264496,0.08251764260383555
835.0,33.41,33.48,0.19068955070495605,492,2.0,call,2027-09-17,1.0602739726027397,764.260009765625,33.44499999999999,0.002092988488563322,0.16497244088865184,0.08852366666404753
840.0,31.32,31.39,0.18843890182495115,1531,25.0,call,2027-09-17,1.0602739726027397,764.260009765625,31.355,0.002232498804018507,0.16327261673459786,0.09449383365055145
845.0,29.32,29.4,0.18629506340026855,1151,16.0,call,2027-09-17,1.0602739726027397,764.260009765625,29.36,0.0027247956403269173,0.16165154915854546,0.10042856917036588
850.0,27.4,27.47,0.18412070770263672,1934,7.0,call,2027-09-17,1.0602739726027397,764.260009765625,27.435,0.002551485328959369,0.16002394360304917,0.10632829129755426
855.0,25.4,25.73,0.18238122314453126,1450,12.0,call,2027-09-17,1.0602739726027397,764.260009765625,25.564999999999998,0.012908273029532638,0.15833518085764195,0.11219341074995223
860.0,23.86,23.93,0.1801763501739502,1608,7.0,call,2027-09-17,1.0602739726027397,764.260009765625,23.895,0.002929483155471868,0.15709887563574468,0.11802433106074553
865.0,22.23,22.3,0.17834531379699708,1558,1.0,call,2027-09-17,1.0602739726027397,764.260009765625,22.265,0.0031439479002919506,0.1557576937349561,0.12382144874507132
870.0,20.55,20.82,0.17683470878601074,1478,1.0,call,2027-09-17,1.0602739726027397,764.260009765625,20.685000000000002,0.013052936910804908,0.15434341091146964,0.1295851534618215
875.0,19.24,19.3,0.17491974990844728,1573,130.0,call,2027-09-17,1.0602739726027397,764.260009765625,19.27,0.0031136481577582913,0.15329048730355951,0.13531582817080642
880.0,17.87,17.93,0.1733404810333252,3682,74.0,call,2027-09-17,1.0602739726027397,764.260009765625,17.9,0.0033519553072624986,0.15215916931159415,0.14101384928544425
885.0,16.59,16.64,0.17183750534057618,919,4.0,call,2027-09-17,1.0602739726027397,764.260009765625,16.615000000000002,0.0030093289196509603,0.1511071286437784,0.1466795868211215
890.0,15.38,15.43,0.17041082283020023,906,11.0,call,2027-09-17,1.0602739726027397,764.260009765625,15.405000000000001,0.0032456994482310242,0.15010377881016718,0.15231340453937758
895.0,14.15,14.35,0.16930457168579105,537,4.0,call,2027-09-17,1.0602739726027397,764.260009765625,14.25,0.014035087719298196,0.14907312162712996,0.15791566008804733
900.0,13.2,13.24,0.16780922531127934,2371,2.0,call,2027-09-17,1.0602739726027397,764.260009765625,13.219999999999999,0.0030257186081695106,0.1483254764999865,0.16348670513750282
905.0,12.2,12.24,0.1665656464385987,161,2.0,call,2027-09-17,1.0602739726027397,764.260009765625,12.219999999999999,0.0032733224222586685,0.14746411032591775,0.1690268855131181
910.0,11.18,11.36,0.1656501282501221,143,33.0,call,2027-09-17,1.0602739726027397,764.260009765625,11.27,0.01597160603371781,0.14657790543127167,0.17453654132408777
915.0,10.4,10.45,0.16433788551330566,415,1.0,call,2027-09-17,1.0602739726027397,764.260009765625,10.425,0.004796163069544262,0.14594029099427347,0.18001600708871346
920.0,9.59,9.64,0.16329266891479494,146,28.0,call,2027-09-17,1.0602739726027397,764.260009765625,9.615,0.005200208008320406,0.14523313733472124,0.18546561185627802
925.0,8.84,8.88,0.16225508163452146,413,175.0,call,2027-09-17,1.0602739726027397,764.260009765625,8.86,0.004514672686230353,0.14456237986370654,0.1908856793256173
930.0,8.13,8.18,0.161316675491333,838,2.0,call,2027-09-17,1.0602739726027397,764.260009765625,8.155000000000001,0.006131207847945914,0.14391439181027127,0.19627652796049364
935.0,7.47,7.52,0.16036301071166992,115,1.0,call,2027-09-17,1.0602739726027397,764.260009765625,7.494999999999999,0.006671114076050678,0.14327321217389843,0.2016384711018791
940.0,6.8,6.95,0.15972214797973633,2408,2.0,call,2027-09-17,1.0602739726027397,764.260009765625,6.875,0.02181818181818187,0.14261993805437684,0.2069718170772416
945.0,6.24,6.38,0.1588524057006836,1123,33.0,call,2027-09-17,1.0602739726027397,764.260009765625,6.3100000000000005,0.02218700475435811,0.14205858127264948,0.21227686930693485
950.0,5.75,5.8,0.15766223205566404,1821,2.0,call,2027-09-17,1.0602739726027397,764.260009765625,5.775,0.008658008658008627,0.14144830654659257,0.21755392640777851
955.0,5.28,5.31,0.1568382656860352,538,7.0,call,2027-09-17,1.0602739726027397,764.260009765625,5.295,0.005665722379603279,0.14096803929760565,0.22280328229392232
960.0,4.79,4.92,0.156533092956543,347,6.0,call,2027-09-17,1.0602739726027397,764.260009765625,4.855,0.026776519052523148,0.14054058211888681,0.2280252262750739
965.0,4.41,4.45,0.15538869522094728,919,250.0,call,2027-09-17,1.0602739726027397,764.260009765625,4.43,0.009029345372460505,0.13999322315259619,0.233220043152178
970.0,4.03,4.06,0.15462576339721684,277,10.0,call,2027-09-17,1.0602739726027397,764.260009765625,4.045,0.007416563658837914,0.13952334937236696,0.23838801331062048
975.0,3.69,3.73,0.15415274566650394,707,20.0,call,2027-09-17,1.0602739726027397,764.260009765625,3.71,0.010781671159029659,0.13924490555290092,0.24352941281103924
980.0,3.36,3.39,0.15338981384277345,3403,18.0,call,2027-09-17,1.0602739726027397,764.260009765625,3.375,0.008888888888888962,0.138746908811245,0.24864451347780958
985.0,3.06,3.09,0.15274895111083986,6223,1.0,call,2027-09-17,1.0602739726027397,764.260009765625,3.075,0.009756097560975546,0.13834321619988724,0.2537335829852809
990.0,2.8,2.84,0.1524437783813477,4785,3.0,call,2027-09-17,1.0602739726027397,764.260009765625,2.82,0.014184397163120581,0.13816967803813224,0.25879688494182773
995.0,2.56,2.58,0.15180291564941406,3084,141.0,call,2027-09-17,1.0602739726027397,764.260009765625,2.5700000000000003,0.007782101167315181,0.13784550258872755,0.2638346789717848
1000.0,2.34,2.36,0.15140619110107423,3749,4.0,call,2027-09-17,1.0602739726027397,764.260009765625,2.3499999999999996,0.00851063829787235,0.13764668503692007,0.2688472207953292
1005.0,2.13,2.16,0.15105524246215823,3464,1.0,call,2027-09-17,1.0602739726027397,764.260009765625,2.145,0.013986013986014102,0.13742644980531904,0.27383476230636816
1010.0,1.95,1.97,0.1506432592773438,4821,2.0,call,2027-09-17,1.0602739726027397,764.260009765625,1.96,0.01020408163265307,0.13726058383584824,0.27879755164849723
1015.0,1.79,1.81,0.15046015563964849,2117,36.0,call,2027-09-17,1.0602739726027397,764.260009765625,1.8,0.01111111111111112,0.13724404790391675,0.2837358332890797
1020.0,1.64,1.66,0.15024653472900396,4416,2.0,call,2027-09-17,1.0602739726027397,764.260009765625,1.65,0.012121212121212133,0.13719656373607972,0.28864984809150884
1025.0,1.5,1.53,0.1501855001831055,1288,3.0,call,2027-09-17,1.0602739726027397,764.260009765625,1.5150000000000001,0.01980198019801982,0.13720406214360545,0.29353983338570055
1030.0,1.37,1.39,0.14978877563476564,1319,1.0,call,2027-09-17,1.0602739726027397,764.260009765625,1.38,0.014492753623188259,0.13703809466723293,0.2984060230368735
1035.0,1.26,1.28,0.14972774108886722,268,1.0,call,2027-09-17,1.0602739726027397,764.260009765625,1.27,0.015748031496063006,0.13712574434252853,0.30324864751266145
1040.0,1.17,1.19,0.14991084472656252,630,1.0,call,2027-09-17,1.0602739726027397,764.260009765625,1.18,0.0169491525423729,0.1374346172493476,0.30806793394861043
1045.0,1.07,1.09,0.14975825836181644,515,1.0,call,2027-09-17,1.0602739726027397,764.260009765625,1.08,0.018518518518518535,0.13741298442720803,0.31286410621210337
1050.0,0.99,1.0,0.14966670654296876,587,38.0,call,2027-09-17,1.0602739726027397,764.260009765625,0.995,0.010050251256281416,0.13754383439305973,0.3176373849647611
1055.0,0.91,0.93,0.14984981018066407,892,1.0,call,2027-09-17,1.0602739726027397,764.260009765625,0.92,0.021739130434782625,0.13775535747674167,0.32238798772335886
1060.0,0.85,0.86,0.14994136199951175,885,2.0,call,2027-09-17,1.0602739726027397,764.260009765625,0.855,0.01169590643274855,0.13807366965360018,0.32711612891930486
1065.0,0.79,0.8,0.15015498291015628,203,1.0,call,2027-09-17,1.0602739726027397,764.260009765625,0.795,0.012578616352201269,0.13840023636410442,0.3318220199567176
1070.0,0.73,0.74,0.15027705200195315,900,2.0,call,2027-09-17,1.0602739726027397,764.260009765625,0.735,0.01360544217687076,0.13861027269537637,0.3365058692691439
1075.0,0.68,0.7,0.1508263629150391,24,2.0,call,2027-09-17,1.0602739726027397,764.260009765625,0.69,0.02898550724637668,0.13912172838647524,0.34116788237495527
1080.0,0.64,0.65,0.15100946655273442,211,10.0,call,2027-09-17,1.0602739726027397,764.260009765625,0.645,0.015503875968992262,0.13954245841102184,0.3458082619314574
1085.0,0.6,0.61,0.15137567382812503,45,1.0,call,2027-09-17,1.0602739726027397,764.260009765625,0.605,0.016528925619834725,0.14002311869978284,0.35042720778775205
1090.0,0.56,0.58,0.15204705383300782,2566,3.0,call,2027-09-17,1.0602739726027397,764.260009765625,0.5700000000000001,0.035087719298245446,0.14058058098302703,0.3550249170363814
1100.0,0.5,0.51,0.15277946838378909,943,2.0,call,2027-09-17,1.0602739726027397,764.260009765625,0.505,0.01980198019801982,0.14163381655670312,0.3641574005996539
1110.0,0.44,0.5,0.1555870574951172,4952,11.0,call,2027-09-17,1.0602739726027397,764.260009765625,0.47,0.1276595744680851,0.14355649912542015,0.3732072361195718
1120.0,0.39,0.45,0.15668567932128907,389,1.0,call,2027-09-17,1.0602739726027397,764.260009765625,0.42000000000000004,0.14285714285714285,0.14468314582867803,0.3821759061023322
1130.0,0.35,0.42,0.15845568115234376,16,1.0,call,2027-09-17,1.0602739726027397,764.260009765625,0.385,0.18181818181818182,0.14622982638777793,0.39106485351957826
1140.0,0.33,0.34,0.15747912841796874,159,200.0,call,2027-09-17,1.0602739726027397,764.260009765625,0.335,0.02985074626865674,0.1468134030233101,0.3998754832017333
1150.0,0.3,0.32,0.15931016479492188,725,2.0,call,2027-09-17,1.0602739726027397,764.260009765625,0.31,0.06451612903225812,0.1484433732409542,0.40860916317048784
1160.0,0.28,0.29,0.16040878662109376,202,3.0,call,2027-09-17,1.0602739726027397,764.260009765625,0.28500000000000003,0.035087719298245446,0.1499161804120808,0.41726722591360244
1180.0,0.23,0.25,0.16333844482421878,197,1.0,call,2027-09-17,1.0602739726027397,764.260009765625,0.24,0.0833333333333333,0.15267758095293568,0.43436165927290254
1200.0,0.2,0.21,0.16577982666015628,42,1.0,call,2027-09-17,1.0602739726027397,764.260009765625,0.20500000000000002,0.04878048780487795,0.1555247597001673,0.45116877758928375
1210.0,0.18,0.2,0.16748879394531252,81,1.0,call,2027-09-17,1.0602739726027397,764.260009765625,0.19,0.10526315789473693,0.15693942213276077,0.45946758040397884
1230.0,0.15,0.17,0.16993017578125003,98,1.0,call,2027-09-17,1.0602739726027397,764.260009765625,0.16,0.1250000000000001,0.15934049338195527,0.47586139017965523
1270.0,0.11,0.13,0.1753012158203125,26,5.0,call,2027-09-17,1.0602739726027397,764.260009765625,0.12,0.1666666666666667,0.16466094744534496,0.5078641212658289
1280.0,0.1,0.12,0.17627776855468752,22,7.0,call,2027-09-17,1.0602739726027397,764.260009765625,0.11,0.18181818181818174,0.16567783771067304,0.5157072987268548
1300.0,0.09,0.1,0.17774259765625,298,1.0,call,2027-09-17,1.0602739726027397,764.260009765625,0.095,0.10526315789473693,0.16805862350152292,0.5312114852628202
1310.0,0.08,0.1,0.1801839794921875,44,2.0,call,2027-09-17,1.0602739726027397,764.260009765625,0.09,0.22222222222222227,0.1695037927338184,0.5388743580083893
1390.0,0.05,0.06,0.1889729541015625,12,6.0,call,2027-09-17,1.0602739726027397,764.260009765625,0.055,0.18181818181818174,0.179204866561716,0.5981509679379294
115.0,0.13,0.15,0.6533237792968751,10,,put,2027-09-17,1.0602739726027397,764.260009765625,0.14,0.14285714285714277,0.6663998229949685,-1.893975929823558
120.0,0.15,0.16,0.6455113574218749,35,10.0,put,2027-09-17,1.0602739726027397,764.260009765625,0.155,0.06451612903225812,0.6580896078699139,-1.851416315404762
125.0,0.17,0.18,0.63867548828125,30,10.0,put,2027-09-17,1.0602739726027397,764.260009765625,0.175,0.05714285714285704,0.6515687538746563,-1.8105943208845068
130.0,0.18,0.19,0.6284216845703126,170,10.0,put,2027-09-17,1.0602739726027397,764.260009765625,0.185,0.054054054054054106,0.6412574941014364,-1.7713736077312254
135.0,0.21,0.23,0.6259803027343751,105,66.0,put,2027-09-17,1.0602739726027397,764.260009765625,0.22,0.090909090909091,0.639073026316742,-1.7336332797483784
140.0,0.23,0.24,0.6171913281250001,97,4.0,put,2027-09-17,1.0602739726027397,764.260009765625,0.235,0.042553191489361625,0.6302719933535987,-1.6972656355775038
145.0,0.25,0.26,0.6098671826171876,70,50.0,put,2027-09-17,1.0602739726027397,764.260009765625,0.255,0.03921568627450984,0.6228948751772224,-1.6621743157662334
150.0,0.26,0.27,0.5998575170898439,21,1.0,put,2027-09-17,1.0602739726027397,764.260009765625,0.265,0.03773584905660381,0.6130335737652273,-1.628272764090552
160.0,0.31,0.32,0.5874064697265625,26,1.0,put,2027-09-17,1.0602739726027397,764.260009765625,0.315,0.03174603174603177,0.6006041005444803,-1.563734242952981
170.0,0.36,0.37,0.5742230078125,13,6.0,put,2027-09-17,1.0602739726027397,764.260009765625,0.365,0.02739726027397263,0.5876886101365055,-1.5031096211365462
190.0,0.48,0.49,0.5505416040039064,66,30.0,put,2027-09-17,1.0602739726027397,764.260009765625,0.485,0.020618556701030948,0.5642405737843197,-1.391883986026322
200.0,0.54,0.55,0.5383346948242189,166,2.0,put,2027-09-17,1.0602739726027397,764.260009765625,0.545,0.018348623853211024,0.5521422595765386,-1.3405906916387713
205.0,0.75,0.77,0.5510298803710938,20,,put,2027-09-17,1.0602739726027397,764.260009765625,0.76,0.026315789473684233,0.5655707511811944,-1.3158980790483998
215.0,0.65,0.66,0.5219774365234374,10,10.0,put,2027-09-17,1.0602739726027397,764.260009765625,0.655,0.015267175572519097,0.5360147818818625,-1.2682700300591452
220.0,0.69,0.7,0.516606396484375,204,1.0,put,2027-09-17,1.0602739726027397,764.260009765625,0.695,0.014388489208633108,0.530850213206949,-1.2452805118344463
225.0,0.72,0.74,0.5109912182617188,31,21.0,put,2027-09-17,1.0602739726027397,764.260009765625,0.73,0.02739726027397263,0.525160668772165,-1.2228076559823877
240.0,0.88,0.89,0.4979298254394532,70,133.0,put,2027-09-17,1.0602739726027397,764.260009765625,0.885,0.011299435028248598,0.5120484487125173,-1.1582691348448166
250.0,0.93,0.95,0.4854787780761719,36,11.0,put,2027-09-17,1.0602739726027397,764.260009765625,0.94,0.021276595744680753,0.4993584554966868,-1.1174471403245614
260.0,1.03,1.04,0.47522497436523436,54,30.0,put,2027-09-17,1.0602739726027397,764.260009765625,1.0350000000000001,0.009661835748792277,0.48961110535240016,-1.0782264271712803
275.0,1.17,1.19,0.46057668334960944,19,3.0,put,2027-09-17,1.0602739726027397,764.260009765625,1.18,0.0169491525423729,0.4749324039707927,-1.0221369605202366
300.0,1.45,1.46,0.4368952795410156,427,4.0,put,2027-09-17,1.0602739726027397,764.260009765625,1.455,0.006872852233676982,0.45183817941704096,-0.9351255835306069
305.0,1.56,1.57,0.4345149322509766,150,120.0,put,2027-09-17,1.0602739726027397,764.260009765625,1.565,0.006389776357827482,0.44959896821608736,-0.9185962815793963
310.0,1.62,1.64,0.43030354858398445,76,1.0,put,2027-09-17,1.0602739726027397,764.260009765625,1.63,0.012269938650306624,0.4452471155074472,-0.902335760707616
320.0,2.38,2.4,0.44275459594726563,73,54.0,put,2027-09-17,1.0602739726027397,764.260009765625,2.3899999999999997,0.008368200836820092,0.45873343131237426,-0.8705870623930357
325.0,1.77,1.79,0.4151669812011719,25,10.0,put,2027-09-17,1.0602739726027397,764.260009765625,1.78,0.011235955056179785,0.43032735637837627,-0.8550828758570704
330.0,1.82,1.9,0.4122983575439453,28,11.0,put,2027-09-17,1.0602739726027397,764.260009765625,1.8599999999999999,0.04301075268817196,0.42649658406082364,-0.8398154037262819
335.0,1.91,1.92,0.4062559375,12,2.0,put,2027-09-17,1.0602739726027397,764.260009765625,1.915,0.005221932114882511,0.42172614067856534,-0.8247775263617415
340.0,1.99,2.0,0.40228869201660156,20,10.0,put,2027-09-17,1.0602739726027397,764.260009765625,1.995,0.005012531328320806,0.4178235749893926,-0.8099624405766008
345.0,2.07,2.08,0.39826041198730466,10,4.0,put,2027-09-17,1.0602739726027397,764.260009765625,2.075,0.0048192771084338455,0.41387612505377946,-0.7953636411554482
350.0,2.15,2.16,0.39417109741210943,334,2.0,put,2027-09-17,1.0602739726027397,764.260009765625,2.1550000000000002,0.004640371229698482,0.4098897029744152,-0.7809749037033487
355.0,2.22,2.24,0.3900817828369141,307,2.0,put,2027-09-17,1.0602739726027397,764.260009765625,2.2300000000000004,0.008968609865470859,0.40571685249680645,-0.7667902687113922
360.0,2.31,2.32,0.3859314337158203,84,8.0,put,2027-09-17,1.0602739726027397,764.260009765625,2.315,0.004319654427645697,0.4018201455200282,-0.7528040267366523
365.0,2.46,2.48,0.38397832824707034,27,2.0,put,2027-09-17,1.0602739726027397,764.260009765625,2.4699999999999998,0.008097165991902843,0.39986094693622753,-0.7390107046043164
370.0,2.48,2.49,0.3779053909301757,18,1.0,put,2027-09-17,1.0602739726027397,764.260009765625,2.4850000000000003,0.004024144869215384,0.393924595461262,-0.7254050525485378
375.0,2.56,2.58,0.3739686627197265,74,1.0,put,2027-09-17,1.0602739726027397,764.260009765625,2.5700000000000003,0.007782101167315181,0.38993421848001075,-0.7119820322163971
380.0,2.67,2.68,0.3702455554199219,107,1.0,put,2027-09-17,1.0602739726027397,764.260009765625,2.675,0.0037383177570094323,0.386432966831148,-0.6987368054663765
385.0,2.76,2.77,0.366217275390625,194,60.0,put,2027-09-17,1.0602739726027397,764.260009765625,2.7649999999999997,0.003616636528029017,0.382506182883627,-0.6856647238990238
390.0,2.85,2.87,0.3624331335449219,65,1.0,put,2027-09-17,1.0602739726027397,764.260009765625,2.8600000000000003,0.006993006993006998,0.37867455639575537,-0.6727613190631159
395.0,2.95,2.97,0.35858795715332037,49,4.0,put,2027-09-17,1.0602739726027397,764.260009765625,2.96,0.006756756756756763,0.3749295637757747,-0.6600222932856862
400.0,3.06,3.07,0.35474278076171867,747,5.0,put,2027-09-17,1.0602739726027397,764.260009765625,3.065,0.0032626427406198324,0.37126326899564016,-0.647443511078826
405.0,3.17,3.18,0.35108070800781244,22,2.0,put,2027-09-17,1.0602739726027397,764.260009765625,3.175,0.0031496062992126712,0.3676683000875333,-0.6350209910802689
410.0,3.28,3.3,0.34754070434570306,77,1.0,put,2027-09-17,1.0602739726027397,764.260009765625,3.29,0.0060790273556231055,0.36413782402124983,-0.6227508984884546
415.0,3.4,3.42,0.34397018341064456,39,1.0,put,2027-09-17,1.0602739726027397,764.260009765625,3.41,0.005865102639296193,0.36066551760837867,-0.6106295379561097
420.0,3.51,3.53,0.34015552429199214,197,1.0,put,2027-09-17,1.0602739726027397,764.260009765625,3.5199999999999996,0.005681818181818187,0.3569521955615638,-0.5986533469093939
425.0,3.63,3.66,0.33670707244873044,171,3.0,put,2027-09-17,1.0602739726027397,764.260009765625,3.645,0.008230452674897188,0.3534942332399657,-0.586818889262391
430.0,3.76,3.79,0.3331975860595704,218,1.0,put,2027-09-17,1.0602739726027397,764.260009765625,3.775,0.007947019867549735,0.3500840960924352,-0.5751228494991998
435.0,3.9,3.92,0.3296270651245117,72,2.0,put,2027-09-17,1.0602739726027397,764.260009765625,3.91,0.005115089514066501,0.3467168707483148,-0.5635620270981238
440.0,4.03,4.06,0.32617861328125,223,1.0,put,2027-09-17,1.0602739726027397,764.260009765625,4.045,0.007416563658837914,0.34330218927650347,-0.552133331274501
445.0,4.17,4.2,0.32269964416503893,45,60.0,put,2027-09-17,1.0602739726027397,764.260009765625,4.1850000000000005,0.007168458781362066,0.3399271495122806,-0.5408337760205677
450.0,4.33,4.35,0.3193427441406249,193,2.0,put,2027-09-17,1.0602739726027397,764.260009765625,4.34,0.004608294930875478,0.3367485428144535,-0.5296604754224425
455.0,4.48,4.5,0.31592480957031244,226,1.0,put,2027-09-17,1.0602739726027397,764.260009765625,4.49,0.004454342984409705,0.3334355393227627,-0.5186106392358575
460.0,4.64,4.66,0.31259842681884764,1400,5.0,put,2027-09-17,1.0602739726027397,764.260009765625,4.65,0.004301075268817303,0.3302262082266079,-0.5076815687036673
465.0,4.8,4.83,0.3093635958862304,48,1.0,put,2027-09-17,1.0602739726027397,764.260009765625,4.8149999999999995,0.006230529595015628,0.32703704165267106,-0.4968706525994517
470.0,4.98,5.0,0.30606773040771484,443,1.0,put,2027-09-17,1.0602739726027397,764.260009765625,4.99,0.004008016032064043,0.32393600160266367,-0.48617536348270374
475.0,5.14,5.17,0.3027108303833008,47,1.0,put,2027-09-17,1.0602739726027397,764.260009765625,5.154999999999999,0.005819592628516053,0.320639502722136,-0.4755932541521668
480.0,5.34,5.36,0.2995675512695312,113,2.0,put,2027-09-17,1.0602739726027397,764.260009765625,5.35,0.0037383177570094323,0.31769629803334754,-0.4651219542848714
485.0,5.52,5.56,0.2964853067016602,86,1.0,put,2027-09-17,1.0602739726027397,764.260009765625,5.539999999999999,0.007220216606498202,0.31462195616544925,-0.4547591672493248
490.0,5.72,5.76,0.2933420275878905,100,2.0,put,2027-09-17,1.0602739726027397,764.260009765625,5.74,0.0069686411149825845,0.31161426022933547,-0.44450266708213576
495.0,5.94,5.96,0.29013771392822263,203,132.0,put,2027-09-17,1.0602739726027397,764.260009765625,5.95,0.0033613445378150543,0.30866575880279756,-0.43435029561811755
500.0,6.14,6.17,0.2869944348144531,554,77.0,put,2027-09-17,1.0602739726027397,764.260009765625,6.154999999999999,0.004874086108854631,0.3055936716387728,-0.42429995976461615
505.0,6.36,6.4,0.28400374206542955,64,1.0,put,2027-09-17,1.0602739726027397,764.260009765625,6.380000000000001,0.006269592476489033,0.30269188654533563,-0.41434962891144805
510.0,6.61,6.64,0.28104356658935536,69,28.0,put,2027-09-17,1.0602739726027397,764.260009765625,6.625,0.004528301886792356,0.29994347281132727,-0.40449733246843644
515.0,6.85,6.88,0.27802235656738283,333,3.0,put,2027-09-17,1.0602739726027397,764.260009765625,6.865,0.004369992716678842,0.2970656163621669,-0.39474115752307176
520.0,7.1,7.13,0.27503166381835936,316,1.0,put,2027-09-17,1.0602739726027397,764.260009765625,7.115,0.004216444132115285,0.2942233256305989,-0.3850792466113349
525.0,7.37,7.41,0.2722393333435058,200,1.0,put,2027-09-17,1.0602739726027397,764.260009765625,7.390000000000001,0.005412719891745607,0.2915622051563883,-0.3755097955951842
530.0,7.65,7.68,0.26929441650390623,309,2.0,put,2027-09-17,1.0602739726027397,764.260009765625,7.665,0.0039138943248531455,0.2888204370843482,-0.3660310516406404
535.0,7.93,7.96,0.26634949966430665,1630,1.0,put,2027-09-17,1.0602739726027397,764.260009765625,7.945,0.0037759597230963182,0.28605014851804006,-0.3566413112908014
540.0,8.22,8.25,0.26341984146118164,1128,13.0,put,2027-09-17,1.0602739726027397,764.260009765625,8.235,0.0036429872495445494,0.28329748249261494,-0.3473389186284879
545.0,8.54,8.57,0.2606732868957519,307,20.0,put,2027-09-17,1.0602739726027397,764.260009765625,8.555,0.003506721215663488,0.2807366712434314,-0.3381222635235639
550.0,8.85,8.89,0.25785043914794925,1145,5.0,put,2027-09-17,1.0602739726027397,764.260009765625,8.870000000000001,0.004509582863585222,0.27804627996169073,-0.3289897799602914
555.0,9.19,9.23,0.25508862594604503,3464,1.0,put,2027-09-17,1.0602739726027397,764.260009765625,9.21,0.004343105320304117,0.27548647876177373,-0.3199399444403735
560.0,9.53,9.57,0.25225051956176753,372,20.0,put,2027-09-17,1.0602739726027397,764.260009765625,9.55,0.004188481675392767,0.2728399700926738,-0.3109712744576131
565.0,9.9,9.94,0.2495497409057617,374,19.0,put,2027-09-17,1.0602739726027397,764.260009765625,9.92,0.004032258064516043,0.27034864482510007,-0.3020823270403671
570.0,10.28,10.32,0.24683370361328127,410,10.0,put,2027-09-17,1.0602739726027397,764.260009765625,10.3,0.0038834951456311576,0.2678429955736503,-0.29327169735821207
575.0,10.67,10.71,0.24410240768432617,911,7.0,put,2027-09-17,1.0602739726027397,764.260009765625,10.690000000000001,0.0037418147801684676,0.2653213299157863,-0.28453801738945744
580.0,11.06,11.11,0.24134059448242187,911,1.0,put,2027-09-17,1.0602739726027397,764.260009765625,11.085,0.004510599909787905,0.2627458101121868,-0.2758799546463429
585.0,11.49,11.54,0.2386855917358398,606,2.0,put,2027-09-17,1.0602739726027397,764.260009765625,11.515,0.004342162396873551,0.2603293604576294,-0.26729621095495143
590.0,11.92,11.97,0.23593903717041015,946,1.0,put,2027-09-17,1.0602739726027397,764.260009765625,11.945,0.0041858518208456015,0.25781606691346787,-0.2587855212870428
595.0,12.38,12.43,0.23329166374206542,566,10.0,put,2027-09-17,1.0602739726027397,764.260009765625,12.405000000000001,0.004030632809350982,0.25541056293032066,-0.25034665264117817
600.0,12.85,12.91,0.2306595489501953,2796,301.0,put,2027-09-17,1.0602739726027397,764.260009765625,12.879999999999999,0.004658385093167741,0.2530037071101383,-0.24197840297066156
605.0,13.35,13.4,0.22798928756713865,1078,2.0,put,2027-09-17,1.0602739726027397,764.260009765625,13.375,0.003738317757009399,0.25062381264039424,-0.23367960015596648
610.0,13.86,13.91,0.22533428482055662,480,1.0,put,2027-09-17,1.0602739726027397,764.260009765625,13.885,0.0036010082823191005,0.24823465501229655,-0.22544910101945104
615.0,14.38,14.44,0.22267928207397458,565,2.0,put,2027-09-17,1.0602739726027397,764.260009765625,14.41,0.00416377515614148,0.24583349524559955,-0.21728579038029008
620.0,14.93,14.99,0.22003953796386716,1111,10.0,put,2027-09-17,1.0602739726027397,764.260009765625,14.96,0.004010695187165809,0.2434759690618753,-0.20918858014767075
625.0,15.52,15.57,0.21744556976318358,685,14.0,put,2027-09-17,1.0602739726027397,764.260009765625,15.545,0.0032164683177871157,0.24121186312824486,-0.2011564084504065
630.0,16.1,16.17,0.2148439722442627,401,1.0,put,2027-09-17,1.0602739726027397,764.260009765625,16.135,0.004338394793926265,0.23886456939237505,-0.19318823880122962
635.0,16.68,16.82,0.21237970245361326,218,2.0,put,2027-09-17,1.0602739726027397,764.260009765625,16.75,0.008358208955223915,0.23654429657523268,-0.18528305929411634
640.0,17.32,17.44,0.20964840652465816,263,8.0,put,2027-09-17,1.0602739726027397,764.260009765625,17.380000000000003,0.006904487917146201,0.23419266713819517,-0.17743988183309048
645.0,17.99,18.14,0.20718413673400873,258,20.0,put,2027-09-17,1.0602739726027397,764.260009765625,18.064999999999998,0.008303349017437152,0.2320132207223737,-0.1696577413910354
650.0,18.73,18.79,0.204361288986206,1128,4.0,put,2027-09-17,1.0602739726027397,764.260009765625,18.759999999999998,0.0031982942430702948,0.22976437137602868,-0.1619356952971251
655.0,19.45,19.52,0.20179020874023437,255,4.0,put,2027-09-17,1.0602739726027397,764.260009765625,19.485,0.003592507056710305,0.22754466036828064,-0.154272822551556
660.0,20.19,20.27,0.19918098190307615,5192,7.0,put,2027-09-17,1.0602739726027397,764.260009765625,20.23,0.00395452298566477,0.22530017868851646,-0.14666822316633668
665.0,20.93,21.05,0.19657938438415526,145,1.0,put,2027-09-17,1.0602739726027397,764.260009765625,20.990000000000002,0.005717008099094854,0.22300505021029957,-0.1391210175309538
670.0,21.77,21.84,0.19388623504638675,596,39.0,put,2027-09-17,1.0602739726027397,764.260009765625,21.805,0.0032102728731942345,0.22084083997920617,-0.1316303458017962
675.0,22.61,22.69,0.19130752548217772,3346,3206.0,put,2027-09-17,1.0602739726027397,764.260009765625,22.65,0.003532008830022157,0.21868304468357608,-0.12419536731427812
680.0,23.47,23.57,0.18871355728149414,340,6.0,put,2027-09-17,1.0602739726027397,764.260009765625,23.52,0.004251700680272169,0.21650496755660226,-0.11681526001665557
685.0,24.38,24.46,0.18602040794372557,1076,2.0,put,2027-09-17,1.0602739726027397,764.260009765625,24.42,0.0032760032760033512,0.2143247301780343,-0.10948921992458267
690.0,25.31,25.4,0.18338066383361815,1202,15.0,put,2027-09-17,1.0602739726027397,764.260009765625,25.354999999999997,0.0035495957404851064,0.21215880201421242,-0.10221646059550289
695.0,26.28,26.37,0.1807027731323242,614,34.0,put,2027-09-17,1.0602739726027397,764.260009765625,26.325000000000003,0.003418803418803413,0.2100016467157707,-0.09499621262201584
700.0,27.3,27.39,0.17806302902221682,2552,5.0,put,2027-09-17,1.0602739726027397,764.260009765625,27.345,0.0032912781130005433,0.20790839832720634,-0.08782772314340331
705.0,28.32,28.5,0.1755911299133301,640,3.0,put,2027-09-17,1.0602739726027397,764.260009765625,28.41,0.006335797254487846,0.2058508767261312,-0.08071025537453934
710.0,29.41,29.55,0.17273776489257814,866,3.0,put,2027-09-17,1.0602739726027397,764.260009765625,29.48,0.004748982360922679,0.20366707772695763,-0.07364308815144689
715.0,30.54,30.69,0.17003698623657232,1252,14.0,put,2027-09-17,1.0602739726027397,764.260009765625,30.615000000000002,0.0048995590396864975,0.20158743688551162,-0.06662551549280035
720.0,31.75,31.85,0.16724084110260012,421,15.0,put,2027-09-17,1.0602739726027397,764.260009765625,31.8,0.003144654088050359,0.19954536862948508,-0.0596568461767069
725.0,32.96,33.07,0.16446758392333982,4577,37.0,put,2027-09-17,1.0602739726027397,764.260009765625,33.015,0.003331818870210493,0.1974602138323744,-0.05273640333213312
730.0,34.22,34.44,0.16202620208740232,794,7.0,put,2027-09-17,1.0602739726027397,764.260009765625,34.33,0.006408389163996471,0.19558304853177824,-0.04586352404437109
735.0,35.54,35.76,0.1592109836578369,1378,2.0,put,2027-09-17,1.0602739726027397,764.260009765625,35.65,0.00617110799438987,0.19355958286445935,-0.03903755897397124
740.0,36.94,37.06,0.15613636840820314,612,3.0,put,2027-09-17,1.0602739726027397,764.260009765625,37.0,0.0032432432432433662,0.1914791524995565,-0.032257871988592486
745.0,38.36,38.49,0.1532830033874512,230,30.0,put,2027-09-17,1.0602739726027397,764.260009765625,38.425,0.00338321405335075,0.1894954399024938,-0.025523839807248417
750.0,39.88,40.01,0.15049830223083502,476,3.0,put,2027-09-17,1.0602739726027397,764.260009765625,39.945,0.0032544749029914995,0.1876682840797831,-0.018834851656451816
755.0,41.43,41.57,0.1476220492553711,191,4.0,put,2027-09-17,1.0602739726027397,764.260009765625,41.5,0.0033734939759036283,0.18578300009762477,-0.012190308937783244
760.0,43.07,43.2,0.1447229083251953,318,11.0,put,2027-09-17,1.0602739726027397,764.260009765625,43.135000000000005,0.003013793902863163,0.18398792668310707,-0.005589624906431192
765.0,44.77,44.91,0.1418313967132568,743,137.0,put,2027-09-17,1.0602739726027397,764.260009765625,44.84,0.0031222123104369635,0.18224207426709302,0.0009677756397279868
770.0,46.53,46.7,0.13893225578308108,5421,11.0,put,2027-09-17,1.0602739726027397,764.260009765625,46.615,0.0036468947763595772,0.18053934849725262,0.007482456660921564
775.0,48.4,48.57,0.13600259757995606,1207,3.0,put,2027-09-17,1.0602739726027397,764.260009765625,48.485,0.003506239043003026,0.17895621404209688,0.013954971166539128
780.0,50.35,50.52,0.1330347927856445,562,22.0,put,2027-09-17,1.0602739726027397,764.260009765625,50.435,0.0033706751264003507,0.17743700466119733,0.020385861496829437
785.0,52.4,52.58,0.1301051345825195,812,20.0,put,2027-09-17,1.0602739726027397,764.260009765625,52.489999999999995,0.003429224614212226,0.17605793095837838,0.026775659595600552
790.0,54.53,54.72,0.12709918319702146,518,120.0,put,2027-09-17,1.0602739726027397,764.260009765625,54.625,0.003478260869565176,0.1747327904621024,0.033124887274259184
795.0,56.78,56.97,0.12408941715240479,909,20.0,put,2027-09-17,1.0602739726027397,764.260009765625,56.875,0.003340659340659301,0.17357110838916434,0.039434056467524
800.0,59.1,59.31,0.12099572860717775,2647,823.0,put,2027-09-17,1.0602739726027397,764.260009765625,59.205,0.0035469977197871948,0.17245668437822992,0.045703669481119286
805.0,61.47,61.92,0.11840938972473145,4901,2.0,put,2027-09-17,1.0602739726027397,764.260009765625,61.695,0.007293946024799463,0.1716457601987174,0.05193421923175546
810.0,64.03,64.49,0.11525085197448731,204,5.0,put,2027-09-17,1.0602739726027397,764.260009765625,64.25999999999999,0.007158418923124709,0.17086347568995794,0.058126189479676425
815.0,66.73,67.18,0.11204653831481931,3436,4.0,put,2027-09-17,1.0602739726027397,764.260009765625,66.95500000000001,0.006720931969233108,0.17028821727136062,0.06428005505405478
820.0,69.61,69.83,0.10815558601379394,1942,4.0,put,2027-09-17,1.0602739726027397,764.260009765625,69.72,0.0031554790590935006,0.16972749867300052,0.07039628207149076
825.0,71.2,74.22,0.11039097625732422,2554,4.0,put,2027-09-17,1.0602739726027397,764.260009765625,72.71000000000001,0.04153486453032589,0.16969002867932703,0.07647532814787304
830.0,74.0,77.4,0.10761390441894532,2183,2.0,put,2027-09-17,1.0602739726027397,764.260009765625,75.7,0.0449141347424043,0.1694466504931736,0.08251764260383555
835.0,77.06,81.5,0.10812506874084471,440,22.0,put,2027-09-17,1.0602739726027397,764.260009765625,79.28,0.05600403632694245,0.17095358838501554,0.08852366666404753
840.0,80.17,84.89,0.10524118644714356,1510,820.0,put,2027-09-17,1.0602739726027397,764.260009765625,82.53,0.05719132436689687,0.1711811484281062,0.09449383365055145
845.0,83.51,88.45,0.10248700256347655,3210,2.0,put,2027-09-17,1.0602739726027397,764.260009765625,85.98,0.05745522214468478,0.17189068589841994,0.10042856917036588
850.0,87.17,92.0,0.09895462821960449,11951,6.0,put,2027-09-17,1.0602739726027397,764.260009765625,89.58500000000001,0.05391527599486519,0.1729481497774632,0.10632829129755426
855.0,91.0,95.93,0.09664294479370117,1201,4.0,put,2027-09-17,1.0602739726027397,764.260009765625,93.465,0.05274701760017126,0.17478301078751,0.11219341074995223
860.0,95.14,100.0,0.09443044250488282,38,5.0,put,2027-09-17,1.0602739726027397,764.260009765625,97.57,0.04981039253869017,0.17725159546382444,0.11802433106074553
865.0,99.5,104.36,0.09343863113403322,12,2.0,put,2027-09-17,1.0602739726027397,764.260009765625,101.93,0.04767978024134209,0.18048408956093231,0.12382144874507132
900.0,132.66,137.5,0.09754320434570313,16,3.0,put,2027-09-17,1.0602739726027397,764.260009765625,135.07999999999998,0.03583061889250817,0.20999409061974333,0.16348670513750282
200.0,565.39,570.0,0.6122475299072268,290,20.0,call,2028-01-21,1.4054794520547946,764.260009765625,567.6949999999999,0.0081205576938321,0.672526644298776,-1.3405906916387713
350.0,427.55,432.0,0.5235795933532714,34,1.0,call,2028-01-21,1.4054794520547946,764.260009765625,429.775,0.010354255133500061,0.4687888497162593,-0.7809749037033487
365.0,413.83,418.5,0.512150874633789,10,10.0,call,2028-01-21,1.4054794520547946,764.260009765625,416.16499999999996,0.011221510698881493,0.45449789752796405,-0.7390107046043164
400.0,381.93,386.5,0.49974560317993166,118,1.0,call,2028-01-21,1.4054794520547946,764.260009765625,384.21500000000003,0.011894382051715818,0.4197851167017083,-0.647443511078826
420.0,362.79,367.5,0.4764304066467285,21,1.0,call,2028-01-21,1.4054794520547946,764.260009765625,365.145,0.012898985334593051,0.39240748432780637,-0.5986533469093939
430.0,353.77,358.5,0.46831281204223635,71,16.0,call,2028-01-21,1.4054794520547946,764.260009765625,356.135,0.013281480337512511,0.3844587923688259,-0.5751228494991998
440.0,344.77,349.5,0.46013418289184577,50,16.0,call,2028-01-21,1.4054794520547946,764.260009765625,347.135,0.013625822806689093,0.3765943050092241,-0.552133331274501
450.0,336.77,341.0,0.4549233585357666,40,1.0,call,2028-01-21,1.4054794520547946,764.260009765625,338.885,0.012482110450447847,0.37538480978822547,-0.5296604754224425
460.0,321.04,326.0,0.41013163116455076,131,4.0,call,2028-01-21,1.4054794520547946,764.260009765625,323.52,0.015331355093966308,0.30466093237219205,-0.5076815687036673
465.0,323.34,328.0,0.44517308982849113,15,8.0,call,2028-01-21,1.4054794520547946,764.260009765625,325.66999999999996,0.014308963060767113,0.36549855774559514,-0.4968706525994517
475.0,308.0,312.86,0.40151813087463384,40,1.0,call,2028-01-21,1.4054794520547946,764.260009765625,310.43,0.015655703379183757,0.3012401753495932,-0.4755932541521668
480.0,309.99,314.5,0.43233294723510746,16,1.0,call,2028-01-21,1.4054794520547946,764.260009765625,312.245,0.014443786129481627,0.3537404218878252,-0.4651219542848714
485.0,304.63,309.0,0.422658971710205,42,2.0,call,2028-01-21,1.4054794520547946,764.260009765625,306.815,0.014243110669295844,0.3424902872300541,-0.4547591672493248
490.0,301.13,305.5,0.42373470558166504,13,2.0,call,2028-01-21,1.4054794520547946,764.260009765625,303.315,0.014407464187395956,0.3460327353542992,-0.44450266708213576
495.0,295.8,300.5,0.4168301725769042,11,1.0,call,2028-01-21,1.4054794520547946,764.260009765625,298.15,0.015763877242998454,0.33703173706167566,-0.43435029561811755
500.0,292.31,297.0,0.4176541389465332,121,10.0,call,2028-01-21,1.4054794520547946,764.260009765625,294.655,0.015916919787548143,0.34021987683528165,-0.42429995976461615
510.0,283.53,288.0,0.4089185695648193,112,2.0,call,2028-01-21,1.4054794520547946,764.260009765625,285.765,0.0156422235053279,0.33267049694696116,-0.40449733246843644
520.0,273.92,278.5,0.39775687698364254,161,2.0,call,2028-01-21,1.4054794520547946,764.260009765625,276.21000000000004,0.016581586474059534,0.32068649854417924,-0.3850792466113349
525.0,270.45,275.0,0.39812308425903326,41,2.0,call,2028-01-21,1.4054794520547946,764.260009765625,272.725,0.016683472362269726,0.323173376624306,-0.3755097955951842
530.0,266.12,270.5,0.39369807968139653,18,3.0,call,2028-01-21,1.4054794520547946,764.260009765625,268.31,0.016324400879579575,0.3195138531593761,-0.3660310516406404
535.0,261.79,266.5,0.39153898262023923,325,10.0,call,2028-01-21,1.4054794520547946,764.260009765625,264.145,0.01783111548581264,0.31737688014820525,-0.3566413112908014
540.0,257.47,262.0,0.38706057281494133,84,2.0,call,2028-01-21,1.4054794520547946,764.260009765625,259.735,0.017440853177276734,0.3136916619553967,-0.3473389186284879
545.0,253.31,257.5,0.38258216300964354,27,3.0,call,2028-01-21,1.4054794520547946,764.260009765625,255.405,0.01640531704547678,0.31046509623308777,-0.3381222635235639
550.0,248.88,253.5,0.38027810890197755,741,2.0,call,2028-01-21,1.4054794520547946,764.260009765625,251.19,0.018392451928818842,0.3078723430381216,-0.3289897799602914
555.0,244.61,249.0,0.37575392318725587,244,33.0,call,2028-01-21,1.4054794520547946,764.260009765625,246.805,0.01778732197483838,0.3042599988440001,-0.3199399444403735
560.0,240.34,245.0,0.3733430586242676,61,62.0,call,2028-01-21,1.4054794520547946,764.260009765625,242.67000000000002,0.01920303292537189,0.3020200196740484,-0.3109712744576131
565.0,236.1,240.5,0.3687807263183594,42,10.0,call,2028-01-21,1.4054794520547946,764.260009765625,238.3,0.018464120856063807,0.2984301322194427,-0.3020823270403671
570.0,231.86,236.5,0.3662630513000488,99,3.0,call,2028-01-21,1.4054794520547946,764.260009765625,234.18,0.019813818430267256,0.2961568318853841,-0.29327169735821207
575.0,227.62,232.0,0.36165494308471674,44,2.0,call,2028-01-21,1.4054794520547946,764.260009765625,229.81,0.019059222836256016,0.29250533144838514,-0.28453801738945744
580.0,223.44,228.0,0.35904571624755854,104,1.0,call,2028-01-21,1.4054794520547946,764.260009765625,225.72,0.02020202020202021,0.29027513039227026,-0.2758799546463429
585.0,219.26,223.5,0.35439946144103995,39,1.0,call,2028-01-21,1.4054794520547946,764.260009765625,221.38,0.01915258830969378,0.2867140184789012,-0.26729621095495143
590.0,215.08,219.5,0.35169105346679685,269,5.0,call,2028-01-21,1.4054794520547946,764.260009765625,217.29000000000002,0.02034147912927418,0.284367471058952,-0.2587855212870428
595.0,210.93,215.5,0.3489292402648925,328,4.0,call,2028-01-21,1.4054794520547946,764.260009765625,213.215,0.021433764040991454,0.2820255672763222,-0.25034665264117817
600.0,206.77,211.5,0.34610639251708974,1568,1.0,call,2028-01-21,1.4054794520547946,764.260009765625,209.135,0.022616969899825423,0.27959146665234913,-0.24197840297066156
605.0,202.67,206.69,0.34018604156494137,88,2.0,call,2028-01-21,1.4054794520547946,764.260009765625,204.68,0.019640414305257037,0.275341887140818,-0.23367960015596648
610.0,198.58,202.57,0.33684440017700196,374,2.0,call,2028-01-21,1.4054794520547946,764.260009765625,200.575,0.01989280817649249,0.2726974926784141,-0.22544910101945104
615.0,194.63,198.6,0.3340062937927246,73,5.0,call,2028-01-21,1.4054794520547946,764.260009765625,196.615,0.0201917452890166,0.2706475907199085,-0.21728579038029008
620.0,190.43,194.38,0.33020689331054687,243,6.0,call,2028-01-21,1.4054794520547946,764.260009765625,192.405,0.020529612016319684,0.2674118488867963,-0.20918858014767075
625.0,186.39,190.32,0.3269415451049804,69,1.0,call,2028-01-21,1.4054794520547946,764.260009765625,188.355,0.020864856255475073,0.26483224615204637,-0.2011564084504065
630.0,182.34,186.28,0.3236914555358886,222,2.0,call,2028-01-21,1.4054794520547946,764.260009765625,184.31,0.021377027833541305,0.2622112076972919,-0.19318823880122962
635.0,178.36,182.27,0.32049858585357666,148,1.0,call,2028-01-21,1.4054794520547946,764.260009765625,180.315,0.02168427474142471,0.2597376656917141,-0.18528305929411634
640.0,174.38,178.27,0.3172828282165527,654,1.0,call,2028-01-21,1.4054794520547946,764.260009765625,176.325,0.022061534098965066,0.2572167007373382,-0.17743988183309048
645.0,170.42,174.3,0.3141242904663085,137,5.0,call,2028-01-21,1.4054794520547946,764.260009765625,172.36,0.022511023439313202,0.25472971355826296,-0.1696577413910354
650.0,169.0,170.33,0.3108970888519287,603,1.0,call,2028-01-21,1.4054794520547946,764.260009765625,169.66500000000002,0.007838976807237864,0.2572034405323213,-0.1619356952971251
655.0,162.57,166.4,0.30775380973815913,365,3.0,call,2028-01-21,1.4054794520547946,764.260009765625,164.485,0.023284798005897268,0.24976458232959128,-0.154272822551556
660.0,158.68,163.0,0.3062889806365967,655,11.0,call,2028-01-21,1.4054794520547946,764.260009765625,160.84,0.026858990300920125,0.24830036884966447,-0.14666822316633668
665.0,154.8,158.62,0.30155117401123044,277,30.0,call,2028-01-21,1.4054794520547946,764.260009765625,156.71,0.024376236360155658,0.2448973048387641,-0.1391210175309538
670.0,150.97,154.76,0.29845367080688473,444,2.0,call,2028-01-21,1.4054794520547946,764.260009765625,152.865,0.02479311811075126,0.24251058257169245,-0.1316303458017962
675.0,147.16,150.92,0.2953523529434204,902,6.0,call,2028-01-21,1.4054794520547946,764.260009765625,149.04,0.025228126677401982,0.2401195898787301,-0.12419536731427812
680.0,143.59,147.13,0.29234640155792224,1321,1.0,call,2028-01-21,1.4054794520547946,764.260009765625,145.36,0.024353329664281727,0.23817296133035165,-0.11681526001665557
685.0,139.62,143.35,0.28930611824035635,1014,1.0,call,2028-01-21,1.4054794520547946,764.260009765625,141.485,0.026363218715764847,0.23544051684373296,-0.10948921992458267
690.0,135.86,139.56,0.2861628391265869,1068,1.0,call,2028-01-21,1.4054794520547946,764.260009765625,137.71,0.026868056059835804,0.23298701912267716,-0.10221646059550289
695.0,132.15,135.83,0.28313399978637693,770,9.0,call,2028-01-21,1.4054794520547946,764.260009765625,133.99,0.027464736174341416,0.23064256947347614,-0.09499621262201584
700.0,130.02,132.17,0.2802424881744384,2637,1.0,call,2028-01-21,1.4054794520547946,764.260009765625,131.095,0.016400320378351405,0.231014979709864,-0.08782772314340331
705.0,124.83,129.5,0.280257746810913,530,2.0,call,2028-01-21,1.4054794520547946,764.260009765625,127.16499999999999,0.03672394133605947,0.22775995046062386,-0.08071025537453934
710.0,121.35,124.97,0.2745967926788331,342,4.0,call,2028-01-21,1.4054794520547946,764.260009765625,123.16,0.02939265995453073,0.2241926839032557,-0.07364308815144689
715.0,117.65,121.24,0.2712704099273682,268,2.0,call,2028-01-21,1.4054794520547946,764.260009765625,119.445,0.03005567415965498,0.22151363300403454,-0.06662551549280035
720.0,114.11,117.47,0.26774566490173335,624,3.0,call,2028-01-21,1.4054794520547946,764.260009765625,115.78999999999999,0.029018049917954914,0.218944851917293,-0.0596568461767069
725.0,110.58,114.84,0.2674710094451904,483,6.0,call,2028-01-21,1.4054794520547946,764.260009765625,112.71000000000001,0.03779611392068144,0.21811880204527587,-0.05273640333213312
730.0,107.27,110.75,0.26285527191162117,1497,1.0,call,2028-01-21,1.4054794520547946,764.260009765625,109.00999999999999,0.031923676726905825,0.21521113426043784,-0.04586352404437109
735.0,103.67,107.17,0.25963569961547855,534,2.0,call,2028-01-21,1.4054794520547946,764.260009765625,105.42,0.033200531208499334,0.21256126114547716,-0.03903755897397124
740.0,100.25,105.0,0.26036048484802243,363,2.0,call,2028-01-21,1.4054794520547946,764.260009765625,102.625,0.04628501827040195,0.21226438625837862,-0.032257871988592486
745.0,96.86,101.5,0.2571714298248291,978,15.0,call,2028-01-21,1.4054794520547946,764.260009765625,99.18,0.046783625730994156,0.20984492268967916,-0.025523839807248417
750.0,93.55,97.0,0.25106797523498536,4861,1.0,call,2028-01-21,1.4054794520547946,764.260009765625,95.275,0.03621096824980323,0.20593712971556427,-0.018834851656451816
755.0,90.27,95.0,0.25193008819580076,1631,2.0,call,2028-01-21,1.4054794520547946,764.260009765625,92.63499999999999,0.051060614238678734,0.20573073328199074,-0.012190308937783244
760.0,87.0,91.5,0.2484625630569458,2008,5.0,call,2028-01-21,1.4054794520547946,764.260009765625,89.25,0.05042016806722689,0.20317280828350887,-0.005589624906431192
765.0,83.8,88.5,0.24629202201843262,2289,2.0,call,2028-01-21,1.4054794520547946,764.260009765625,86.15,0.054556006964596664,0.20134471107700358,0.0009677756397279868
770.0,80.68,85.25,0.24331658790588376,620,1.0,call,2028-01-21,1.4054794520547946,764.260009765625,82.965,0.05508346893268237,0.19914783961080168,0.007482456660921564
775.0,77.67,82.5,0.24162287925720213,657,2.0,call,2028-01-21,1.4054794520547946,764.260009765625,80.08500000000001,0.060310919647874106,0.1977156646296959,0.013954971166539128
780.0,74.62,79.5,0.23912427753448484,1036,6.0,call,2028-01-21,1.4054794520547946,764.260009765625,77.06,0.0633272774461458,0.19573617440200244,0.020385861496829437
785.0,71.51,76.5,0.23651123603820798,1337,4.0,call,2028-01-21,1.4054794520547946,764.260009765625,74.005,0.06742787649483137,0.19354523622623532,0.026775659595600552
790.0,68.59,73.5,0.2337799401092529,1083,3.0,call,2028-01-21,1.4054794520547946,764.260009765625,71.045,0.06911112675065095,0.19149853311446038,0.033124887274259184
795.0,65.71,70.5,0.23093420440673829,951,4.0,call,2028-01-21,1.4054794520547946,764.260009765625,68.10499999999999,0.07033257470082971,0.18937797204108792,0.039434056467524
800.0,64.87,66.08,0.22403348606109613,1752,3.0,call,2028-01-21,1.4054794520547946,764.260009765625,65.475,0.01848033600610911,0.18800048188518445,0.045703669481119286
805.0,62.51,62.67,0.2197953997802734,669,111.0,call,2028-01-21,1.4054794520547946,764.260009765625,62.59,0.0025563189007829315,0.185763963850413,0.05193421923175546
810.0,59.81,59.97,0.21738453521728518,768,2.0,call,2028-01-21,1.4054794520547946,764.260009765625,59.89,0.002671564534980741,0.18390930293378355,0.058126189479676425
815.0,57.17,57.33,0.21500418792724607,1328,1.0,call,2028-01-21,1.4054794520547946,764.260009765625,57.25,0.0027947598253274513,0.18208001662464182,0.06428005505405478
820.0,54.62,54.77,0.21271157779693606,1515,4.0,call,2028-01-21,1.4054794520547946,764.260009765625,54.695,0.0027424810311729715,0.1803434337514662,0.07039628207149076
825.0,52.11,52.28,0.2104723728942871,1809,2.0,call,2028-01-21,1.4054794520547946,764.260009765625,52.195,0.0032570169556471254,0.1786123797901929,0.07647532814787304
830.0,47.5,52.27,0.21508048110961914,1475,4.0,call,2028-01-21,1.4054794520547946,764.260009765625,49.885000000000005,0.09561992582940769,0.1772654762807987,0.08251764260383555
835.0,47.28,47.44,0.2059405578613281,1017,7.0,call,2028-01-21,1.4054794520547946,764.260009765625,47.36,0.0033783783783783066,0.17515624384389392,0.08852366666404753
840.0,45.0,45.15,0.2038196073913574,1730,5.0,call,2028-01-21,1.4054794520547946,764.260009765625,45.075,0.003327787021630584,0.17356822997452953,0.09449383365055145
845.0,42.78,42.94,0.2017749501037598,1104,2.0,call,2028-01-21,1.4054794520547946,764.260009765625,42.86,0.0037330844610358512,0.17201972109603922,0.10042856917036588
850.0,40.62,40.78,0.1997150341796875,1181,4.0,call,2028-01-21,1.4054794520547946,764.260009765625,40.7,0.003931203931204021,0.1704662480525159,0.10632829129755426
855.0,38.21,38.96,0.19849434326171872,526,4.0,call,2028-01-21,1.4054794520547946,764.260009765625,38.585,0.019437605287028637,0.1688768386864801,0.11219341074995223
860.0,36.25,36.92,0.196472573928833,554,4.0,call,2028-01-21,1.4054794520547946,764.260009765625,36.585,0.018313516468498065,0.1674537747631059,0.11802433106074553
865.0,34.61,34.75,0.19389004970550539,376,1.0,call,2028-01-21,1.4054794520547946,764.260009765625,34.68,0.004036908881199555,0.16614117630354946,0.12382144874507132
870.0,32.46,33.01,0.19243666458129882,428,15.0,call,2028-01-21,1.4054794520547946,764.260009765625,32.735,0.01680158851382304,0.16453787890146876,0.1295851534618215
875.0,30.96,31.1,0.19029282615661622,847,22.0,call,2028-01-21,1.4054794520547946,764.260009765625,31.03,0.004511762810183712,0.16348051993763363,0.13531582817080642
880.0,29.24,29.39,0.18859530284881593,636,3.0,call,2028-01-21,1.4054794520547946,764.260009765625,29.314999999999998,0.005116834385127141,0.16222264420734223,0.14101384928544425
885.0,27.35,27.83,0.18720295227050782,1170,1.0,call,2028-01-21,1.4054794520547946,764.260009765625,27.59,0.01739760782892341,0.16075580001668896,0.1466795868211215
890.0,25.79,26.28,0.18568090328216552,1158,1.0,call,2028-01-21,1.4054794520547946,764.260009765625,26.035,0.018820818129441214,0.15964014741600124,0.15231340453937758
895.0,24.54,24.67,0.18378120304107665,1202,24.0,call,2028-01-21,1.4054794520547946,764.260009765625,24.605,0.005283478967689598,0.15874886370693883,0.15791566008804733
900.0,23.11,23.24,0.18229730064392088,2324,14.0,call,2028-01-21,1.4054794520547946,764.260009765625,23.174999999999997,0.005609492988133722,0.15768515708092004,0.16348670513750282
905.0,21.74,21.87,0.180847730178833,637,3.0,call,2028-01-21,1.4054794520547946,764.260009765625,21.805,0.005961935335932243,0.15664149745289585,0.1690268855131181
910.0,20.46,20.57,0.17946682357788085,1279,1.0,call,2028-01-21,1.4054794520547946,764.260009765625,20.515,0.005361930294906139,0.15568920375565928,0.17453654132408777
915.0,19.22,19.35,0.17819272743225098,585,1.0,call,2028-01-21,1.4054794520547946,764.260009765625,19.285,0.006740990407052246,0.15476644777421597,0.18001600708871346
920.0,17.87,18.25,0.17718565742492673,512,18.0,call,2028-01-21,1.4054794520547946,764.260009765625,18.060000000000002,0.021040974529346564,0.1536807433983983,0.18546561185627802
925.0,16.96,17.08,0.17574371627807617,191,2.0,call,2028-01-21,1.4054794520547946,764.260009765625,17.02,0.007050528789659075,0.15308343591427329,0.1908856793256173
930.0,15.92,16.04,0.1746298358154297,515,97.0,call,2028-01-21,1.4054794520547946,764.260009765625,15.98,0.007509386733416722,0.15231867990738437,0.19627652796049364
935.0,14.76,15.08,0.1736532830810547,269,3.0,call,2028-01-21,1.4054794520547946,764.260009765625,14.92,0.021447721179624683,0.15129915305192096,0.2016384711018791
940.0,13.99,14.11,0.1724631094360352,202,5.0,call,2028-01-21,1.4054794520547946,764.260009765625,14.05,0.008540925266903858,0.15084274960938376,0.2069718170772416
945.0,13.11,13.22,0.17144078079223635,135,8.0,call,2028-01-21,1.4054794520547946,764.260009765625,13.165,0.008355488036460404,0.15016319560322874,0.21227686930693485
950.0,12.13,12.42,0.17063207305908207,787,33.0,call,2028-01-21,1.4054794520547946,764.260009765625,12.275,0.023625254582484656,0.14928669838345832,0.21755392640777851
955.0,11.35,11.62,0.16965552032470704,276,5.0,call,2028-01-21,1.4054794520547946,764.260009765625,11.485,0.023508924684370883,0.14865680105784138,0.22280328229392232
960.0,10.74,10.85,0.16864845031738285,880,1.0,call,2028-01-21,1.4054794520547946,764.260009765625,10.795,0.01018990273274659,0.14830289067117783,0.2280252262750739
965.0,10.05,10.15,0.16780159599304204,1309,6.0,call,2028-01-21,1.4054794520547946,764.260009765625,10.100000000000001,0.009900990099009865,0.1477693097077747,0.233220043152178
970.0,9.27,9.49,0.16698525894165045,1176,32.0,call,2028-01-21,1.4054794520547946,764.260009765625,9.379999999999999,0.023454157782516062,0.14694602677251398,0.23838801331062048
975.0,8.66,8.87,0.16620706848144534,98,17.0,call,2028-01-21,1.4054794520547946,764.260009765625,8.765,0.02395892755276658,0.14645678440972162,0.24352941281103924
980.0,8.09,8.31,0.16558146438598637,432,5.0,call,2028-01-21,1.4054794520547946,764.260009765625,8.2,0.026829268292683006,0.14606003849260588,0.24864451347780958
985.0,7.64,7.74,0.1647422393798828,45,2.0,call,2028-01-21,1.4054794520547946,764.260009765625,7.6899999999999995,0.013003901170351176,0.14579916497212758,0.2537335829852809
990.0,7.13,7.23,0.1640861180114746,728,13.0,call,2028-01-21,1.4054794520547946,764.260009765625,7.18,0.013927576601671383,0.14538893471190376,0.25879688494182773
995.0,6.66,6.74,0.16338422073364262,235,1.0,call,2028-01-21,1.4054794520547946,764.260009765625,6.7,0.011940298507462697,0.1449918963813129,0.2638346789717848
1000.0,6.2,6.29,0.1627738752746582,16603,5.0,call,2028-01-21,1.4054794520547946,764.260009765625,6.245,0.01441152922337868,0.1445859849829356,0.2688472207953292
1010.0,5.32,5.51,0.16188887435913085,5802,1.0,call,2028-01-21,1.4054794520547946,764.260009765625,5.415,0.03508771929824552,0.1438035477708072,0.27879755164849723
1015.0,4.96,5.14,0.1613548220825195,6713,47.0,call,2028-01-21,1.4054794520547946,764.260009765625,5.05,0.03564356435643559,0.1435124912043527,0.2837358332890797
1020.0,4.7,4.75,0.16053085571289064,4623,1.0,call,2028-01-21,1.4054794520547946,764.260009765625,4.725,0.010582010582010545,0.14335733464108524,0.28864984809150884
1025.0,4.37,4.42,0.1599815447998047,4892,1.0,call,2028-01-21,1.4054794520547946,764.260009765625,4.395,0.011376564277588128,0.14302716773915028,0.29353983338570055
1030.0,4.08,4.13,0.15961533752441404,5310,2.0,call,2028-01-21,1.4054794520547946,764.260009765625,4.105,0.012180267965895206,0.14285623472927897,0.2984060230368735
1035.0,3.81,3.85,0.1592033543395996,233,1.0,call,2028-01-21,1.4054794520547946,764.260009765625,3.83,0.010443864229765022,0.14266983085047577,0.30324864751266145
1040.0,3.55,3.59,0.1588218884277344,329,26.0,call,2028-01-21,1.4054794520547946,764.260009765625,3.57,0.011204481792717097,0.14247278854152,0.30806793394861043
1045.0,3.31,3.36,0.15857775024414064,2113,19.0,call,2028-01-21,1.4054794520547946,764.260009765625,3.335,0.014992503748125883,0.14236005160726206,0.31286410621210337
1050.0,3.09,3.13,0.15821154296875,6104,7.0,call,2028-01-21,1.4054794520547946,764.260009765625,3.11,0.012861736334405157,0.14221054769220262,0.3176373849647611
1055.0,2.89,2.93,0.15799792205810548,6253,6.0,call,2028-01-21,1.4054794520547946,764.260009765625,2.91,0.013745704467353964,0.14217277429563044,0.32238798772335886
1060.0,2.69,2.74,0.15778430114746095,6372,6.0,call,2028-01-21,1.4054794520547946,764.260009765625,2.715,0.018416206261510228,0.14206491234631002,0.32711612891930486
1065.0,2.52,2.57,0.15766223205566404,4638,2.0,call,2028-01-21,1.4054794520547946,764.260009765625,2.545,0.019646365422396787,0.14209812301798688,0.3318220199567176
1070.0,2.36,2.43,0.15778430114746095,2120,1.0,call,2028-01-21,1.4054794520547946,764.260009765625,2.395,0.029227557411273603,0.14224299902021922,0.3365058692691439
1075.0,2.22,2.28,0.15769274932861327,425,1.0,call,2028-01-21,1.4054794520547946,764.260009765625,2.25,0.02666666666666649,0.1423456171093515,0.34116788237495527
1080.0,2.08,2.13,0.15750964569091797,291,250.0,call,2028-01-21,1.4054794520547946,764.260009765625,2.105,0.02375296912114006,0.14234477973902035,0.3458082619314574
1085.0,1.95,2.0,0.1574486111450195,22,19.0,call,2028-01-21,1.4054794520547946,764.260009765625,1.975,0.025316455696202552,0.1424239871702576,0.35042720778775205
1090.0,1.82,1.88,0.1574486111450195,207,210.0,call,2028-01-21,1.4054794520547946,764.260009765625,1.85,0.03243243243243234,0.14246688463473375,0.3550249170363814
1100.0,1.62,1.66,0.1574180938720703,822,1.0,call,2028-01-21,1.4054794520547946,764.260009765625,1.6400000000000001,0.024390243902438907,0.14281522869858146,0.3641574005996539
1110.0,1.43,1.48,0.15766223205566404,67,10.0,call,2028-01-21,1.4054794520547946,764.260009765625,1.455,0.03436426116838491,0.14318480594874977,0.3732072361195718
1120.0,1.28,1.31,0.1577232666015625,201,202.0,call,2028-01-21,1.4054794520547946,764.260009765625,1.295,0.02316602316602319,0.14362706411091894,0.3821759061023322
1125.0,1.2,1.24,0.1579063702392578,32,1.0,call,2028-01-21,1.4054794520547946,764.260009765625,1.22,0.03278688524590167,0.14381495197959823,0.38663025645171256
1130.0,1.09,1.18,0.15821154296875,77,1.0,call,2028-01-21,1.4054794520547946,764.260009765625,1.135,0.07929515418502191,0.14372680901911122,0.39106485351957826
1140.0,1.03,1.06,0.15863878479003907,187,1.0,call,2028-01-21,1.4054794520547946,764.260009765625,1.045,0.028708133971291894,0.14489503288543212,0.3998754832017333
1150.0,0.92,0.96,0.1592186129760742,484,2.0,call,2028-01-21,1.4054794520547946,764.260009765625,0.94,0.042553191489361625,0.1455349085852728,0.40860916317048784
1160.0,0.83,0.87,0.15979844116210937,38,1.0,call,2028-01-21,1.4054794520547946,764.260009765625,0.85,0.047058823529411806,0.14626725628531254,0.41726722591360244
1170.0,0.76,0.79,0.16040878662109376,83,1.0,call,2028-01-21,1.4054794520547946,764.260009765625,0.775,0.038709677419354875,0.1471473427142987,0.4258509696049939
1180.0,0.7,0.73,0.16138533935546873,813,1.0,call,2028-01-21,1.4054794520547946,764.260009765625,0.715,0.041958041958041994,0.14823786552921414,0.43436165927290254
1190.0,0.64,0.67,0.16223982299804687,46,2.0,call,2028-01-21,1.4054794520547946,764.260009765625,0.655,0.045801526717557293,0.14915765421392965,0.4428005279187671
1200.0,0.59,0.62,0.16315534118652347,1710,1.0,call,2028-01-21,1.4054794520547946,764.260009765625,0.605,0.049586776859504175,0.15021166018576285,0.45116877758928375
1210.0,0.55,0.58,0.16431499755859375,48,1.0,call,2028-01-21,1.4054794520547946,764.260009765625,0.565,0.053097345132743216,0.1514483074421872,0.45946758040397884
1220.0,0.58,0.62,0.1682212084960938,41,5.0,call,2028-01-21,1.4054794520547946,764.260009765625,0.6,0.06666666666666674,0.1551594287815003,0.4676980795404943
1230.0,0.47,0.5,0.1662681030273438,51,9.0,call,2028-01-21,1.4054794520547946,764.260009765625,0.485,0.06185567010309284,0.1535248302929844,0.47586139017965523
1240.0,0.42,0.46,0.16700051757812504,155,1.0,call,2028-01-21,1.4054794520547946,764.260009765625,0.44,0.090909090909091,0.1541305525379138,0.48395860041227456
1250.0,0.41,0.44,0.16846534667968754,321,1.0,call,2028-01-21,1.4054794520547946,764.260009765625,0.425,0.07058823529411772,0.1558737007096455,0.49199077210953884
1260.0,0.37,0.4,0.1688925885009766,141,1.0,call,2028-01-21,1.4054794520547946,764.260009765625,0.385,0.07792207792207799,0.15640314698756777,0.4999589417587157
1270.0,0.36,0.39,0.1706625903320313,142,1.0,call,2028-01-21,1.4054794520547946,764.260009765625,0.375,0.08000000000000007,0.1582331914145351,0.5078641212658289
1280.0,0.33,0.37,0.17188328125000002,184,1.0,call,2028-01-21,1.4054794520547946,764.260009765625,0.35,0.11428571428571424,0.15925436006471957,0.5157072987268548
1290.0,0.31,0.35,0.17310397216796874,352,1.0,call,2028-01-21,1.4054794520547946,764.260009765625,0.32999999999999996,0.12121212121212116,0.1604332283235531,0.5234894391689099
1300.0,0.3,0.33,0.17414155944824222,856,9.0,call,2028-01-21,1.4054794520547946,764.260009765625,0.315,0.09523809523809532,0.16180633257375793,0.5312114852628202
1310.0,0.28,0.31,0.17505707763671874,202,5.0,call,2028-01-21,1.4054794520547946,764.260009765625,0.29500000000000004,0.10169491525423717,0.1628103296632385,0.5388743580083893
1330.0,0.25,0.28,0.17737639038085937,1472,77.0,call,2028-01-21,1.4054794520547946,764.260009765625,0.265,0.11320754716981142,0.16517033190125271,0.5540261630289915
1340.0,0.23,0.27,0.17884121948242188,4864,26.0,call,2028-01-21,1.4054794520547946,764.260009765625,0.25,0.16000000000000003,0.16623129458981648,0.5615168347581492
1400.0,0.16,0.2,0.18506674316406246,11,1.0,call,2028-01-21,1.4054794520547946,764.260009765625,0.18,0.22222222222222227,0.17249426570032064,0.605319457416542
1410.0,0.15,0.19,0.1860432958984375,14,1.0,call,2028-01-21,1.4054794520547946,764.260009765625,0.16999999999999998,0.2352941176470589,0.17342388449877996,0.6124369251854059
1440.0,0.13,0.16,0.188484677734375,13,5.0,call,2028-01-21,1.4054794520547946,764.260009765625,0.14500000000000002,0.2068965517241379,0.1763076717550008,0.6334903343832384
1450.0,0.12,0.15,0.18921709228515626,19,1.0,call,2028-01-21,1.4054794520547946,764.260009765625,0.135,0.2222222222222222,0.17692620428490452,0.6404107772278121
1470.0,0.11,0.14,0.1914143359375,90,1.0,call,2028-01-21,1.4054794520547946,764.260009765625,0.125,0.2400000000000001,0.17920277297776077,0.6541096215859741
100.0,0.15,0.16,0.6162147753906251,26592,5.0,put,2028-01-21,1.4054794520547946,764.260009765625,0.155,0.06451612903225812,0.6309092741080048,-2.0337378721987167
130.0,0.29,0.3,0.5732464550781251,97,1.0,put,2028-01-21,1.4054794520547946,764.260009765625,0.295,0.0338983050847458,0.5884771977284552,-1.7713736077312254
135.0,0.3,0.33,0.5649457568359376,361,1.0,put,2028-01-21,1.4054794520547946,764.260009765625,0.315,0.09523809523809532,0.5803857200603547,-1.7336332797483784
140.0,0.33,0.35,0.5581098876953126,201,50.0,put,2028-01-21,1.4054794520547946,764.260009765625,0.33999999999999997,0.0588235294117646,0.5733590090220675,-1.6972656355775038
145.0,0.38,0.41,0.5559126440429689,264,1.0,put,2028-01-21,1.4054794520547946,764.260009765625,0.395,0.07594936708860751,0.5714391021317634,-1.6621743157662334
150.0,0.39,0.42,0.5461471166992189,156,1.0,put,2028-01-21,1.4054794520547946,764.260009765625,0.405,0.074074074074074,0.5617601946202366,-1.628272764090552
155.0,0.43,0.46,0.5410202148437502,75,1.0,put,2028-01-21,1.4054794520547946,764.260009765625,0.445,0.0674157303370787,0.556876836856351,-1.5954829412675613
160.0,0.49,0.51,0.5378464184570313,823,1.0,put,2028-01-21,1.4054794520547946,764.260009765625,0.5,0.040000000000000036,0.5537674131856645,-1.563734242952981
165.0,0.53,0.55,0.532231240234375,61,7.0,put,2028-01-21,1.4054794520547946,764.260009765625,0.54,0.03703703703703707,0.5483464284769727,-1.5329625842862273
170.0,0.68,0.72,0.539189178466797,63,6.0,put,2028-01-21,1.4054794520547946,764.260009765625,0.7,0.05714285714285704,0.5556967999429128,-1.5031096211365462
175.0,0.59,0.61,0.5189257092285156,31,1.0,put,2028-01-21,1.4054794520547946,764.260009765625,0.6,0.03333333333333337,0.5350498910106489,-1.4741220842632938
180.0,0.63,0.65,0.5134326000976561,562,502.0,put,2028-01-21,1.4054794520547946,764.260009765625,0.64,0.03125000000000003,0.5295358205067756,-1.4459512072965974
195.0,0.76,0.79,0.4989063781738281,48,1.0,put,2028-01-21,1.4054794520547946,764.260009765625,0.775,0.038709677419354875,0.5141104117986395,-1.3659084996230613
200.0,0.81,0.83,0.4931691308593751,1193,10.0,put,2028-01-21,1.4054794520547946,764.260009765625,0.8200000000000001,0.024390243902438907,0.5088657055487824,-1.3405906916387713
210.0,1.26,1.3,0.5048877636718749,11,3.0,put,2028-01-21,1.4054794520547946,764.260009765625,1.28,0.03125000000000003,0.5224232883428809,-1.2918005274693392
215.0,0.96,0.98,0.4779104943847656,41,1.0,put,2028-01-21,1.4054794520547946,764.260009765625,0.97,0.020618556701030948,0.4940729760915968,-1.2682700300591452
220.0,0.98,1.09,0.476567734375,218,48.0,put,2028-01-21,1.4054794520547946,764.260009765625,1.0350000000000001,0.10628019323671506,0.4900565092401323,-1.2452805118344463
225.0,1.06,1.09,0.4682670361328125,96,20.0,put,2028-01-21,1.4054794520547946,764.260009765625,1.0750000000000002,0.027906976744186067,0.48437605783515575,-1.2228076559823877
230.0,1.15,1.18,0.46545944702148445,294,3.0,put,2028-01-21,1.4054794520547946,764.260009765625,1.165,0.02575107296137341,0.4817019902433699,-1.2008287492636125
235.0,1.18,1.2,0.45862357788085945,916,5.0,put,2028-01-21,1.4054794520547946,764.260009765625,1.19,0.016806722689075647,0.47516458638129405,-1.1793225440426491
240.0,1.23,1.26,0.4539849523925781,187,1.0,put,2028-01-21,1.4054794520547946,764.260009765625,1.245,0.024096385542168693,0.4703756780189994,-1.1582691348448166
245.0,1.33,1.36,0.4512383978271485,166,3.0,put,2028-01-21,1.4054794520547946,764.260009765625,1.3450000000000002,0.022304832713754663,0.46788276595367756,-1.137649847642081
250.0,1.36,1.38,0.4445856323242187,1595,20.0,put,2028-01-21,1.4054794520547946,764.260009765625,1.37,0.014598540145985252,0.46152093861033683,-1.1174471403245614
255.0,1.45,1.48,0.44171700866699215,37,3.0,put,2028-01-21,1.4054794520547946,764.260009765625,1.4649999999999999,0.020477815699658723,0.4585705556536008,-1.0976445130283818
260.0,1.48,1.5,0.4352473468017578,50,1.0,put,2028-01-21,1.4054794520547946,764.260009765625,1.49,0.01342281879194632,0.4523310025510414,-1.0782264271712803
265.0,1.55,1.57,0.4309749285888672,176,3.0,put,2028-01-21,1.4054794520547946,764.260009765625,1.56,0.012820512820512832,0.44816070901353355,-1.0591782322005858
270.0,1.62,1.64,0.42664147583007817,107,1.0,put,2028-01-21,1.4054794520547946,764.260009765625,1.63,0.012269938650306624,0.44395542348230077,-1.0404860991884333
275.0,1.69,1.71,0.42236905761718746,546,6.0,put,2028-01-21,1.4054794520547946,764.260009765625,1.7,0.011764705882352951,0.43972251241815946,-1.0221369605202366
280.0,1.76,1.78,0.41797457031249996,32,2.0,put,2028-01-21,1.4054794520547946,764.260009765625,1.77,0.011299435028248598,0.43546828737908416,-1.0041184550175584
285.0,1.83,1.86,0.4140073248291015,684,100.0,put,2028-01-21,1.4054794520547946,764.260009765625,1.8450000000000002,0.01626016260162603,0.4313820508910823,-0.9864188779181573
290.0,1.91,1.93,0.409612837524414,599,3.0,put,2028-01-21,1.4054794520547946,764.260009765625,1.92,0.010416666666666676,0.4272706823952873,-0.9690271352062881
295.0,1.99,2.01,0.40552352294921873,24,6.0,put,2028-01-21,1.4054794520547946,764.260009765625,2.0,0.009999999999999898,0.42330944558444716,-0.9519327018469881
300.0,2.07,2.09,0.40143420837402344,128,4.0,put,2028-01-21,1.4054794520547946,764.260009765625,2.08,0.009615384615384623,0.41932050009892136,-0.9351255835306069
305.0,2.15,2.18,0.39765006652832036,115,40.0,put,2028-01-21,1.4054794520547946,764.260009765625,2.165,0.01385681293302552,0.41546631183763555,-0.9185962815793963
310.0,2.24,2.26,0.39349971740722656,584,10.0,put,2028-01-21,1.4054794520547946,764.260009765625,2.25,0.0088888888888887,0.4115827724126002,-0.902335760707616
315.0,2.33,2.35,0.389654541015625,12,2.0,put,2028-01-21,1.4054794520547946,764.260009765625,2.34,0.008547008547008555,0.40782069479965133,-0.8863354193611749
320.0,2.41,2.44,0.38577884735107415,293,1.0,put,2028-01-21,1.4054794520547946,764.260009765625,2.425,0.012371134020618476,0.4038878321664783,-0.8705870623930357
325.0,2.5,2.53,0.38184211914062494,87,2.0,put,2028-01-21,1.4054794520547946,764.260009765625,2.5149999999999997,0.011928429423459168,0.4000749302048993,-0.8550828758570704
330.0,2.6,2.63,0.3781800463867187,120,6.0,put,2028-01-21,1.4054794520547946,764.260009765625,2.615,0.011472275334607955,0.39650211462627194,-0.8398154037262819
335.0,2.7,2.72,0.3742128009033203,88,10.0,put,2028-01-21,1.4054794520547946,764.260009765625,2.71,0.007380073800738014,0.39276729748078837,-0.8247775263617415
340.0,2.79,2.82,0.3704896936035156,739,1.0,put,2028-01-21,1.4054794520547946,764.260009765625,2.8049999999999997,0.010695187165775333,0.3890100564429341,-0.8099624405766008
345.0,2.89,2.93,0.36694968994140625,10,1.0,put,2028-01-21,1.4054794520547946,764.260009765625,2.91,0.013745704467353964,0.3854695957276101,-0.7953636411554482
350.0,3.01,3.04,0.36340968627929693,385,1.0,put,2028-01-21,1.4054794520547946,764.260009765625,3.025,0.009917355371900909,0.3821251210199343,-0.7809749037033487
360.0,3.23,3.26,0.3561465753173828,52,10.0,put,2028-01-21,1.4054794520547946,764.260009765625,3.245,0.009244992295839694,0.3751015366816055,-0.7528040267366523
365.0,4.07,4.12,0.36627830993652344,21,1.0,put,2028-01-21,1.4054794520547946,764.260009765625,4.095000000000001,0.012210012210012165,0.38588403831261064,-0.7390107046043164
370.0,3.46,3.5,0.3492191543579102,164,1.0,put,2028-01-21,1.4054794520547946,764.260009765625,3.48,0.011494252873563229,0.368269329486776,-0.7254050525485378
375.0,3.58,3.62,0.3456791506958008,6256,5.0,put,2028-01-21,1.4054794520547946,764.260009765625,3.6,0.01111111111111112,0.36485546515425954,-0.7119820322163971
380.0,3.7,3.75,0.34232225067138666,61,1.0,put,2028-01-21,1.4054794520547946,764.260009765625,3.725,0.01342281879194626,0.36150566018858704,-0.6987368054663765
390.0,3.96,4.01,0.3354558642578125,33,1.0,put,2028-01-21,1.4054794520547946,764.260009765625,3.985,0.012547051442910871,0.35488952241246646,-0.6727613190631159
395.0,4.1,4.2,0.3329534478759766,12,1.0,put,2028-01-21,1.4054794520547946,764.260009765625,4.15,0.0240963855421688,0.3521241996702694,-0.6600222932856862
400.0,4.25,4.3,0.3289556851196288,1332,75.0,put,2028-01-21,1.4054794520547946,764.260009765625,4.275,0.011695906432748496,0.3486428347624923,-0.647443511078826
405.0,4.4,4.44,0.3255987850952148,190,1.0,put,2028-01-21,1.4054794520547946,764.260009765625,4.42,0.009049773755656116,0.3454594143560545,-0.6350209910802689
410.0,4.54,4.6,0.32248602325439446,212,2.0,put,2028-01-21,1.4054794520547946,764.260009765625,4.57,0.013129102844638864,0.34231751739177924,-0.6227508984884546
415.0,6.5,6.58,0.3426274234008788,473,2.0,put,2028-01-21,1.4054794520547946,764.260009765625,6.54,0.012232415902140683,0.3638848965616883,-0.6106295379561097
420.0,4.87,4.92,0.3161079132080078,1069,1.0,put,2028-01-21,1.4054794520547946,764.260009765625,4.895,0.010214504596527034,0.33628768004791887,-0.5986533469093939
425.0,5.03,5.09,0.3129951513671875,1497,5.0,put,2028-01-21,1.4054794520547946,764.260009765625,5.0600000000000005,0.011857707509881344,0.33324476510578893,-0.586818889262391
430.0,5.21,5.26,0.3098518722534179,150,1.0,put,2028-01-21,1.4054794520547946,764.260009765625,5.234999999999999,0.009551098376313244,0.33029787811163813,-0.5751228494991998
435.0,5.38,5.45,0.30692221405029296,319,5.0,put,2028-01-21,1.4054794520547946,764.260009765625,5.415,0.012927054478301067,0.3273725392208095,-0.5635620270981238
440.0,5.56,5.63,0.30380945220947264,286,1.0,put,2028-01-21,1.4054794520547946,764.260009765625,5.595,0.012511170688114439,0.3244027833899859,-0.552133331274501
445.0,5.77,5.83,0.3009103112792969,31,2.0,put,2028-01-21,1.4054794520547946,764.260009765625,5.8,0.010344827586206983,0.3217007902456967,-0.5408337760205677
450.0,5.96,6.03,0.297934877166748,3314,1.0,put,2028-01-21,1.4054794520547946,764.260009765625,5.995,0.011676396997497961,0.31882318007092614,-0.5296604754224425
455.0,6.17,6.23,0.29492892578124996,4058,2.0,put,2028-01-21,1.4054794520547946,764.260009765625,6.2,0.00967741935483879,0.3160170295843158,-0.5186106392358575
460.0,6.38,6.45,0.29209081939697257,125,2.0,put,2028-01-21,1.4054794520547946,764.260009765625,6.415,0.01091192517537027,0.313275506074833,-0.5076815687036673
465.0,6.61,6.68,0.28929848892211907,132,4.0,put,2028-01-21,1.4054794520547946,764.260009765625,6.645,0.010534236267870489,0.31064692820329265,-0.4968706525994517
470.0,6.84,6.91,0.2864451239013671,501,1.0,put,2028-01-21,1.4054794520547946,764.260009765625,6.875,0.010181818181818222,0.30796129265596156,-0.48617536348270374
475.0,7.08,7.15,0.28365279342651356,2132,1.0,put,2028-01-21,1.4054794520547946,764.260009765625,7.115,0.009838369641602288,0.3053256395570482,-0.4755932541521668
480.0,7.33,7.41,0.280982532043457,1063,315.0,put,2028-01-21,1.4054794520547946,764.260009765625,7.37,0.010854816824966088,0.3027847225023022,-0.4651219542848714
485.0,7.59,7.66,0.27817494293212885,24,2.0,put,2028-01-21,1.4054794520547946,764.260009765625,7.625,0.009180327868852495,0.30018359390963106,-0.4547591672493248
490.0,7.86,7.93,0.275474164276123,370,1.0,put,2028-01-21,1.4054794520547946,764.260009765625,7.895,0.008866371120962559,0.29766776891759794,-0.44450266708213576
495.0,8.3,8.39,0.27434502517700193,406,6.0,put,2028-01-21,1.4054794520547946,764.260009765625,8.345,0.010784901138406213,0.29673321146940235,-0.43435029561811755
500.0,8.43,8.5,0.270164158782959,5168,1.0,put,2028-01-21,1.4054794520547946,764.260009765625,8.465,0.008269344359125845,0.29272543381922234,-0.42429995976461615
505.0,8.73,8.8,0.2675549319458008,870,6.0,put,2028-01-21,1.4054794520547946,764.260009765625,8.765,0.007986309184255594,0.29029139888609307,-0.41434962891144805
510.0,9.04,9.11,0.2649457051086425,147,14.0,put,2028-01-21,1.4054794520547946,764.260009765625,9.075,0.007713498622589563,0.28787755665412407,-0.40449733246843644
515.0,9.36,9.44,0.2624280300903321,39,2.0,put,2028-01-21,1.4054794520547946,764.260009765625,9.399999999999999,0.00851063829787235,0.28552164040930567,-0.39474115752307176
520.0,9.69,9.76,0.25977302734375,117,1.0,put,2028-01-21,1.4054794520547946,764.260009765625,9.725,0.007197943444730107,0.2830982275270306,-0.3850792466113349
525.0,10.04,10.12,0.2573316455078125,369,1.0,put,2028-01-21,1.4054794520547946,764.260009765625,10.079999999999998,0.007936507936507945,0.28084303195729005,-0.3755097955951842
530.0,10.4,10.48,0.2548292291259766,1505,4.0,put,2028-01-21,1.4054794520547946,764.260009765625,10.440000000000001,0.007662835249042151,0.27855296607546204,-0.3660310516406404
535.0,10.76,10.85,0.2523268127441406,256,6.0,put,2028-01-21,1.4054794520547946,764.260009765625,10.805,0.008329477093937979,0.2762291353465865,-0.3566413112908014
540.0,11.14,13.5,0.26427432510375976,245,8.0,put,2028-01-21,1.4054794520547946,764.260009765625,12.32,0.1915584415584415,0.28185545624066716,-0.3473389186284879
545.0,11.55,11.64,0.2474440490722656,369,3.0,put,2028-01-21,1.4054794520547946,764.260009765625,11.595,0.007761966364812406,0.2717955411790341,-0.3381222635235639
550.0,11.95,12.05,0.2449797792816162,951,35.0,put,2028-01-21,1.4054794520547946,764.260009765625,12.0,0.008333333333333451,0.26953640679472235,-0.3289897799602914
555.0,12.37,12.46,0.24244684562683103,273,2.0,put,2028-01-21,1.4054794520547946,764.260009765625,12.415,0.007249295207410523,0.26727139723458554,-0.3199399444403735
560.0,12.82,13.0,0.2406158092498779,3223,27.0,put,2028-01-21,1.4054794520547946,764.260009765625,12.91,0.013942680092951179,0.26544612657033495,-0.3109712744576131
565.0,13.27,13.38,0.23775481491088862,643,1.0,put,2028-01-21,1.4054794520547946,764.260009765625,13.325,0.008255159474671762,0.2630296059813036,-0.3020823270403671
570.0,13.74,13.83,0.2352371398925781,1493,8.0,put,2028-01-21,1.4054794520547946,764.260009765625,13.785,0.006528835690968434,0.2608221986853117,-0.29327169735821207
575.0,14.23,14.34,0.23297886169433596,427,2.0,put,2028-01-21,1.4054794520547946,764.260009765625,14.285,0.007700385019250923,0.2587769659749092,-0.28453801738945744
580.0,14.72,14.83,0.23052222122192384,739,7.0,put,2028-01-21,1.4054794520547946,764.260009765625,14.775,0.007445008460236848,0.25659161828443944,-0.2758799546463429
585.0,15.25,15.36,0.22820290847778318,191,5.0,put,2028-01-21,1.4054794520547946,764.260009765625,15.305,0.007187193727539983,0.2545554020355515,-0.26729621095495143
590.0,15.8,15.9,0.22584544914245605,617,9.0,put,2028-01-21,1.4054794520547946,764.260009765625,15.850000000000001,0.006309148264984204,0.25251823975284204,-0.2587855212870428
595.0,16.35,16.55,0.22395337821960445,493,1.0,put,2028-01-21,1.4054794520547946,764.260009765625,16.450000000000003,0.012158054711246155,0.2506918606227219,-0.25034665264117817
600.0,16.93,17.13,0.22161117752075193,1819,4.0,put,2028-01-21,1.4054794520547946,764.260009765625,17.03,0.011743981209630022,0.24866748988815313,-0.24197840297066156
605.0,17.52,17.63,0.21881884704589843,3786,1.0,put,2028-01-21,1.4054794520547946,764.260009765625,17.575,0.006258890469416753,0.24638027065481244,-0.23367960015596648
610.0,18.13,18.26,0.21655293952941893,777,11.0,put,2028-01-21,1.4054794520547946,764.260009765625,18.195,0.007144820005496156,0.24439380916744008,-0.22544910101945104
615.0,18.77,18.99,0.21463798065185546,1210,1.0,put,2028-01-21,1.4054794520547946,764.260009765625,18.88,0.011652542372881297,0.24263658044263803,-0.21728579038029008
620.0,19.42,19.53,0.2117922449493408,3440,20.0,put,2028-01-21,1.4054794520547946,764.260009765625,19.475,0.00564826700898585,0.24035390371916276,-0.20918858014767075
625.0,20.11,20.21,0.20948056152343747,787,5.0,put,2028-01-21,1.4054794520547946,764.260009765625,20.16,0.004960317460317531,0.23841495787770503,-0.2011564084504065
630.0,20.81,21.04,0.20769530105590817,1924,1.0,put,2028-01-21,1.4054794520547946,764.260009765625,20.924999999999997,0.010991636798088433,0.23674928187483057,-0.19318823880122962
635.0,21.54,21.77,0.20539124694824218,2702,10.0,put,2028-01-21,1.4054794520547946,764.260009765625,21.655,0.010621103671207593,0.23482532370898787,-0.18528305929411634
640.0,22.29,22.4,0.202583657836914,7724,1.0,put,2028-01-21,1.4054794520547946,764.260009765625,22.345,0.004922801521593172,0.23263528011715148,-0.17743988183309048
645.0,23.06,23.3,0.20076788009643554,1332,1.0,put,2028-01-21,1.4054794520547946,764.260009765625,23.18,0.010353753235547972,0.2309814359141482,-0.1696577413910354
650.0,23.86,23.98,0.19798317893981934,6639,6.0,put,2028-01-21,1.4054794520547946,764.260009765625,23.92,0.005016722408026797,0.228826829290723,-0.1619356952971251
655.0,24.68,24.8,0.19564097824096682,1476,1.0,put,2028-01-21,1.4054794520547946,764.260009765625,24.740000000000002,0.004850444624090581,0.226914568973027,-0.154272822551556
660.0,25.53,25.65,0.19331403617858886,2139,2.0,put,2028-01-21,1.4054794520547946,764.260009765625,25.59,0.004689331770222643,0.22502729927725143,-0.14666822316633668
665.0,26.39,26.51,0.1909108009338379,1736,18.0,put,2028-01-21,1.4054794520547946,764.260009765625,26.450000000000003,0.004536862003780755,0.22308229728391124,-0.1391210175309538
670.0,27.32,27.43,0.18862200546264646,1842,24.0,put,2028-01-21,1.4054794520547946,764.260009765625,27.375,0.004018264840182628,0.2212922177387155,-0.1316303458017962
675.0,28.25,28.38,0.18632558067321778,1789,4.0,put,2028-01-21,1.4054794520547946,764.260009765625,28.314999999999998,0.004591206074518772,0.2194564861669368,-0.12419536731427812
680.0,29.22,29.35,0.18398719463348384,2040,12.0,put,2028-01-21,1.4054794520547946,764.260009765625,29.285,0.0044391326617723255,0.21763058260254808,-0.11681526001665557
685.0,30.22,30.35,0.18163354995727538,1421,131.0,put,2028-01-21,1.4054794520547946,764.260009765625,30.285,0.004292554069671539,0.2158112089776211,-0.10948921992458267
690.0,31.25,31.54,0.17978725494384767,2080,1.0,put,2028-01-21,1.4054794520547946,764.260009765625,31.395,0.009237139671922254,0.2142819323199595,-0.10221646059550289
695.0,32.32,32.62,0.1774526835632324,396,1.0,put,2028-01-21,1.4054794520547946,764.260009765625,32.47,0.009239297813366097,0.21251434492494298,-0.09499621262201584
700.0,33.42,33.72,0.17506089229583738,2666,132.0,put,2028-01-21,1.4054794520547946,764.260009765625,33.57,0.008936550491510192,0.21072543539015684,-0.08782772314340331
705.0,34.55,34.69,0.17213504875183108,867,1.0,put,2028-01-21,1.4054794520547946,764.260009765625,34.62,0.004043905257076851,0.20865761079435563,-0.08071025537453934
710.0,35.73,36.05,0.17030401237487797,363,4.0,put,2028-01-21,1.4054794520547946,764.260009765625,35.89,0.008916132627472841,0.2072274201084875,-0.07364308815144689
715.0,36.94,37.27,0.16789314781188966,297,1.0,put,2028-01-21,1.4054794520547946,764.260009765625,37.105000000000004,0.00889368009702211,0.20549364040993565,-0.06662551549280035
720.0,38.19,38.52,0.16544413665771485,513,2.0,put,2028-01-21,1.4054794520547946,764.260009765625,38.355000000000004,0.008603832616347422,0.2037601432429536,-0.0596568461767069
725.0,39.49,39.82,0.1629989401626587,366,1.0,put,2028-01-21,1.4054794520547946,764.260009765625,39.655,0.00832177531206653,0.20207221314133064,-0.05273640333213312
730.0,40.82,41.0,0.16006165264129635,517,17.0,put,2028-01-21,1.4054794520547946,764.260009765625,40.91,0.004399902224395007,0.2001237887387341,-0.04586352404437109
735.0,42.21,42.56,0.15808565921783446,203,1.0,put,2028-01-21,1.4054794520547946,764.260009765625,42.385000000000005,0.008257638315441816,0.19875170681998233,-0.03903755897397124
740.0,43.64,43.99,0.15557179885864258,1367,2.0,put,2028-01-21,1.4054794520547946,764.260009765625,43.815,0.007988131918292856,0.1971119972261706,-0.032257871988592486
745.0,42.7,45.5,0.15313041702270513,123,2.0,put,2028-01-21,1.4054794520547946,764.260009765625,44.1,0.06349206349206342,0.19184541055889895,-0.025523839807248417
750.0,46.66,46.86,0.15009776302337646,1958,15.0,put,2028-01-21,1.4054794520547946,764.260009765625,46.76,0.004277159965782781,0.1937209361415144,-0.018834851656451816
755.0,48.24,48.65,0.1481026963043213,2842,2.0,put,2028-01-21,1.4054794520547946,764.260009765625,48.445,0.008463205697182301,0.19247507136243677,-0.012190308937783244
760.0,49.89,50.12,0.14503571037292481,2217,5.0,put,2028-01-21,1.4054794520547946,764.260009765625,50.004999999999995,0.004599540045995339,0.19072284093054923,-0.005589624906431192
765.0,51.57,51.85,0.14250277671813963,3609,9.0,put,2028-01-21,1.4054794520547946,764.260009765625,51.71,0.005414813382324524,0.18926904181673243,0.0009677756397279868
770.0,53.35,53.64,0.13993932579040527,537,7.0,put,2028-01-21,1.4054794520547946,764.260009765625,53.495000000000005,0.005421067389475636,0.18791382357810282,0.007482456660921564
775.0,55.18,55.49,0.1373377282714844,488,1.0,put,2028-01-21,1.4054794520547946,764.260009765625,55.335,0.005602240896358584,0.18658014638601828,0.013954971166539128
780.0,57.11,57.4,0.13468272552490235,2298,5.0,put,2028-01-21,1.4054794520547946,764.260009765625,57.254999999999995,0.0050650598201030335,0.18533720111658336,0.020385861496829437
785.0,59.1,59.41,0.13208112800598146,3549,1.0,put,2028-01-21,1.4054794520547946,764.260009765625,59.254999999999995,0.005231626023120331,0.18418124565771693,0.026775659595600552
790.0,61.17,61.5,0.12945664253234865,1286,1.0,put,2028-01-21,1.4054794520547946,764.260009765625,61.335,0.00538028857911467,0.1831090797789168,0.033124887274259184
795.0,63.33,63.65,0.12675586387634277,500,5.0,put,2028-01-21,1.4054794520547946,764.260009765625,63.489999999999995,0.005040163805323678,0.18210386513277294,0.039434056467524
800.0,65.57,65.9,0.12406271453857423,481,2.0,put,2028-01-21,1.4054794520547946,764.260009765625,65.735,0.005020156689739294,0.18120597016099893,0.045703669481119286
805.0,67.89,68.22,0.1212856427001953,296,8.0,put,2028-01-21,1.4054794520547946,764.260009765625,68.055,0.004849019175666714,0.18037125688017208,0.05193421923175546
810.0,70.3,70.67,0.11858486404418944,131,6.0,put,2028-01-21,1.4054794520547946,764.260009765625,70.485,0.005249343832021062,0.17969723175276825,0.058126189479676425
815.0,72.83,73.17,0.11570098175048829,2742,2.0,put,2028-01-21,1.4054794520547946,764.260009765625,73.0,0.004657534246575389,0.17911282379799115,0.06428005505405478
820.0,75.43,75.79,0.11283235809326173,70,2.0,put,2028-01-21,1.4054794520547946,764.260009765625,75.61000000000001,0.004761274963629141,0.17864631891375476,0.07039628207149076
825.0,78.15,78.52,0.10992558784484863,96,688.0,put,2028-01-21,1.4054794520547946,764.260009765625,78.33500000000001,0.004723303759494355,0.17835489964929405,0.07647532814787304
830.0,80.7,81.65,0.10791144783020021,956,2.0,put,2028-01-21,1.4054794520547946,764.260009765625,81.17500000000001,0.0117031105635972,0.17824045184356,0.08251764260383555
835.0,83.61,86.5,0.11129123580932615,761,2.0,put,2028-01-21,1.4054794520547946,764.260009765625,85.055,0.033978014226089,0.1809245726091335,0.08852366666404753
840.0,87.0,87.35,0.10068648345947265,546,2.0,put,2028-01-21,1.4054794520547946,764.260009765625,87.175,0.004014912532262625,0.1784838440977939,0.09449383365055145
845.0,87.79,92.5,0.10476816871643066,252,2.0,put,2028-01-21,1.4054794520547946,764.260009765625,90.14500000000001,0.05224915414055126,0.17830733161859136,0.10042856917036588
850.0,91.23,96.0,0.10260144233703614,115,2.0,put,2028-01-21,1.4054794520547946,764.260009765625,93.61500000000001,0.05095337285691391,0.17942302130248167,0.10632829129755426
855.0,94.58,99.5,0.0999540689086914,2764,688.0,put,2028-01-21,1.4054794520547946,764.260009765625,97.03999999999999,0.050700741962077515,0.18028259954038775,0.11219341074995223
860.0,98.5,103.29,0.09800859275817872,1394,2.0,put,2028-01-21,1.4054794520547946,764.260009765625,100.89500000000001,0.04747509787402751,0.18226304634799334,0.11802433106074553
865.0,102.06,107.0,0.09517811569213869,11,2.0,put,2028-01-21,1.4054794520547946,764.260009765625,104.53,0.047259160049746465,0.18349317912138718,0.12382144874507132
890.0,123.5,128.24,0.08663327926635742,10,8.0,put,2028-01-21,1.4054794520547946,764.260009765625,125.87,0.03765790100897759,0.1974957565415205,0.15231340453937758
900.0,132.59,137.5,0.08503112243652346,20,30.0,put,2028-01-21,1.4054794520547946,764.260009765625,135.04500000000002,0.03635825095338588,0.2044725581555394,0.16348670513750282
150.0,614.71,619.5,0.559147474975586,28,2.0,call,2028-12-15,2.3068493150684932,764.260009765625,617.105,0.007762050218358243,0.7535741159006453,-1.628272764090552
200.0,570.62,575.0,0.5734905932617188,96,3.0,call,2028-12-15,2.3068493150684932,764.260009765625,572.81,0.007646514551072774,0.6426742855958197,-1.3405906916387713
220.0,545.0,549.17,0.4758658370971679,19,13.0,call,2028-12-15,2.3068493150684932,764.260009765625,547.085,0.0076222159262271105,0.470232732985249,-1.2452805118344463
230.0,544.02,548.5,0.5600935104370117,18,1.0,call,2028-12-15,2.3068493150684932,764.260009765625,546.26,0.008201222860908759,0.5902926007231242,-1.2008287492636125
250.0,526.61,531.0,0.5506178971862794,24,1.0,call,2028-12-15,2.3068493150684932,764.260009765625,528.8050000000001,0.008301736935165109,0.5620802022210595,-1.1174471403245614
260.0,510.0,514.23,0.484654811706543,14,2.0,call,2028-12-15,2.3068493150684932,764.260009765625,512.115,0.008259863507220093,0.44006093324110895,-1.0782264271712803
270.0,509.08,514.0,0.5409591802978517,10,1.0,call,2028-12-15,2.3068493150684932,764.260009765625,511.53999999999996,0.009618016186417517,0.5379034959967763,-1.0404860991884333
300.0,483.0,487.5,0.520863556060791,59,1.0,call,2028-12-15,2.3068493150684932,764.260009765625,485.25,0.00927357032457496,0.5004793865045052,-0.9351255835306069
310.0,466.5,470.83,0.4713187634277344,19,10.0,call,2028-12-15,2.3068493150684932,764.260009765625,468.66499999999996,0.009239008673572774,0.40521878962755187,-0.902335760707616
320.0,464.5,469.0,0.5001346984100342,121,1.0,call,2028-12-15,2.3068493150684932,764.260009765625,466.75,0.0096411355115158,0.46870763249638275,-0.8705870623930357
330.0,455.5,460.46,0.5093280268859863,26,11.0,call,2028-12-15,2.3068493150684932,764.260009765625,457.98,0.010830167256212017,0.45787682433774507,-0.8398154037262819
350.0,439.5,442.67,0.49255878540039066,66,26.0,call,2028-12-15,2.3068493150684932,764.260009765625,441.08500000000004,0.007186823401385256,0.4422343503524241,-0.7809749037033487
355.0,435.12,439.96,0.49835706726074225,10,2.0,call,2028-12-15,2.3068493150684932,764.260009765625,437.53999999999996,0.011061845774100597,0.44363291853433473,-0.7667902687113922
375.0,417.5,422.5,0.48290006851196293,15,1.0,call,2028-12-15,2.3068493150684932,764.260009765625,420.0,0.011904761904761904,0.42323363460283797,-0.7119820322163971
380.0,413.5,418.44,0.48061890235900884,18,4.0,call,2028-12-15,2.3068493150684932,764.260009765625,415.97,0.011875856431954221,0.42079254640838815,-0.6987368054663765
400.0,396.5,401.43,0.4672904833984375,100,3.0,call,2028-12-15,2.3068493150684932,764.260009765625,398.96500000000003,0.01235697366936951,0.4048627331719583,-0.647443511078826
410.0,388.0,392.5,0.4585701726531983,101,24.0,call,2028-12-15,2.3068493150684932,764.260009765625,390.25,0.011531069827033953,0.3956702697445795,-0.6227508984884546
415.0,382.5,387.47,0.4516351223754883,15,3.0,call,2028-12-15,2.3068493150684932,764.260009765625,384.985,0.012909593880281121,0.38539035457458226,-0.6106295379561097
420.0,379.5,384.31,0.4532754257965088,31,2.0,call,2028-12-15,2.3068493150684932,764.260009765625,381.905,0.012594755240177538,0.3889189854375713,-0.5986533469093939
425.0,375.08,380.0,0.4496209823608398,10,1.0,call,2028-12-15,2.3068493150684932,764.260009765625,377.53999999999996,0.01303173173703453,0.38438296985315334,-0.586818889262391
450.0,354.07,359.0,0.43361467269897463,82,1.0,call,2028-12-15,2.3068493150684932,764.260009765625,356.53499999999997,0.013827534463657165,0.3668462159173351,-0.5296604754224425
455.0,330.0,334.16,0.3407887577056885,16,1.0,call,2028-12-15,2.3068493150684932,764.260009765625,332.08000000000004,0.01252710190315594,0.19976784174244816,-0.5186106392358575
460.0,346.0,350.71,0.42755699401855474,82,1.0,call,2028-12-15,2.3068493150684932,764.260009765625,348.355,0.013520690100615691,0.36106848775036265,-0.5076815687036673
465.0,341.52,346.5,0.42424586990356444,16,1.0,call,2028-12-15,2.3068493150684932,764.260009765625,344.01,0.014476323362692998,0.35681691702983787,-0.4968706525994517
475.0,333.5,338.28,0.4183636655426025,41,9.0,call,2028-12-15,2.3068493150684932,764.260009765625,335.89,0.014230849385215317,0.35131294306678246,-0.4755932541521668
485.0,305.5,309.9,0.3336782331085205,18,1.0,call,2028-12-15,2.3068493150684932,764.260009765625,307.7,0.014299642508937203,0.21778289046277205,-0.4547591672493248
500.0,313.0,317.77,0.40344834838867194,154,3.0,call,2028-12-15,2.3068493150684932,764.260009765625,315.385,0.015124371799546529,0.3363066514011403,-0.42429995976461615
510.0,303.66,308.5,0.39365993309020997,31,19.0,call,2028-12-15,2.3068493150684932,764.260009765625,306.08000000000004,0.015812859383167715,0.32521212387748966,-0.40449733246843644
515.0,299.62,304.5,0.39098967170715326,12,1.0,call,2028-12-15,2.3068493150684932,764.260009765625,302.06,0.01615573064953981,0.32261578411497743,-0.39474115752307176
520.0,296.57,301.5,0.3916686810302734,65,33.0,call,2028-12-15,2.3068493150684932,764.260009765625,299.03499999999997,0.0164863644723862,0.3243934206230536,-0.3850792466113349
525.0,292.51,297.5,0.38889923851013186,51,1.0,call,2028-12-15,2.3068493150684932,764.260009765625,295.005,0.016914967542923032,0.32164124305304437,-0.3755097955951842
530.0,288.54,293.5,0.38610690803527825,20,1.0,call,2028-12-15,2.3068493150684932,764.260009765625,291.02,0.0170435021647996,0.3190643291581872,-0.3660310516406404
535.0,284.51,289.5,0.38329168960571286,24,1.0,call,2028-12-15,2.3068493150684932,764.260009765625,287.005,0.01738645668193937,0.31634009654222583,-0.3566413112908014
545.0,276.6,281.5,0.3775925888824463,12,1.0,call,2028-12-15,2.3068493150684932,764.260009765625,279.05,0.01755957713671377,0.31114519981945615,-0.3381222635235639
550.0,272.67,277.5,0.3747087065887451,98,1.0,call,2028-12-15,2.3068493150684932,764.260009765625,275.08500000000004,0.017558209280767702,0.3085662468880942,-0.3289897799602914
555.0,268.74,273.5,0.37180575099945073,158,15.0,call,2028-12-15,2.3068493150684932,764.260009765625,271.12,0.01755680141634697,0.3059655998859707,-0.3199399444403735
560.0,264.79,269.5,0.3688799074554443,49,11.0,call,2028-12-15,2.3068493150684932,764.260009765625,267.145,0.017630874618652717,0.3033050880729641,-0.3109712744576131
570.0,257.15,262.0,0.364462532196045,32,2.0,call,2028-12-15,2.3068493150684932,764.260009765625,259.575,0.018684387941828078,0.29935408522039975,-0.29327169735821207
575.0,253.11,258.0,0.3614603954696655,29,1.0,call,2028-12-15,2.3068493150684932,764.260009765625,255.555,0.019134824206139524,0.2964495945130273,-0.28453801738945744
580.0,249.28,254.0,0.35843537078857424,55,2.0,call,2028-12-15,2.3068493150684932,764.260009765625,251.64,0.01875695437927197,0.2939150071650396,-0.2758799546463429
585.0,245.5,250.44,0.35666536895751955,20,1.0,call,2028-12-15,2.3068493150684932,764.260009765625,247.97,0.01992176472960438,0.2922366282658728,-0.26729621095495143
590.0,241.63,246.5,0.3537662280273437,55,2.0,call,2028-12-15,2.3068493150684932,764.260009765625,244.065,0.019953700858377908,0.2896780988222297,-0.2587855212870428
595.0,237.82,242.5,0.350668724822998,28,10.0,call,2028-12-15,2.3068493150684932,764.260009765625,240.16,0.019487008660892768,0.2870961186914736,-0.25034665264117817
600.0,234.03,239.0,0.3489521282196044,247,16.0,call,2028-12-15,2.3068493150684932,764.260009765625,236.515,0.021013466376339763,0.2853851100535742,-0.24197840297066156
605.0,230.26,235.0,0.3458012197875976,45,15.0,call,2028-12-15,2.3068493150684932,764.260009765625,232.63,0.020375703907492625,0.2828131103021252,-0.23367960015596648
610.0,226.5,231.5,0.34400833000183106,28,1.0,call,2028-12-15,2.3068493150684932,764.260009765625,229.0,0.021834061135371178,0.2810693790175029,-0.22544910101945104
615.0,222.75,227.5,0.34080783100128176,76,2.0,call,2028-12-15,2.3068493150684932,764.260009765625,225.125,0.02109938922820655,0.27847166191790695,-0.21728579038029008
620.0,219.05,224.0,0.3389348333740234,88,11.0,call,2028-12-15,2.3068493150684932,764.260009765625,221.525,0.022345107775646036,0.2767439618030472,-0.20918858014767075
625.0,215.33,220.0,0.33568474380493163,235,1.0,call,2028-12-15,2.3068493150684932,764.260009765625,217.66500000000002,0.021454988169894045,0.27413542501640276,-0.2011564084504065
630.0,211.67,216.5,0.3337354529953003,926,1.0,call,2028-12-15,2.3068493150684932,764.260009765625,214.08499999999998,0.022561132260550777,0.27238848227432577,-0.19318823880122962
635.0,208.0,212.5,0.33043577285766595,345,5.0,call,2028-12-15,2.3068493150684932,764.260009765625,210.25,0.02140309155766944,0.2697984811291724,-0.18528305929411634
640.0,204.34,209.0,0.3284101888656616,713,1.0,call,2028-12-15,2.3068493150684932,764.260009765625,206.67000000000002,0.022548023418977096,0.2679688173851094,-0.17743988183309048
645.0,200.72,205.5,0.3263464582824707,1041,2.0,call,2028-12-15,2.3068493150684932,764.260009765625,203.11,0.023534045591059035,0.26615461618024416,-0.1696577413910354
650.0,197.14,202.0,0.3242369517898559,977,1.0,call,2028-12-15,2.3068493150684932,764.260009765625,199.57,0.02435235756877293,0.2643545255207341,-0.1619356952971251
655.0,193.55,198.0,0.32082283187866206,569,3.0,call,2028-12-15,2.3068493150684932,764.260009765625,195.775,0.022730174945728456,0.2617521047321464,-0.154272822551556
660.0,189.99,194.5,0.31864466152191157,807,1.0,call,2028-12-15,2.3068493150684932,764.260009765625,192.245,0.023459647845197485,0.25989873380233797,-0.14666822316633668
665.0,186.44,191.0,0.31642071525573723,374,1.0,call,2028-12-15,2.3068493150684932,764.260009765625,188.72,0.024162780839338715,0.25801416987259923,-0.1391210175309538
670.0,182.92,187.5,0.314162437057495,526,5.0,call,2028-12-15,2.3068493150684932,764.260009765625,185.20999999999998,0.024728686356028363,0.25612729374452325,-0.1316303458017962
675.0,179.42,184.0,0.31185838294982904,631,1.0,call,2028-12-15,2.3068493150684932,764.260009765625,181.70999999999998,0.025204996973199126,0.25422321972086004,-0.12419536731427812
680.0,175.94,180.5,0.30951618225097655,637,1.0,call,2028-12-15,2.3068493150684932,764.260009765625,178.22,0.025586353944562913,0.2523016796728042,-0.11681526001665557
685.0,172.47,177.0,0.30713583496093744,1454,3.0,call,2028-12-15,2.3068493150684932,764.260009765625,174.735,0.025924972100609497,0.25034857825391377,-0.10948921992458267
690.0,169.04,173.21,0.3040192584609985,2107,6.0,call,2028-12-15,2.3068493150684932,764.260009765625,171.125,0.024368151935719597,0.24800911776489903,-0.10221646059550289
695.0,165.62,170.0,0.30225307128906254,2456,3.0,call,2028-12-15,2.3068493150684932,764.260009765625,167.81,0.02610094750014895,0.24642919665109353,-0.09499621262201584
700.0,162.23,166.74,0.3003152244567871,828,1.0,call,2028-12-15,2.3068493150684932,764.260009765625,164.485,0.027418913578745898,0.24476852430947177,-0.08782772314340331
705.0,158.85,163.5,0.29837737762451166,433,5.0,call,2028-12-15,2.3068493150684932,764.260009765625,161.175,0.028850628199162433,0.24309489392459716,-0.08071025537453934
710.0,155.5,160.0,0.2957872240829467,2016,1.0,call,2028-12-15,2.3068493150684932,764.260009765625,157.75,0.028526148969889066,0.24106771314926087,-0.07364308815144689
715.0,152.2,156.5,0.29315892395019527,643,1.0,call,2028-12-15,2.3068493150684932,764.260009765625,154.35,0.02785876255264018,0.239059250557656,-0.06662551549280035
720.0,148.89,153.38,0.29136221950531,1162,1.0,call,2028-12-15,2.3068493150684932,764.260009765625,151.135,0.02970853872365772,0.2374783572291897,-0.0596568461767069
725.0,145.67,148.98,0.2865862662887573,255,3.0,call,2028-12-15,2.3068493150684932,764.260009765625,147.325,0.022467334125233347,0.2343295045870491,-0.05273640333213312
730.0,142.44,146.7,0.28661296890258786,1275,1.0,call,2028-12-15,2.3068493150684932,764.260009765625,144.57,0.029466694334924198,0.2338100463613858,-0.04586352404437109
735.0,139.26,142.42,0.282046821937561,1190,4.0,call,2028-12-15,2.3068493150684932,764.260009765625,140.83999999999997,0.022436807725078084,0.2307815108406176,-0.03903755897397124
740.0,136.09,139.99,0.2816195801162719,1472,4.0,call,2028-12-15,2.3068493150684932,764.260009765625,138.04000000000002,0.028252680382497862,0.23002176066755142,-0.032257871988592486
745.0,132.93,136.97,0.2797999877166747,1470,5.0,call,2028-12-15,2.3068493150684932,764.260009765625,134.95,0.029937013708780973,0.22847888622181287,-0.025523839807248417
750.0,129.82,133.74,0.2774654163360596,1393,3.0,call,2028-12-15,2.3068493150684932,764.260009765625,131.78,0.029746547275762755,0.22668259236203434,-0.018834851656451816
755.0,126.72,130.47,0.2749858879089356,540,14.0,call,2028-12-15,2.3068493150684932,764.260009765625,128.595,0.029161320424588827,0.22479478730588087,-0.012190308937783244
760.0,123.85,127.38,0.2728573081207275,2225,3.0,call,2028-12-15,2.3068493150684932,764.260009765625,125.615,0.028101739441945637,0.22334344122409458,-0.005589624906431192
765.0,120.63,124.26,0.27061428855895997,477,3.0,call,2028-12-15,2.3068493150684932,764.260009765625,122.445,0.02964596349381363,0.22137844664190984,0.0009677756397279868
770.0,117.62,120.41,0.2667118922805787,795,1.0,call,2028-12-15,2.3068493150684932,764.260009765625,119.015,0.0234424232239633,0.21874423149683295,0.007482456660921564
775.0,114.65,118.18,0.26631135307312015,1713,1.0,call,2028-12-15,2.3068493150684932,764.260009765625,116.415,0.03032255293561827,0.21801009538430516,0.013954971166539128
780.0,111.69,115.2,0.26420947589874266,312,1.0,call,2028-12-15,2.3068493150684932,764.260009765625,113.445,0.03094010313367716,0.21634053715302,0.020385861496829437
785.0,108.79,112.21,0.2620274908828735,258,1.0,call,2028-12-15,2.3068493150684932,764.260009765625,110.5,0.03095022624434378,0.214667390914965,0.026775659595600552
790.0,106.0,108.87,0.25902916881561283,122,3.0,call,2028-12-15,2.3068493150684932,764.260009765625,107.435,0.026713826965141754,0.2126554218026567,0.033124887274259184
795.0,103.04,106.32,0.25769022346496584,73,1.0,call,2028-12-15,2.3068493150684932,764.260009765625,104.68,0.031333588077951724,0.21129452735784213,0.039434056467524
800.0,101.85,103.12,0.2548826343536378,4455,2.0,call,2028-12-15,2.3068493150684932,764.260009765625,102.485,0.01239205737424999,0.21114401022230211,0.045703669481119286
805.0,97.45,100.59,0.2534597665023804,285,7.0,call,2028-12-15,2.3068493150684932,764.260009765625,99.02000000000001,0.03171076550191881,0.20803064636700105,0.05193421923175546
810.0,94.71,97.78,0.2513731479644775,1135,7.0,call,2028-12-15,2.3068493150684932,764.260009765625,96.245,0.03189776092264541,0.2064243820482874,0.058126189479676425
815.0,92.01,95.0,0.24929034408569334,273,6.0,call,2028-12-15,2.3068493150684932,764.260009765625,93.505,0.03197689963103572,0.2048296447636544,0.06428005505405478
820.0,89.32,93.4,0.24968706863403317,785,16.0,call,2028-12-15,2.3068493150684932,764.260009765625,91.36,0.04465849387040294,0.20450261925165686,0.07039628207149076
825.0,86.7,89.55,0.24516288291931151,307,6.0,call,2028-12-15,2.3068493150684932,764.260009765625,88.125,0.03234042553191483,0.20165842353551341,0.07647532814787304
830.0,84.08,88.0,0.24554053417205807,1193,2.0,call,2028-12-15,2.3068493150684932,764.260009765625,86.03999999999999,0.04556020455602048,0.20131892076111146,0.08251764260383555
835.0,81.52,85.44,0.2436675365447998,206,10.0,call,2028-12-15,2.3068493150684932,764.260009765625,83.47999999999999,0.046957355055103046,0.19984423013120944,0.08852366666404753
840.0,80.29,80.5,0.23657989990234374,495,8.0,call,2028-12-15,2.3068493150684932,764.260009765625,80.39500000000001,0.0026121027427078018,0.1971291561626743,0.09449383365055145
845.0,77.77,77.99,0.23467257034301758,480,5.0,call,2028-12-15,2.3068493150684932,764.260009765625,77.88,0.0028248587570621326,0.19561043659876207,0.10042856917036588
850.0,75.28,75.51,0.23275761146545412,728,6.0,call,2028-12-15,2.3068493150684932,764.260009765625,75.39500000000001,0.0030506001724252794,0.19408355367313085,0.10632829129755426
855.0,72.85,73.06,0.23083502326965333,135,1.0,call,2028-12-15,2.3068493150684932,764.260009765625,72.955,0.002878486738400493,0.19258068280312893,0.11219341074995223
860.0,68.1,73.0,0.23406222488403317,219,3.0,call,2028-12-15,2.3068493150684932,764.260009765625,70.55,0.06945428773919214,0.19107848800072802,0.11802433106074553
865.0,68.12,68.33,0.22713861858367917,284,1.0,call,2028-12-15,2.3068493150684932,764.260009765625,68.225,0.003078050567973525,0.18967585937558457,0.12382144874507132
870.0,65.81,66.02,0.22529613822937009,216,25.0,call,2028-12-15,2.3068493150684932,764.260009765625,65.91499999999999,0.0031859212622315676,0.18822742460826525,0.1295851534618215
875.0,63.57,63.78,0.2235337657165527,207,10.0,call,2028-12-15,2.3068493150684932,764.260009765625,63.675,0.0032979976442874103,0.18685458119234197,0.13531582817080642
880.0,61.36,61.56,0.22173324661254878,183,48.0,call,2028-12-15,2.3068493150684932,764.260009765625,61.46,0.0032541490400260793,0.18545627932579353,0.14101384928544425
885.0,59.19,59.39,0.2199632447814941,53,1.0,call,2028-12-15,2.3068493150684932,764.260009765625,59.29,0.003373250126496928,0.18407621410077984,0.1466795868211215
890.0,57.07,57.28,0.21824664817810055,416,60.0,call,2028-12-15,2.3068493150684932,764.260009765625,57.175,0.0036729339746392805,0.18273612811165818,0.15231340453937758
895.0,55.01,55.23,0.21658727146148682,2129,40.0,call,2028-12-15,2.3068493150684932,764.260009765625,55.12,0.0039912917271407635,0.18144690241879324,0.15791566008804733
900.0,52.16,54.03,0.21678181907653807,2359,7.0,call,2028-12-15,2.3068493150684932,764.260009765625,53.095,0.03521988887842555,0.18014037659932536,0.16348670513750282
905.0,51.01,51.22,0.21321892745971682,226,1.0,call,2028-12-15,2.3068493150684932,764.260009765625,51.114999999999995,0.004108383057810836,0.17884977324831708,0.1690268855131181
910.0,49.1,49.32,0.211647287902832,363,4.0,call,2028-12-15,2.3068493150684932,764.260009765625,49.21,0.004470636049583395,0.1776434629831354,0.17453654132408777
915.0,47.24,47.44,0.21003750175476074,140,1.0,call,2028-12-15,2.3068493150684932,764.260009765625,47.34,0.0042247570764680125,0.17643006761439495,0.18001600708871346
920.0,45.42,45.62,0.20848112083435053,284,2.0,call,2028-12-15,2.3068493150684932,764.260009765625,45.519999999999996,0.004393673110720469,0.17524381191746868,0.18546561185627802
925.0,42.99,44.58,0.20869474174499505,373,5.0,call,2028-12-15,2.3068493150684932,764.260009765625,43.785,0.03631380609797868,0.17416683477114125,0.1908856793256173
930.0,41.93,42.12,0.20543702285766602,416,7.0,call,2028-12-15,2.3068493150684932,764.260009765625,42.025,0.0045211183819154725,0.17294163087415912,0.19627652796049364
935.0,40.27,40.45,0.20397600841522212,94,2.0,call,2028-12-15,2.3068493150684932,764.260009765625,40.36,0.004459861248761143,0.1718500348245634,0.2016384711018791
940.0,38.06,39.51,0.20422014659881588,255,1.0,call,2028-12-15,2.3068493150684932,764.260009765625,38.785,0.037385587211550754,0.17088347320061026,0.2069718170772416
945.0,37.08,37.25,0.20112645805358884,275,1.0,call,2028-12-15,2.3068493150684932,764.260009765625,37.165,0.004574196152293871,0.16971751113996514,0.21227686930693485
950.0,35.56,35.74,0.19978751270294193,461,2.0,call,2028-12-15,2.3068493150684932,764.260009765625,35.650000000000006,0.005049088359046275,0.16871435320122402,0.21755392640777851
955.0,33.58,34.89,0.20004690952301024,247,1.0,call,2028-12-15,2.3068493150684932,764.260009765625,34.235,0.03826493354753913,0.16786705282371944,0.22280328229392232
960.0,32.18,33.45,0.19873085212707517,336,1.0,call,2028-12-15,2.3068493150684932,764.260009765625,32.815,0.038701813195185224,0.1669173175138202,0.2280252262750739
965.0,30.83,32.06,0.197449126663208,93,1.0,call,2028-12-15,2.3068493150684932,764.260009765625,31.445,0.03911591667991744,0.16600179838090362,0.233220043152178
970.0,29.98,30.15,0.19468731346130372,194,1.0,call,2028-12-15,2.3068493150684932,764.260009765625,30.064999999999998,0.005654415433227945,0.1649673135052086,0.23838801331062048
975.0,28.7,28.88,0.19352002777099608,257,156.0,call,2028-12-15,2.3068493150684932,764.260009765625,28.79,0.0062521708926710565,0.16411041329681397,0.24352941281103924
980.0,27.49,27.64,0.1923451127624512,253,1.0,call,2028-12-15,2.3068493150684932,764.260009765625,27.564999999999998,0.005441683294032365,0.16329317741171398,0.24864451347780958
985.0,26.3,26.46,0.19123886161804202,142,2.0,call,2028-12-15,2.3068493150684932,764.260009765625,26.380000000000003,0.006065200909780142,0.1624911179525171,0.2537335829852809
990.0,25.16,25.31,0.19013261047363283,335,3.0,call,2028-12-15,2.3068493150684932,764.260009765625,25.235,0.00594412522290464,0.16170573995763077,0.25879688494182773
995.0,24.07,24.22,0.1891026525115967,62,1.0,call,2028-12-15,2.3068493150684932,764.260009765625,24.145,0.0062124663491405505,0.16098052124538656,0.2638346789717848
1000.0,23.02,23.18,0.18813372909545895,8455,56.0,call,2028-12-15,2.3068493150684932,764.260009765625,23.1,0.0069264069264069325,0.1602911592522223,0.2688472207953292
1005.0,22.01,22.17,0.18716480567932128,34,1.0,call,2028-12-15,2.3068493150684932,764.260009765625,22.090000000000003,0.007243096423721146,0.15961179624681157,0.27383476230636816
1010.0,21.04,21.2,0.1862263995361328,133,30.0,call,2028-12-15,2.3068493150684932,764.260009765625,21.119999999999997,0.007575757575757584,0.1589588275783685,0.27879755164849723
1015.0,20.13,20.28,0.18534902793884275,93,29.0,call,2028-12-15,2.3068493150684932,764.260009765625,20.205,0.007423904974016439,0.15837983449127294,0.2837358332890797
1020.0,19.25,19.39,0.18448691497802733,168,1.0,call,2028-12-15,2.3068493150684932,764.260009765625,19.32,0.0072463768115942325,0.1578042301944649,0.28864984809150884
1025.0,18.38,18.51,0.18356376747131345,33,1.0,call,2028-12-15,2.3068493150684932,764.260009765625,18.445,0.007047980482515726,0.15717150484821812,0.29353983338570055
1030.0,17.55,17.7,0.1827779476928711,430,1.0,call,2028-12-15,2.3068493150684932,764.260009765625,17.625,0.008510638297872259,0.1566223611742271,0.2984060230368735
1035.0,16.78,16.93,0.18204553314208982,145,1.0,call,2028-12-15,2.3068493150684932,764.260009765625,16.855,0.008899436369029876,0.1561473850447548,0.30324864751266145
1040.0,16.02,16.17,0.18126734268188477,150,1.0,call,2028-12-15,2.3068493150684932,764.260009765625,16.095,0.009319664492078418,0.15562071848489437,0.30806793394861043
1045.0,15.3,15.44,0.18050441085815427,11,3.0,call,2028-12-15,2.3068493150684932,764.260009765625,15.370000000000001,0.009108653220559452,0.15512512909885828,0.31286410621210337
1050.0,14.62,14.76,0.17983303085327146,1468,1.0,call,2028-12-15,2.3068493150684932,764.260009765625,14.69,0.009530292716133463,0.1546989894478126,0.3176373849647611
1055.0,13.97,14.11,0.17919216812133787,84,1.0,call,2028-12-15,2.3068493150684932,764.260009765625,14.04,0.009971509971509886,0.15429587011509552,0.32238798772335886
1060.0,13.35,13.48,0.178543676071167,64,3.0,call,2028-12-15,2.3068493150684932,764.260009765625,13.415,0.009690644800596407,0.15390117412890034,0.32711612891930486
1070.0,12.17,12.3,0.17731535583496094,686,1.0,call,2028-12-15,2.3068493150684932,764.260009765625,12.235,0.010625255414793689,0.15312839865078332,0.3365058692691439
1075.0,11.36,12.01,0.17781126152038576,69,40.0,call,2028-12-15,2.3068493150684932,764.260009765625,11.684999999999999,0.055626872058194304,0.1527745251123538,0.34116788237495527
1085.0,10.61,10.74,0.17574371627807617,15,1.0,call,2028-12-15,2.3068493150684932,764.260009765625,10.675,0.012177985948477825,0.15219122175362418,0.35042720778775205
1090.0,10.14,10.25,0.17518677604675292,86,8.0,call,2028-12-15,2.3068493150684932,764.260009765625,10.195,0.01078960274644428,0.15188887177247126,0.3550249170363814
1100.0,9.27,9.37,0.1743094044494629,2211,1.0,call,2028-12-15,2.3068493150684932,764.260009765625,9.32,0.010729613733905541,0.15142449508385425,0.3641574005996539
1105.0,8.84,8.96,0.17389742126464847,14,2.0,call,2028-12-15,2.3068493150684932,764.260009765625,8.9,0.013483146067415842,0.15116161394561423,0.3686925557650453
1110.0,8.46,8.57,0.1735159553527832,405,1.0,call,2028-12-15,2.3068493150684932,764.260009765625,8.515,0.012918379330593003,0.15098685791216265,0.3732072361195718
1115.0,8.1,8.21,0.17321078262329104,278,250.0,call,2028-12-15,2.3068493150684932,764.260009765625,8.155000000000001,0.013488657265481445,0.15086198591045447,0.3777016257074112
1120.0,7.72,7.83,0.17273776489257814,243,1.0,call,2028-12-15,2.3068493150684932,764.260009765625,7.775,0.0141479099678457,0.15057399739297214,0.3821759061023322
1125.0,7.39,7.5,0.1724554801177979,87,1.0,call,2028-12-15,2.3068493150684932,764.260009765625,7.445,0.014775016789791848,0.15046193217140172,0.38663025645171256
1130.0,7.06,7.17,0.17211216079711916,305,50.0,call,2028-12-15,2.3068493150684932,764.260009765625,7.115,0.015460295151089293,0.1502855342194661,0.39106485351957826
1135.0,6.57,7.05,0.17286746330261232,243,5.0,call,2028-12-15,2.3068493150684932,764.260009765625,6.8100000000000005,0.07048458149779728,0.1501736437660681,0.3954798717286951
1140.0,6.28,6.75,0.17258517852783206,68,50.0,call,2028-12-15,2.3068493150684932,764.260009765625,6.515000000000001,0.07214121258633917,0.15005242580307013,0.3998754832017333
1150.0,5.92,6.02,0.1710287976074219,976,6.0,call,2028-12-15,2.3068493150684932,764.260009765625,5.97,0.01675041876046895,0.1498735585961421,0.40860916317048784
1160.0,5.43,5.53,0.17064733169555668,383,16.0,call,2028-12-15,2.3068493150684932,764.260009765625,5.48,0.018248175182481848,0.14977620132143996,0.41726722591360244
1170.0,4.99,5.09,0.17034215896606447,262,13.0,call,2028-12-15,2.3068493150684932,764.260009765625,5.04,0.01984126984126977,0.1497600616255137,0.4258509696049939
1180.0,4.58,4.67,0.16996832237243656,16,1.0,call,2028-12-15,2.3068493150684932,764.260009765625,4.625,0.019459459459459427,0.14968732551010225,0.43436165927290254
1190.0,4.21,4.31,0.16980810668945315,329,4.0,call,2028-12-15,2.3068493150684932,764.260009765625,4.26,0.023474178403755788,0.1497434697498575,0.4428005279187671
1200.0,3.88,3.97,0.1695944857788086,4579,466.0,call,2028-12-15,2.3068493150684932,764.260009765625,3.925,0.022929936305732562,0.14981665163981206,0.45116877758928375
1210.0,3.58,3.66,0.1694418994140625,763,5.0,call,2028-12-15,2.3068493150684932,764.260009765625,3.62,0.022099447513812175,0.14992563325981895,0.45946758040397884
1220.0,3.3,3.38,0.16933508895874022,472,1.0,call,2028-12-15,2.3068493150684932,764.260009765625,3.34,0.023952095808383256,0.15004992471647713,0.4676980795404943
1230.0,3.05,3.14,0.1694266407775879,242,4.0,call,2028-12-15,2.3068493150684932,764.260009765625,3.0949999999999998,0.029079159935379746,0.15029645458297206,0.47586139017965523
1240.0,2.83,2.9,0.16935034759521483,471,6.0,call,2028-12-15,2.3068493150684932,764.260009765625,2.865,0.024432809773123853,0.15051232068871379,0.48395860041227456
1250.0,2.61,2.69,0.16939612350463867,3576,3.0,call,2028-12-15,2.3068493150684932,764.260009765625,2.65,0.030188679245283047,0.1507057124343612,0.49199077210953884
1260.0,2.44,2.5,0.16950293395996097,461,1.0,call,2028-12-15,2.3068493150684932,764.260009765625,2.4699999999999998,0.024291497975708527,0.15109648252510638,0.4999589417587157
1270.0,2.26,2.32,0.1695639685058594,64,1.0,call,2028-12-15,2.3068493150684932,764.260009765625,2.29,0.026200873362445438,0.15134302289824955,0.5078641212658289
1280.0,2.1,2.17,0.16985388259887696,695,500.0,call,2028-12-15,2.3068493150684932,764.260009765625,2.135,0.032786885245901565,0.15172500437014233,0.5157072987268548
1290.0,1.96,2.03,0.17012853805541994,319,1.0,call,2028-12-15,2.3068493150684932,764.260009765625,1.9949999999999999,0.035087719298245536,0.15215371743090594,0.5234894391689099
1300.0,1.83,1.89,0.17026586578369146,2063,400.0,call,2028-12-15,2.3068493150684932,764.260009765625,1.8599999999999999,0.03225806451612894,0.1525179308674289,0.5312114852628202
1310.0,1.71,1.77,0.17057103851318361,717,6.0,call,2028-12-15,2.3068493150684932,764.260009765625,1.74,0.03448275862068969,0.15295397594442273,0.5388743580083893
1320.0,1.61,1.65,0.17075414215087892,849,40.0,call,2028-12-15,2.3068493150684932,764.260009765625,1.63,0.024539877300613383,0.15341184803246524,0.5464789573936086
1330.0,1.51,1.55,0.17108983215332033,277,1.0,call,2028-12-15,2.3068493150684932,764.260009765625,1.53,0.026143790849673224,0.1539044440715045,0.5540261630289915
1340.0,1.42,1.46,0.17151707397460939,665,1.0,call,2028-12-15,2.3068493150684932,764.260009765625,1.44,0.027777777777777804,0.1544460481773859,0.5615168347581492
1350.0,1.33,1.38,0.1720053503417969,5287,2.0,call,2028-12-15,2.3068493150684932,764.260009765625,1.355,0.036900369003689905,0.15496942337807562,0.5689518132456672
1360.0,1.15,1.33,0.17295138580322267,12,1.0,call,2028-12-15,2.3068493150684932,764.260009765625,1.24,0.14516129032258077,0.15486492325040133,0.5763319205432897
1370.0,1.19,1.23,0.17289035125732422,595,36.0,call,2028-12-15,2.3068493150684932,764.260009765625,1.21,0.03305785123966945,0.15616483304775874,0.5836579606353627
1380.0,1.13,1.17,0.17350069671630858,149,40.0,call,2028-12-15,2.3068493150684932,764.260009765625,1.15,0.03478260869565221,0.15686587153357906,0.5909307199644425
1390.0,1.08,1.12,0.17423311126708985,34,10.0,call,2028-12-15,2.3068493150684932,764.260009765625,1.1,0.03636363636363639,0.157689242047081,0.5981509679379294
1410.0,0.99,1.03,0.17572845764160155,12,1.0,call,2028-12-15,2.3068493150684932,764.260009765625,1.01,0.03960396039603964,0.15935878889385738,0.6124369251854059
1420.0,0.95,0.99,0.17652190673828128,15,5.0,call,2028-12-15,2.3068493150684932,764.260009765625,0.97,0.041237113402061897,0.16021563990774626,0.6195040924084985
1440.0,0.88,0.92,0.17816983947753906,12,6.0,call,2028-12-15,2.3068493150684932,764.260009765625,0.9,0.04444444444444448,0.16200229013088677,0.6334903343832384
1450.0,0.85,0.89,0.17902432312011718,71,1.0,call,2028-12-15,2.3068493150684932,764.260009765625,0.87,0.045977011494252915,0.16294427100755518,0.6404107772278121
1460.0,0.82,0.86,0.1798788067626953,57,1.0,call,2028-12-15,2.3068493150684932,764.260009765625,0.84,0.047619047619047665,0.16384418307554555,0.6472836565155742
1470.0,0.79,0.83,0.180672255859375,429,2.0,call,2028-12-15,2.3068493150684932,764.260009765625,0.81,0.049382716049382616,0.16470093827226664,0.6541096215859741
1480.0,0.77,0.81,0.18170984313964844,11102,22.0,call,2028-12-15,2.3068493150684932,764.260009765625,0.79,0.050632911392405104,0.16577774548867968,0.6608893085713529
70.0,0.13,0.16,0.5644574804687501,20,1.0,put,2028-12-15,2.3068493150684932,764.260009765625,0.14500000000000002,0.2068965517241379,0.582932246758171,-2.390412816137449
80.0,0.18,0.21,0.5478560839843751,18,1.0,put,2028-12-15,2.3068493150684932,764.260009765625,0.195,0.15384615384615383,0.56687058313972,-2.2568814235129264
90.0,0.24,0.27,0.53320779296875,58,2.0,put,2028-12-15,2.3068493150684932,764.260009765625,0.255,0.11764705882352951,0.552707270510821,-2.1390983878565426
100.0,0.33,0.34,0.5217332983398437,996,43.0,put,2028-12-15,2.3068493150684932,764.260009765625,0.335,0.02985074626865674,0.5416873070379523,-2.0337378721987167
110.0,0.39,0.42,0.5075732836914062,56,1.0,put,2028-12-15,2.3068493150684932,764.260009765625,0.405,0.074074074074074,0.5279732988200003,-1.9384276923943917
120.0,0.48,0.51,0.49805189453125004,135,136.0,put,2028-12-15,2.3068493150684932,764.260009765625,0.495,0.06060606060606066,0.5168527604397257,-1.851416315404762
130.0,0.59,0.61,0.48682153808593753,523,26.0,put,2028-12-15,2.3068493150684932,764.260009765625,0.6,0.03333333333333337,0.506875695271302,-1.7713736077312254
140.0,0.7,0.73,0.4771780798339844,23,1.0,put,2028-12-15,2.3068493150684932,764.260009765625,0.715,0.041958041958041994,0.4972617447938609,-1.6972656355775038
160.0,0.95,0.98,0.45740288696289066,10,1.0,put,2028-12-15,2.3068493150684932,764.260009765625,0.965,0.03108808290155443,0.47835102231463117,-1.563734242952981
180.0,1.23,1.26,0.43860424682617194,115,15.0,put,2028-12-15,2.3068493150684932,764.260009765625,1.245,0.024096385542168693,0.4603574385142091,-1.4459512072965974
190.0,1.4,1.43,0.4304866522216797,286,2.0,put,2028-12-15,2.3068493150684932,764.260009765625,1.415,0.021201413427561856,0.45258941369941247,-1.391883986026322
200.0,1.54,1.57,0.42090422851562503,2906,1.0,put,2028-12-15,2.3068493150684932,764.260009765625,1.5550000000000002,0.019292604501607732,0.4432801662697435,-1.3405906916387713
210.0,1.71,1.74,0.412542495727539,136,10.0,put,2028-12-15,2.3068493150684932,764.260009765625,1.725,0.0173913043478261,0.43520825328449264,-1.2918005274693392
220.0,1.89,1.92,0.40442490112304685,35,20.0,put,2028-12-15,2.3068493150684932,764.260009765625,1.9049999999999998,0.01574803149606301,0.42739829044129496,-1.2452805118344463
230.0,2.08,2.11,0.3965514447021484,164,1.0,put,2028-12-15,2.3068493150684932,764.260009765625,2.0949999999999998,0.01431980906921232,0.41982129407035895,-1.2008287492636125
240.0,2.28,2.31,0.38892212646484375,75,1.0,put,2028-12-15,2.3068493150684932,764.260009765625,2.295,0.01307189542483671,0.41245292178606696,-1.1582691348448166
250.0,2.48,2.52,0.3814453945922851,617,1.0,put,2028-12-15,2.3068493150684932,764.260009765625,2.5,0.016000000000000014,0.40513732308883543,-1.1174471403245614
260.0,2.7,2.74,0.37415176635742187,47,1.0,put,2028-12-15,2.3068493150684932,764.260009765625,2.72,0.014705882352941188,0.3981375078060127,-1.0782264271712803
270.0,2.93,2.97,0.3670412417602539,23,1.0,put,2028-12-15,2.3068493150684932,764.260009765625,2.95,0.013559322033898317,0.39129131518508514,-1.0404860991884333
280.0,3.18,3.21,0.3600527862548828,48,1.0,put,2028-12-15,2.3068493150684932,764.260009765625,3.1950000000000003,0.009389671361502285,0.3846925567766341,-1.0041184550175584
290.0,3.43,3.47,0.3534000207519531,419,4.0,put,2028-12-15,2.3068493150684932,764.260009765625,3.45,0.011594202898550735,0.37820736226216206,-0.9690271352062881
300.0,3.7,3.74,0.34680828979492184,1421,5.0,put,2028-12-15,2.3068493150684932,764.260009765625,3.72,0.01075268817204302,0.37192028729430665,-0.9351255835306069
310.0,4.01,4.06,0.34097949066162114,563,5.0,put,2028-12-15,2.3068493150684932,764.260009765625,4.035,0.012391573729863648,0.3663233012914456,-0.902335760707616
320.0,4.28,4.32,0.33408258697509763,228,8.0,put,2028-12-15,2.3068493150684932,764.260009765625,4.300000000000001,0.009302325581395356,0.3597597715125,-0.8705870623930357
325.0,4.31,4.66,0.33365534515380857,66,10.0,put,2028-12-15,2.3068493150684932,764.260009765625,4.484999999999999,0.07803790412486078,0.35728939991026853,-0.8550828758570704
330.0,4.47,4.81,0.33040525558471673,123,1.0,put,2028-12-15,2.3068493150684932,764.260009765625,4.64,0.0732758620689655,0.35430991625182506,-0.8398154037262819
335.0,4.74,4.79,0.32485111190795896,29,3.0,put,2028-12-15,2.3068493150684932,764.260009765625,4.765000000000001,0.010493179433368272,0.35086919989808985,-0.8247775263617415
340.0,4.9,4.96,0.3219061950683593,63,6.0,put,2028-12-15,2.3068493150684932,764.260009765625,4.93,0.012170385395537447,0.34800564414809754,-0.8099624405766008
345.0,5.07,5.12,0.31880869186401356,65,21.0,put,2028-12-15,2.3068493150684932,764.260009765625,5.095000000000001,0.009813542688910661,0.3451170931299925,-0.7953636411554482
350.0,5.24,5.3,0.31594006820678705,250,3.0,put,2028-12-15,2.3068493150684932,764.260009765625,5.27,0.011385199240986644,0.3423403893113549,-0.7809749037033487
355.0,5.43,5.48,0.3130561859130859,22,1.0,put,2028-12-15,2.3068493150684932,764.260009765625,5.455,0.00916590284143001,0.3396662123904934,-0.7667902687113922
360.0,5.61,5.67,0.31024859680175776,39,1.0,put,2028-12-15,2.3068493150684932,764.260009765625,5.640000000000001,0.010638297872340356,0.3369602513228001,-0.7528040267366523
365.0,5.79,5.85,0.3073036799621582,22,3.0,put,2028-12-15,2.3068493150684932,764.260009765625,5.82,0.010309278350515396,0.33416483001340797,-0.7390107046043164
370.0,5.99,6.06,0.30466393585205076,110,2.0,put,2028-12-15,2.3068493150684932,764.260009765625,6.025,0.011618257261410688,0.33164353893236037,-0.7254050525485378
375.0,6.19,6.25,0.30178005355834964,78,1.0,put,2028-12-15,2.3068493150684932,764.260009765625,6.220000000000001,0.009646302250803795,0.328970810602196,-0.7119820322163971
380.0,6.39,6.45,0.2989877230834961,211,1.0,put,2028-12-15,2.3068493150684932,764.260009765625,6.42,0.009345794392523442,0.32632734750994913,-0.6987368054663765
385.0,6.6,6.67,0.29634797897338866,43,15.0,put,2028-12-15,2.3068493150684932,764.260009765625,6.635,0.010550113036925438,0.3238194964546549,-0.6856647238990238
390.0,6.81,6.89,0.29369297622680657,67,2.0,put,2028-12-15,2.3068493150684932,764.260009765625,6.85,0.011678832116788333,0.32127810940993895,-0.6727613190631159
395.0,7.04,7.12,0.29109900802612293,18,2.0,put,2028-12-15,2.3068493150684932,764.260009765625,7.08,0.011299435028248598,0.31885967253730324,-0.6600222932856862
400.0,7.28,7.35,0.2884592639160155,914,63.0,put,2028-12-15,2.3068493150684932,764.260009765625,7.3149999999999995,0.00956937799043054,0.31645461094787203,-0.647443511078826
405.0,7.51,7.59,0.2858958129882812,330,1.0,put,2028-12-15,2.3068493150684932,764.260009765625,7.55,0.010596026490066236,0.31401354644880236,-0.6350209910802689
410.0,7.76,7.84,0.283362879333496,1248,1.0,put,2028-12-15,2.3068493150684932,764.260009765625,7.8,0.010256410256410265,0.31168038136308157,-0.6227508984884546
415.0,8.01,8.1,0.28090623886108396,26,1.0,put,2028-12-15,2.3068493150684932,764.260009765625,8.055,0.011173184357541882,0.3093549364359311,-0.6106295379561097
420.0,8.27,8.36,0.27838856384277344,203,2.0,put,2028-12-15,2.3068493150684932,764.260009765625,8.315,0.010823812387251937,0.3070364884217235,-0.5986533469093939
425.0,8.55,8.64,0.27600821655273433,116,7.0,put,2028-12-15,2.3068493150684932,764.260009765625,8.595,0.010471204188481659,0.30485396461964215,-0.586818889262391
430.0,8.83,8.92,0.2735820933532715,141,1.0,put,2028-12-15,2.3068493150684932,764.260009765625,8.875,0.01014084507042252,0.30262812538279926,-0.5751228494991998
435.0,9.12,9.21,0.2712017460632324,20,1.0,put,2028-12-15,2.3068493150684932,764.260009765625,9.165,0.009819967266775956,0.3004439408587883,-0.5635620270981238
440.0,9.4,9.7,0.27020993469238286,39,1.0,put,2028-12-15,2.3068493150684932,764.260009765625,9.55,0.031413612565444914,0.29897291894189976,-0.552133331274501
445.0,9.72,9.83,0.2665936378479004,311,5.0,put,2028-12-15,2.3068493150684932,764.260009765625,9.775,0.011253196930946233,0.29618650263260277,-0.5408337760205677
450.0,10.04,10.14,0.2642285491943359,469,2.0,put,2028-12-15,2.3068493150684932,764.260009765625,10.09,0.009910802775024917,0.2940691192038496,-0.5296604754224425
455.0,10.37,10.48,0.26201604690551755,141,10.0,put,2028-12-15,2.3068493150684932,764.260009765625,10.425,0.010551558752997717,0.29205596878678036,-0.5186106392358575
460.0,10.71,10.82,0.25977302734375,118,1.0,put,2028-12-15,2.3068493150684932,764.260009765625,10.765,0.010218300046446764,0.29003122691162214,-0.5076815687036673
465.0,11.07,11.18,0.25760630096435544,13,3.0,put,2028-12-15,2.3068493150684932,764.260009765625,11.125,0.009887640449438151,0.2880998164576485,-0.4968706525994517
470.0,11.43,11.53,0.25533276412963873,149,1.0,put,2028-12-15,2.3068493150684932,764.260009765625,11.48,0.008710801393728191,0.2860843144290631,-0.48617536348270374
475.0,11.8,11.91,0.2531965550231934,92,3.0,put,2028-12-15,2.3068493150684932,764.260009765625,11.855,0.009278785322648623,0.28415596128084436,-0.4755932541521668
480.0,12.19,12.3,0.25106034591674803,131,1.0,put,2028-12-15,2.3068493150684932,764.260009765625,12.245000000000001,0.008983258472846157,0.28227541557978403,-0.4651219542848714
485.0,12.58,12.69,0.2488936195373535,267,250.0,put,2028-12-15,2.3068493150684932,764.260009765625,12.635,0.00870597546497819,0.2803441194379514,-0.4547591672493248
490.0,12.98,13.11,0.24683370361328127,69,1.0,put,2028-12-15,2.3068493150684932,764.260009765625,13.045,0.009965504024530395,0.2784878829465163,-0.44450266708213576
495.0,13.41,13.53,0.2447280117797852,19,1.0,put,2028-12-15,2.3068493150684932,764.260009765625,13.469999999999999,0.008908685968819541,0.27667065365191906,-0.43435029561811755
500.0,13.84,13.97,0.24268335449218748,1188,1.0,put,2028-12-15,2.3068493150684932,764.260009765625,13.905000000000001,0.009349154980222997,0.2748596937412607,-0.42429995976461615
505.0,14.3,14.43,0.24068447311401364,234,3.0,put,2028-12-15,2.3068493150684932,764.260009765625,14.365,0.00904977375565604,0.2731393044770022,-0.41434962891144805
510.0,14.75,14.89,0.23863218650817872,83,3.0,put,2028-12-15,2.3068493150684932,764.260009765625,14.82,0.009446693657220012,0.27133537663589097,-0.40449733246843644
515.0,15.12,15.55,0.2375030474090576,79,1.0,put,2028-12-15,2.3068493150684932,764.260009765625,15.335,0.0280404303880014,0.2698059740609593,-0.39474115752307176
520.0,15.6,18.29,0.2459029267883301,235,1.0,put,2028-12-15,2.3068493150684932,764.260009765625,16.945,0.1587488934789023,0.27394092875329423,-0.3850792466113349
525.0,16.1,16.54,0.2334366207885742,727,1.0,put,2028-12-15,2.3068493150684932,764.260009765625,16.32,0.02696078431372535,0.26632657613054767,-0.3755097955951842
530.0,16.73,16.87,0.2305832557678223,343,1.0,put,2028-12-15,2.3068493150684932,764.260009765625,16.8,0.008333333333333366,0.2644443916877151,-0.3660310516406404
535.0,17.15,17.71,0.22996528099060057,5177,9.0,put,2028-12-15,2.3068493150684932,764.260009765625,17.43,0.03212851405622503,0.2632580240501951,-0.3566413112908014
540.0,17.81,17.96,0.22669230346679686,330,5.0,put,2028-12-15,2.3068493150684932,764.260009765625,17.884999999999998,0.008386916410399896,0.26114850141539775,-0.3473389186284879
545.0,18.37,18.52,0.22472393936157226,261,7.0,put,2028-12-15,2.3068493150684932,764.260009765625,18.445,0.008132285172133292,0.25949975520528834,-0.3381222635235639
550.0,18.83,19.41,0.224067817993164,3473,2.0,put,2028-12-15,2.3068493150684932,764.260009765625,19.119999999999997,0.030334728033472903,0.2583273958985072,-0.3289897799602914
555.0,19.55,19.7,0.22087113365173336,172,5.0,put,2028-12-15,2.3068493150684932,764.260009765625,19.625,0.007643312101910755,0.25630971138891584,-0.3199399444403735
560.0,20.04,20.63,0.22020738296508785,220,2.0,put,2028-12-15,2.3068493150684932,764.260009765625,20.335,0.02901401524465207,0.2551607061492806,-0.3109712744576131
565.0,20.66,21.2,0.21804065658569333,246,44.0,put,2028-12-15,2.3068493150684932,764.260009765625,20.93,0.025800286669851846,0.253437247343917,-0.3020823270403671
570.0,21.42,21.58,0.21510336906433106,169,6.0,put,2028-12-15,2.3068493150684932,764.260009765625,21.5,0.007441860465116121,0.2515558669243361,-0.29327169735821207
575.0,22.08,22.24,0.21319222484588624,426,1.0,put,2028-12-15,2.3068493150684932,764.260009765625,22.159999999999997,0.007220216606498202,0.2500040433031879,-0.28453801738945744
580.0,22.66,23.29,0.21263146995544432,1037,40.0,put,2028-12-15,2.3068493150684932,764.260009765625,22.975,0.02742110990206742,0.24902581291262524,-0.2758799546463429
585.0,23.36,24.0,0.21075465766906737,414,9.0,put,2028-12-15,2.3068493150684932,764.260009765625,23.68,0.027027027027027053,0.24752735410187615,-0.26729621095495143
590.0,24.17,24.35,0.207565602645874,1157,6.0,put,2028-12-15,2.3068493150684932,764.260009765625,24.26,0.007419620774938158,0.24547948089704968,-0.2587855212870428
595.0,24.82,27.5,0.21382927291870119,1007,2.0,put,2028-12-15,2.3068493150684932,764.260009765625,26.16,0.10244648318042812,0.24843707885461402,-0.25034665264117817
600.0,25.58,26.11,0.2047007936477661,2374,250.0,put,2028-12-15,2.3068493150684932,764.260009765625,25.845,0.02050686786612502,0.24287052851265292,-0.24197840297066156
605.0,26.43,26.62,0.20193516578674317,1343,250.0,put,2028-12-15,2.3068493150684932,764.260009765625,26.525,0.00716305372290297,0.24105050215127702,-0.23367960015596648
610.0,27.24,27.45,0.2001727932739258,1006,1.0,put,2028-12-15,2.3068493150684932,764.260009765625,27.345,0.007679648930334645,0.2396909747529818,-0.22544910101945104
615.0,28.06,28.27,0.19831123962402342,129,2.0,put,2028-12-15,2.3068493150684932,764.260009765625,28.165,0.007456062488904699,0.23826704010459807,-0.21728579038029008
620.0,28.89,29.11,0.1964496859741211,908,1.0,put,2028-12-15,2.3068493150684932,764.260009765625,29.0,0.007586206896551685,0.23683363268345003,-0.20918858014767075
625.0,29.75,29.96,0.1945499857330322,693,5.0,put,2028-12-15,2.3068493150684932,764.260009765625,29.855,0.007033997655334143,0.23540741462615372,-0.2011564084504065
630.0,30.57,31.16,0.19363446754455568,562,22.0,put,2028-12-15,2.3068493150684932,764.260009765625,30.865000000000002,0.019115502996922076,0.2344426928601827,-0.19318823880122962
635.0,31.55,32.08,0.19179580184936523,1535,153.0,put,2028-12-15,2.3068493150684932,764.260009765625,31.814999999999998,0.016658808738016583,0.2332013505499676,-0.18528305929411634
640.0,32.48,32.71,0.18905687660217288,626,1.0,put,2028-12-15,2.3068493150684932,764.260009765625,32.595,0.0070562969780642425,0.23133774073146615,-0.17743988183309048
645.0,33.36,33.99,0.18811847045898436,259,1.0,put,2028-12-15,2.3068493150684932,764.260009765625,33.675,0.018708240534521237,0.23038920453770698,-0.1696577413910354
650.0,34.41,34.65,0.18534902793884275,1806,1.0,put,2028-12-15,2.3068493150684932,764.260009765625,34.53,0.006950477845351926,0.2286533639468595,-0.1619356952971251
655.0,35.41,35.66,0.183502732925415,373,1.0,put,2028-12-15,2.3068493150684932,764.260009765625,35.535,0.007035317292809907,0.2273314602676835,-0.154272822551556
660.0,36.43,36.69,0.18164117927551268,1891,1.0,put,2028-12-15,2.3068493150684932,764.260009765625,36.56,0.007111597374179377,0.22600557131486257,-0.14666822316633668
665.0,37.48,37.75,0.17978344028472903,1401,1.0,put,2028-12-15,2.3068493150684932,764.260009765625,37.614999999999995,0.007177987504984797,0.224704966580647,-0.1391210175309538
670.0,38.49,39.18,0.17882214618682862,1264,1.0,put,2028-12-15,2.3068493150684932,764.260009765625,38.835,0.017767477790652703,0.22382787533304055,-0.1316303458017962
675.0,39.66,39.93,0.17600311309814454,1134,1.0,put,2028-12-15,2.3068493150684932,764.260009765625,39.795,0.006784771956275993,0.22211259664632343,-0.12419536731427812
680.0,40.78,41.06,0.1741034128570557,1077,14.0,put,2028-12-15,2.3068493150684932,764.260009765625,40.92,0.00684261974584558,0.2208185364375827,-0.11681526001665557
685.0,41.95,42.24,0.17225711784362796,1375,118.0,put,2028-12-15,2.3068493150684932,764.260009765625,42.095,0.006889179237439105,0.21960022115316313,-0.10948921992458267
690.0,43.13,43.42,0.17032690032958986,1781,1.0,put,2028-12-15,2.3068493150684932,764.260009765625,43.275000000000006,0.006701328711727305,0.21832740138239431,-0.10221646059550289
695.0,44.26,45.06,0.1694418994140625,1272,1.0,put,2028-12-15,2.3068493150684932,764.260009765625,44.66,0.01791312136139732,0.21755424470966708,-0.09499621262201584
700.0,45.58,45.89,0.16649698257446294,1666,3.0,put,2028-12-15,2.3068493150684932,764.260009765625,45.735,0.006778178637804794,0.21585485896827342,-0.08782772314340331
705.0,46.86,47.18,0.16458965301513673,438,20.0,put,2028-12-15,2.3068493150684932,764.260009765625,47.019999999999996,0.006805614632071465,0.21466474263099666,-0.08071025537453934
710.0,48.16,48.49,0.1626479915237427,784,146.0,put,2028-12-15,2.3068493150684932,764.260009765625,48.325,0.006828763579927685,0.21345818832857447,-0.07364308815144689
715.0,49.39,50.28,0.16173628799438478,486,1.0,put,2028-12-15,2.3068493150684932,764.260009765625,49.835,0.01785893448379654,0.21272138868256196,-0.06662551549280035
720.0,50.86,51.21,0.15873033660888675,552,6.0,put,2028-12-15,2.3068493150684932,764.260009765625,51.035,0.0068580386009601535,0.21109822807962653,-0.0596568461767069
725.0,52.27,52.62,0.15675434318542483,242,1.0,put,2028-12-15,2.3068493150684932,764.260009765625,52.445,0.006673658118028302,0.20995454648003867,-0.05273640333213312
730.0,53.7,54.06,0.154755461807251,200,4.0,put,2028-12-15,2.3068493150684932,764.260009765625,53.88,0.006681514476614688,0.20880307632631223,-0.04586352404437109
735.0,55.18,55.55,0.15277183906555178,1676,1.0,put,2028-12-15,2.3068493150684932,764.260009765625,55.364999999999995,0.0066829224239139794,0.20770605757109303,-0.03903755897397124
740.0,56.68,57.06,0.15073481109619147,4240,1.0,put,2028-12-15,2.3068493150684932,764.260009765625,56.870000000000005,0.006681906101635353,0.20658618109119378,-0.032257871988592486
745.0,58.23,58.62,0.148709227104187,595,17.0,put,2028-12-15,2.3068493150684932,764.260009765625,58.425,0.006675224646983322,0.2055172570765469,-0.025523839807248417
750.0,59.68,60.8,0.1479424806213379,1406,1.0,put,2028-12-15,2.3068493150684932,764.260009765625,60.239999999999995,0.018592297476759587,0.20501025767604641,-0.018834851656451816
755.0,61.44,61.85,0.14458558059692384,520,3.0,put,2028-12-15,2.3068493150684932,764.260009765625,61.644999999999996,0.006650985481385412,0.2034263166454137,-0.012190308937783244
760.0,63.11,63.54,0.14252566467285155,708,1.0,put,2028-12-15,2.3068493150684932,764.260009765625,63.325,0.0067903671535728335,0.20243788752914388,-0.005589624906431192
765.0,64.84,65.27,0.14043904613494873,815,1.0,put,2028-12-15,2.3068493150684932,764.260009765625,65.055,0.006609791714702829,0.2014931439272566,0.0009677756397279868
770.0,66.6,67.04,0.13831809566497805,968,3.0,put,2028-12-15,2.3068493150684932,764.260009765625,66.82,0.006584854833882251,0.20055489492583767,0.007482456660921564
775.0,68.42,68.86,0.13618570121765136,1006,8.0,put,2028-12-15,2.3068493150684932,764.260009765625,68.64,0.006410256410256377,0.19966928398116807,0.013954971166539128
780.0,70.04,71.37,0.13541514007568362,659,12.0,put,2028-12-15,2.3068493150684932,764.260009765625,70.70500000000001,0.018810550880418612,0.19927753072936916,0.020385861496829437
785.0,72.2,72.67,0.13190183902740482,199,2.0,put,2028-12-15,2.3068493150684932,764.260009765625,72.435,0.006488575964657953,0.19802612726450572,0.026775659595600552
790.0,74.18,75.29,0.13110076061248777,99,24.0,put,2028-12-15,2.3068493150684932,764.260009765625,74.73500000000001,0.014852478758279244,0.1980143077906979,0.033124887274259184
795.0,76.2,76.7,0.12753786899566655,236,14.0,put,2028-12-15,2.3068493150684932,764.260009765625,76.45,0.006540222367560497,0.19657573465867048,0.039434056467524
800.0,78.3,78.81,0.1253406253433228,309,18.0,put,2028-12-15,2.3068493150684932,764.260009765625,78.555,0.006492266564827255,0.19595406047372,0.045703669481119286
805.0,80.46,80.98,0.1231128644180298,144,26.0,put,2028-12-15,2.3068493150684932,764.260009765625,80.72,0.0064420218037662316,0.1953883970330791,0.05193421923175546
810.0,82.67,83.2,0.12083169826507568,1586,6.0,put,2028-12-15,2.3068493150684932,764.260009765625,82.935,0.006390546813769833,0.194855326821247,0.058126189479676425
815.0,84.97,85.48,0.1185085708618164,471,14.0,put,2028-12-15,2.3068493150684932,764.260009765625,85.225,0.005984159577588796,0.19441070505815541,0.06428005505405478
820.0,87.31,87.85,0.11620070209503174,277,6.0,put,2028-12-15,2.3068493150684932,764.260009765625,87.58,0.006165791276547066,0.19403127235790707,0.07039628207149076
825.0,89.74,90.28,0.11383561344146728,65,28.0,put,2028-12-15,2.3068493150684932,764.260009765625,90.00999999999999,0.005999333407399248,0.19373902162163273,0.07647532814787304
830.0,92.25,92.78,0.11142093421936033,162,2.0,put,2028-12-15,2.3068493150684932,764.260009765625,92.515,0.005728800735015955,0.19353362367158491,0.08251764260383555
835.0,93.0,97.59,0.11426285526275635,427,180.0,put,2028-12-15,2.3068493150684932,764.260009765625,95.295,0.04816622068314186,0.1938604869970384,0.08852366666404753
840.0,97.48,98.02,0.10647332134246827,83,2.0,put,2028-12-15,2.3068493150684932,764.260009765625,97.75,0.005524296675191735,0.19338334675504418,0.09449383365055145
845.0,98.0,103.0,0.10949834602355957,173,36.0,put,2028-12-15,2.3068493150684932,764.260009765625,100.5,0.04975124378109453,0.19348350359171967,0.10042856917036588
850.0,103.03,103.6,0.10132734619140624,1304,4.0,put,2028-12-15,2.3068493150684932,764.260009765625,103.315,0.0055171078739775755,0.1936494354560011,0.10632829129755426
855.0,104.0,108.74,0.10455836246490477,28,3.0,put,2028-12-15,2.3068493150684932,764.260009765625,106.37,0.04456143649525237,0.19427060031693796,0.11219341074995223
860.0,108.99,109.54,0.09590290092468262,704,1.0,put,2028-12-15,2.3068493150684932,764.260009765625,109.265,0.005033633826019415,0.1944601388728194,0.11802433106074553
865.0,112.1,112.66,0.09307242385864259,10,1.0,put,2028-12-15,2.3068493150684932,764.260009765625,112.38,0.004983093077059996,0.19506315415134756,0.12382144874507132
870.0,114.47,117.37,0.09474324455261232,50,2.0,put,2028-12-15,2.3068493150684932,764.260009765625,115.92,0.025017253278122892,0.19653757176421127,0.1295851534618215
875.0,118.7,119.25,0.087197848815918,258,1.0,put,2028-12-15,2.3068493150684932,764.260009765625,118.975,0.004622819920151269,0.19686245826732138,0.13531582817080642
880.0,120.0,124.53,0.0905013436126709,200,1.0,put,2028-12-15,2.3068493150684932,764.260009765625,122.265,0.03705066862961601,0.19764002164397373,0.14101384928544425
885.0,125.78,126.3,0.0807739628601074,35,15.0,put,2028-12-15,2.3068493150684932,764.260009765625,126.03999999999999,0.004125674389082799,0.1994318981598643,0.1466795868211215
890.0,128.41,132.29,0.08689267608642579,38,2.0,put,2028-12-15,2.3068493150684932,764.260009765625,130.35,0.029766014576141125,0.20235659016999552,0.15231340453937758
895.0,132.21,136.2,0.08459625129699708,10,3.0,put,2028-12-15,2.3068493150684932,764.260009765625,134.20499999999998,0.029730635967363223,0.20420529020862696,0.15791566008804733
900.0,136.02,140.09,0.08167422241210939,68,3.0,put,2028-12-15,2.3068493150684932,764.260009765625,138.055,0.02948100394770195,0.20598415404524079,0.16348670513750282
910.0,144.37,148.81,0.07891240921020509,12,1.0,put,2028-12-15,2.3068493150684932,764.260009765625,146.59,0.030288559929053806,0.2112533903306605,0.17453654132408777
915.0,148.26,153.0,0.07573861282348635,35,5.0,put,2028-12-15,2.3068493150684932,764.260009765625,150.63,0.03146783509261109,0.2132992949135452,0.18001600708871346
920.0,153.0,157.92,0.0769593037414551,58,10.0,put,2028-12-15,2.3068493150684932,764.260009765625,155.45999999999998,0.03164801235044377,0.2170807862323247,0.18546561185627802
930.0,162.66,167.5,0.07726447647094728,15,27.0,put,2028-12-15,2.3068493150684932,764.260009765625,165.07999999999998,0.02931911800339232,0.22442857951834985,0.19627652796049364
