Date,BAC,CI,CL,COST,CVX,GS,HD,JPM,KO,LOW,MA,MCD,MS,PEP,PG,UNH,V,WMT,XOM,YUM
2021-08-26,37.19538116455078,189.5148162841797,68.62291717529297,425.7987976074219,79.56092834472656,365.3588562011719,283.8603820800781,142.72923278808594,47.90370178222656,186.66819763183594,342.57623291015625,211.23797607421875,88.55475616455078,131.9862823486328,125.25189208984375,381.8373107910156,221.950439453125,46.138885498046875,45.91412353515625,120.09087371826172
2021-08-27,37.593528747558594,192.15065002441406,68.73832702636719,426.77490234375,80.72301483154297,371.8083190917969,285.5380554199219,143.8763427734375,47.99858093261719,186.89515686035156,345.3625183105469,211.71043395996094,89.92774963378906,132.25091552734375,125.1551513671875,383.5869140625,224.03973388671875,45.87899398803711,46.8036994934082,120.36505889892578
2021-08-30,36.85917663574219,189.2229766845703,68.92471313476562,432.0723876953125,80.51840209960938,366.4130859375,288.82275390625,141.57327270507812,48.45570755004883,186.06915283203125,342.7606201171875,210.91700744628906,88.76795959472656,133.15570068359375,125.70040893554688,383.16546630859375,222.634033203125,46.24848175048828,46.29177474975586,119.44200134277344
2021-08-31,36.93880844116211,193.0353546142578,69.19102478027344,431.6553649902344,79.19266510009766,368.1133728027344,288.0104064941406,141.1409149169922,48.567840576171875,185.07064819335938,336.13934326171875,212.85316467285156,89.05791473388672,133.4886016845703,125.22550201416016,381.3059387207031,220.58322143554688,46.37373733520508,45.754669189453125,119.75273895263672
2021-09-01,36.44334030151367,192.48809814453125,69.52831268310547,432.6315002441406,78.32520294189453,368.2469787597656,287.2206115722656,140.93795776367188,48.89558792114258,184.65310668945312,339.382080078125,213.4716796875,88.95558166503906,134.78602600097656,126.50069427490234,382.2952880859375,221.56527709960938,46.273521423339844,45.125244140625,120.22797393798828
2021-09-02,36.47891616821289,199.0183868408203,69.69696807861328,436.8486328125,79.9619140625,368.99468994140625,290.85919189453125,141.5909423828125,48.9645881652832,187.12205505371094,331.33367919921875,215.01341247558594,89.39903259277344,134.8848419189453,126.5974349975586,388.1211242675781,215.84609985351562,46.51776885986328,46.224639892578125,119.97207641601562
2021-09-03,36.505584716796875,197.8418731689453,69.15553283691406,438.3459777832031,79.7818832397461,366.1549377441406,293.1665344238281,140.73497009277344,48.93008804321289,186.96774291992188,330.3143005371094,214.072265625,88.90440368652344,135.00515747070312,126.6854248046875,387.342529296875,216.74151611328125,46.73381805419922,46.04839324951172,119.6521987915039
2021-09-07,36.745697021484375,198.2083740234375,68.25898742675781,435.5503234863281,79.42998504638672,365.2735900878906,291.9330139160156,140.48794555664062,48.01582717895508,186.21432495117188,334.6636962890625,211.71478271484375,88.84471893310547,132.80506896972656,126.21048736572266,385.85858154296875,217.85841369628906,46.11383056640625,45.77984619140625,117.74208068847656
2021-09-08,36.26547622680664,195.49618530273438,69.0401382446289,441.33111572265625,78.88169860839844,360.53765869140625,294.2670593261719,139.8614044189453,48.6627082824707,185.252197265625,340.8092041015625,213.89295959472656,88.32450866699219,134.68714904785156,127.16912078857422,380.4999084472656,220.5735626220703,46.17332458496094,45.360233306884766,118.98502349853516
2021-09-09,36.39887619018555,196.03675842285156,68.61406707763672,441.55859375,78.5625228881836,360.1637878417969,294.4356384277344,140.4702606201172,48.17970657348633,184.27186584472656,341.16845703125,213.88401794433594,88.55475616455078,133.8363800048828,126.63261413574219,379.73046875,219.03305053710938,45.847679138183594,45.393798828125,118.1259536743164
2021-09-10,35.81193542480469,187.5520782470703,68.3832778930664,440.81939697265625,78.61981201171875,359.1845703125,294.59539794921875,138.85549926757812,47.96407699584961,185.47006225585938,337.2656555175781,214.3949432373047,88.36714935302734,133.60427856445312,126.75572204589844,371.2827453613281,216.5490264892578,45.68172836303711,45.301475524902344,118.71085357666016
2021-09-13,36.40776824951172,191.59288024902344,68.68507385253906,435.607177734375,80.1747055053711,364.3299865722656,297.7016296386719,141.06149291992188,48.36083984375,187.03128051757812,337.6830749511719,216.21458435058594,89.03234100341797,133.86215209960938,128.118896484375,381.0357971191406,216.27938842773438,45.42182922363281,46.46800994873047,117.94316101074219
2021-09-14,35.429542541503906,186.5991668701172,68.61406707763672,434.422607421875,78.7261962890625,359.3714599609375,295.6337890625,138.5995635986328,48.395591735839844,185.32481384277344,335.72186279296875,216.14288330078125,86.90886688232422,133.337890625,127.8990707397461,379.2156982421875,214.73886108398438,45.18385696411133,45.805023193359375,117.88829040527344
2021-09-15,35.696327209472656,189.28382873535156,68.5341567993164,436.6212158203125,80.39564514160156,357.8224792480469,295.8555908203125,139.56141662597656,48.560707092285156,186.63186645507812,334.70257568359375,216.00839233398438,87.87250518798828,134.08558654785156,127.62641906738281,383.7933654785156,215.48985290527344,45.262142181396484,47.34918975830078,117.43134307861328
2021-09-16,35.97201156616211,188.31260681152344,67.8773193359375,439.0661926269531,79.64276885986328,353.1310729980469,298.5357360839844,139.49961853027344,48.100120544433594,189.23695373535156,336.2170715332031,218.00733947753906,87.38642883300781,133.69024658203125,126.73817443847656,383.1683349609375,215.9905548095703,45.41243362426758,46.845664978027344,116.92867279052734
2021-09-17,36.0164794921875,188.40420532226562,67.66427612304688,435.4650573730469,79.18447875976562,348.4841003417969,297.8968200683594,139.13783264160156,47.309322357177734,189.73619079589844,333.04241943359375,217.3619384765625,86.77241516113281,132.4612579345703,126.94042205810547,386.2202453613281,213.5064697265625,45.31850051879883,46.29177474975586,116.15182495117188
2021-09-20,34.78035354614258,185.57293701171875,67.61102294921875,427.53302001953125,77.56413269042969,336.61761474609375,293.93865966796875,134.972900390625,46.979095458984375,186.3232879638672,329.78997802734375,214.31427001953125,84.11165618896484,132.01438903808594,125.66525268554688,379.3628234863281,211.86962890625,44.695377349853516,45.05811309814453,114.78093719482422
2021-09-21,34.79813766479492,185.4446563720703,67.80632019042969,428.45220947265625,77.62141418457031,334.57891845703125,296.61004638671875,134.9905242919922,46.97040939331055,187.23097229003906,327.54730224609375,215.57818603515625,83.83025360107422,131.95423889160156,125.8587417602539,379.0318908691406,211.9851531982422,44.783058166503906,45.016143798828125,114.1046142578125
2021-09-22,35.696327209472656,185.07815551757812,67.8418197631836,428.6606750488281,79.9046401977539,343.1517333984375,298.1275634765625,137.5760040283203,47.0399284362793,189.60911560058594,333.401611328125,217.9356231689453,85.96224975585938,132.35813903808594,126.28965759277344,375.6859130859375,214.46925354003906,44.67972183227539,46.333736419677734,114.74439239501953
2021-09-23,37.074737548828125,185.5087890625,68.0548324584961,429.0871887207031,81.88506317138672,348.8402404785156,298.1098327636719,142.22625732421875,46.96171951293945,188.78317260742188,343.7509765625,219.41465759277344,88.30744171142578,132.4612579345703,126.80850219726562,375.0699768066406,219.82257080078125,44.704776763916016,47.90308380126953,114.2234115600586
2021-09-24,37.474918365478516,186.81907653808594,68.01933288574219,443.2738952636719,82.32698059082031,347.9411315917969,299.5119934082031,143.86752319335938,46.831363677978516,188.6832733154297,347.72174072265625,220.8846893310547,87.76167297363281,132.52145385742188,126.24569702148438,374.1968078613281,222.98062133789062,44.830020904541016,48.331092834472656,114.71694946289062
2021-09-27,38.47093963623047,189.3113250732422,67.46900939941406,436.4601135253906,84.26648712158203,355.91741943359375,302.99090576171875,147.3441925048828,46.58803176879883,191.18853759765625,346.3722229003906,222.39959716796875,89.62928009033203,131.24949645996094,124.58352661132812,372.5329284667969,221.06463623046875,44.541954040527344,49.766170501708984,114.76264190673828
2021-09-28,38.38200378417969,186.2601318359375,67.30034637451172,423.94140625,84.58563995361328,346.7392883300781,296.2372741699219,146.55010986328125,45.74509048461914,186.468505859375,340.945068359375,218.5093231201172,87.01972198486328,129.81431579589844,123.64247131347656,366.420166015625,217.17478942871094,43.99398422241211,50.28649139404297,111.99344635009766
2021-09-29,38.301963806152344,186.85574340820312,68.41878509521484,428.1490478515625,84.56108856201172,342.63543701171875,299.0150146484375,146.43533325195312,46.02317428588867,187.98435974121094,342.89654541015625,218.9664764404297,84.89624786376953,130.88858032226562,124.90010833740234,368.0655212402344,218.2531280517578,43.975196838378906,50.252925872802734,112.45040130615234
2021-09-30,37.750606536865234,183.40138244628906,67.08732604980469,425.8367004394531,83.0225830078125,336.52850341796875,291.3206787109375,144.4410858154297,45.59736633300781,184.13572692871094,337.547119140625,216.12498474121094,82.9859619140625,129.26429748535156,122.94770812988281,359.1766357421875,214.46925354003906,43.643272399902344,49.363338470458984,111.7832260131836
2021-10-01,38.31086349487305,185.63711547851562,67.08732604980469,424.8700866699219,85.37946319580078,338.28228759765625,292.7406311035156,147.4765625,46.075321197509766,184.89820861816406,349.68280029296875,217.75633239746094,84.46985626220703,129.72836303710938,122.75421905517578,360.7301330566406,221.89263916015625,42.9137077331543,51.13411331176758,112.99876403808594
2021-10-04,38.54207992553711,182.7508087158203,66.62577056884766,417.1086730957031,85.6986312866211,333.074462890625,289.73211669921875,147.31777954101562,46.049251556396484,185.6334228515625,334.1685485839844,217.8907928466797,82.84954071044922,129.08377075195312,122.0594711303711,355.74798583984375,216.37567138671875,42.50038528442383,51.79710388183594,112.45040130615234
2021-10-05,39.32465362548828,184.53753662109375,66.05767059326172,422.88934326171875,86.63155364990234,343.45440673828125,292.40338134765625,149.7234649658203,46.127464294433594,185.4155731201172,333.2073974609375,219.80906677246094,84.59776306152344,129.8486785888672,122.53439331054688,361.6493835449219,215.9423828125,42.77906036376953,51.71317672729492,112.96221160888672
2021-10-06,39.342437744140625,186.23268127441406,66.66126251220703,425.82720947265625,85.87047576904297,345.44854736328125,293.1843566894531,150.04306030273438,46.674930572509766,185.1704864501953,338.5277099609375,221.4942626953125,84.51248168945312,133.1746063232422,124.170166015625,362.4031982421875,218.08953857421875,43.09218215942383,50.764862060546875,113.01703643798828
2021-10-07,39.23572540283203,187.5704345703125,67.09618377685547,429.1724548339844,86.4842529296875,347.7363586425781,299.50311279296875,150.99293518066406,46.82266616821289,188.7105255126953,344.0297546386719,222.58779907226562,84.25665283203125,134.403564453125,125.16392517089844,372.0090026855469,221.97930908203125,43.59945297241211,50.90752029418945,114.44277954101562
2021-10-08,39.43136978149414,188.00106811523438,67.09618377685547,428.2059020996094,88.42376708984375,349.68597412109375,296.7164611816406,151.10833740234375,47.0312385559082,187.1311492919922,345.0503234863281,222.0320587158203,85.31413269042969,134.09414672851562,124.64502716064453,375.4652404785156,221.709716796875,43.730960845947266,52.18313980102539,112.77027893066406
2021-10-11,38.93336486816406,186.85574340820312,67.28262329101562,426.16839599609375,87.67086791992188,342.9469909667969,299.05047607421875,147.9302520751953,47.1268310546875,189.57281494140625,337.4583435058594,221.0281219482422,82.96892547607422,134.27464294433594,125.16392517089844,372.2756042480469,216.74151611328125,43.69024658203125,51.662818908691406,111.49990844726562
2021-10-12,38.71993637084961,185.17893981933594,67.16719818115234,423.4864501953125,87.6872329711914,344.0953369140625,299.787109375,146.7939910888672,47.1268310546875,190.4351348876953,335.6988830566406,219.18161010742188,83.38680267333984,134.8675994873047,124.979248046875,370.6669006347656,215.72091674804688,43.643272399902344,51.394283294677734,111.82892608642578
2021-10-13,38.36420822143555,182.7691192626953,67.52226257324219,421.9985656738281,88.21098327636719,343.8994445800781,300.2131042480469,142.9235382080078,47.13551712036133,192.54100036621094,332.79248046875,217.50535583496094,84.06050872802734,135.77859497070312,125.26948547363281,370.9519348144531,214.19004821777344,43.327030181884766,51.25160598754883,112.88909149169922
2021-10-14,40.0805549621582,186.04022216796875,67.99270629882812,427.078125,89.04570770263672,348.2526550292969,305.33380126953125,145.1162109375,47.457054138183594,196.47134399414062,334.96014404296875,219.20848083496094,86.14134979248047,136.87005615234375,126.6854248046875,386.4040222167969,216.80889892578125,43.796714782714844,52.03208541870117,114.28740692138672
2021-10-15,41.23664474487305,188.92652893066406,67.68206024169922,428.7176513671875,89.70039367675781,361.490234375,310.9780578613281,147.90362548828125,47.344085693359375,198.9311981201172,346.0613708496094,217.1468048095703,87.10501861572266,136.48333740234375,127.01077270507812,393.4913024902344,222.40292358398438,44.00963592529297,52.5272331237793,114.43363189697266
2021-10-18,41.15660858154297,187.44212341308594,66.821044921875,437.7773742675781,89.65949249267578,368.273681640625,315.0604553222656,147.85037231445312,46.87480545043945,201.2730712890625,348.4332275390625,217.15577697753906,86.48246002197266,135.86453247070312,125.18153381347656,390.3199157714844,222.07557678222656,44.36346435546875,52.50205612182617,115.56690979003906
2021-10-19,41.33446502685547,189.3296661376953,66.3772201538086,442.6388854980469,91.41075897216797,366.91162109375,317.70513916015625,149.64356994628906,47.057308197021484,203.0677032470703,351.9910583496094,217.61289978027344,86.77241516113281,137.5919647216797,123.70409393310547,390.09930419921875,224.83889770507812,45.305973052978516,53.29092025756836,114.8906021118164
2021-10-20,41.876930236816406,196.77896118164062,67.06482696533203,445.1881103515625,92.60557556152344,363.1104431152344,317.9181213378906,151.65870666503906,47.47443389892578,204.9807891845703,346.8098449707031,214.8789825439453,85.84285736083984,138.63186645507812,124.18775177001953,399.94415283203125,222.8169708251953,45.716163635253906,53.584651947021484,115.04595947265625
2021-10-21,41.645721435546875,198.12588500976562,66.8772964477539,452.2578125,91.44349670410156,362.8432312011719,323.5890197753906,150.4691162109375,47.23111343383789,207.1762237548828,346.2655334472656,216.3848876953125,85.51878356933594,136.8013153076172,123.29402160644531,406.5533447265625,221.68084716796875,45.96979522705078,52.61114501953125,115.86851501464844
2021-10-22,42.303794860839844,198.2816619873047,67.42202758789062,456.7686462402344,92.31097412109375,368.83447265625,324.80487060546875,152.4931640625,47.318016052246094,208.40611267089844,348.6568603515625,213.73162841796875,86.8150405883789,137.48025512695312,124.621337890625,412.87762451171875,222.634033203125,46.448883056640625,52.972007751464844,115.67657470703125
2021-10-25,42.25044250488281,197.5669708251953,67.10055541992188,464.454345703125,93.17023468017578,369.21722412109375,329.4818115234375,151.7475128173828,47.1268310546875,211.18455505371094,350.78558349609375,212.7456512451172,86.90886688232422,136.835693359375,124.63907623291016,413.18096923828125,225.18556213378906,46.987449645996094,54.004268646240234,115.1008071899414
2021-10-26,42.65061950683594,197.61279296875,68.01142120361328,460.1235046386719,93.37483215332031,371.7632751464844,327.6535949707031,152.15582275390625,47.33538818359375,210.50135803222656,347.3445129394531,211.9209747314453,88.23922729492188,138.5115509033203,126.40886688232422,417.9150085449219,223.2021026611328,46.5772705078125,55.25471115112305,115.32015228271484
2021-10-27,41.83247375488281,195.5327911376953,67.77924346923828,463.51611328125,91.71356201171875,365.8700256347656,330.422607421875,148.98667907714844,48.247859954833984,211.13902282714844,326.3475341796875,217.57708740234375,86.87474060058594,138.03025817871094,125.50627899169922,416.8486633300781,207.7583770751953,46.19525146484375,53.819637298583984,114.96371459960938
2021-10-28,42.49054718017578,197.68603515625,68.65437316894531,465.6139221191406,92.57283782958984,369.2795715332031,329.75701904296875,151.2326202392578,48.69975662231445,211.12991333007812,323.7326354980469,220.06004333496094,88.01681518554688,138.8983154296875,126.2584457397461,418.6502685546875,202.0391845703125,46.48332595825195,53.9706916809082,115.04595947265625
2021-10-29,42.49054718017578,195.72525024414062,68.0382080078125,466.5726013183594,93.6939926147461,367.97100830078125,329.9078369140625,150.81536865234375,48.98652267456055,213.006591796875,326.1531066894531,220.1048583984375,88.25725555419922,138.881103515625,126.53274536132812,423.27398681640625,203.8974609375,46.78704833984375,54.10497283935547,114.18685913085938
2021-11-01,42.55279541015625,198.03424072265625,67.82388305664062,466.88580322265625,93.72673034667969,370.9532470703125,325.23974609375,150.73548889160156,48.812721252441406,211.12081909179688,324.7241516113281,224.61358642578125,89.30486297607422,138.58885192871094,126.2230453491211,417.427734375,204.5618133544922,46.90290832519531,55.07847213745117,115.6400146484375
2021-11-02,42.57947540283203,196.7332000732422,68.10964965820312,471.7457580566406,93.15388488769531,377.31829833984375,325.9586181640625,151.33029174804688,48.751888275146484,212.28688049316406,319.3096923828125,223.41246032714844,89.87162780761719,139.86080932617188,127.47956848144531,415.5249938964844,201.36520385742188,46.8809928894043,54.39870071411133,113.71162414550781
2021-11-03,43.015235900878906,199.9767608642578,69.00265502929688,476.81451416015625,92.48282623291016,372.0213623046875,327.44952392578125,151.3834991455078,48.91700744628906,213.44381713867188,320.2331237792969,224.45223999023438,88.11128234863281,141.2014923095703,128.35562133789062,420.3876953125,200.36390686035156,47.0250244140625,53.65178680419922,113.37348937988281
2021-11-04,42.09036636352539,195.31292724609375,69.02052307128906,489.429443359375,92.89199829101562,363.2706298828125,330.29833984375,149.39501953125,49.186397552490234,216.61404418945312,326.06561279296875,227.1951904296875,85.68975067138672,141.21011352539062,128.59458923339844,419.86370849609375,201.01861572265625,47.369468688964844,54.05462646484375,114.60729217529297
2021-11-05,41.770225524902344,196.19253540039062,69.51168060302734,487.05645751953125,93.89859771728516,362.3892822265625,326.94366455078125,149.18197631835938,49.39496994018555,214.57345581054688,339.0526123046875,228.31565856933594,85.75843811035156,142.66250610351562,129.23171997070312,418.9903869628906,208.6152801513672,47.04068374633789,54.566551208496094,115.7771224975586
2021-11-08,42.09925079345703,199.89430236816406,69.4223861694336,478.2193603515625,94.23411560058594,363.5109558105469,327.1123352050781,150.0785675048828,48.95176696777344,213.89019775390625,339.9080810546875,226.87249755859375,85.93016815185547,139.5944061279297,128.26718139648438,425.2503356933594,212.29330444335938,46.74008560180664,55.15401077270508,115.3567123413086
2021-11-09,41.690181732177734,198.09841918945312,69.69921112060547,482.87042236328125,94.92972564697266,360.8492736816406,328.9405517578125,148.9422607421875,49.090816497802734,213.0885467529297,335.0282287597656,226.4691162109375,85.62103271484375,140.5225830078125,128.65655517578125,426.84063720703125,205.45721435546875,46.90290832519531,55.69111633300781,115.32929992675781
2021-11-10,42.00143814086914,199.60105895996094,70.08318328857422,479.8330078125,93.4157485961914,355.30316162109375,327.1033935546875,148.8002471923828,49.290679931640625,211.84959411621094,347.94720458984375,226.89938354492188,83.95515441894531,140.97805786132812,129.92196655273438,422.75006103515625,207.91189575195312,46.48019027709961,54.59395980834961,114.97286224365234
2021-11-11,42.23265838623047,199.47280883789062,69.6456298828125,486.16424560546875,93.42393493652344,358.16961669921875,326.2603759765625,148.7913818359375,49.30807113647461,211.6400909423828,344.4476318359375,224.23715209960938,84.90830993652344,139.81787109375,129.55026245117188,420.4427795410156,202.95428466796875,46.49897384643555,54.69601821899414,113.71162414550781
2021-11-12,41.71685791015625,199.50027465820312,69.68135070800781,490.9007873535156,93.48124694824219,360.4575500488281,330.6976318359375,148.1255645751953,49.19509506225586,215.28402709960938,353.35198974609375,224.6942596435547,85.74125671386719,139.78347778320312,129.69186401367188,421.9135437011719,204.5650177001953,46.26726531982422,54.27927780151367,114.44277954101562
2021-11-15,41.84136199951172,197.48446655273438,69.9224624633789,493.4825134277344,95.60077667236328,360.3685302734375,329.32208251953125,147.85928344726562,49.20378112792969,214.00865173339844,351.271728515625,226.72906494140625,86.05039978027344,140.7718048095703,130.43516540527344,414.3851318359375,204.76759338378906,46.0011100769043,54.74706268310547,115.69486236572266
2021-11-16,41.868045806884766,199.52777099609375,69.54739379882812,499.96563720703125,95.97722625732422,358.83734130859375,348.18084716796875,146.7939910888672,48.85618209838867,222.99093627929688,359.2428283691406,226.29876708984375,86.46257781982422,140.35067749023438,130.24937438964844,413.3004455566406,207.54539489746094,44.830020904541016,55.29988098144531,116.13353729248047
2021-11-17,41.36114501953125,198.81304931640625,69.27948760986328,499.5575256347656,95.54674530029297,348.564208984375,350.4172668457031,146.00392150878906,48.5867805480957,223.85638427734375,349.1428527832031,226.50498962402344,83.87788391113281,140.40225219726562,130.1697235107422,412.6845397949219,197.78448486328125,44.44488525390625,54.69601821899414,116.572265625
2021-11-18,41.19218063354492,200.4348907470703,68.2168197631836,502.4811096191406,94.7437744140625,348.4039611816406,360.1794128417969,144.74334716796875,48.15226364135742,225.3595428466797,338.4985656738281,227.21311950683594,83.87788391113281,140.44522094726562,130.18740844726562,413.1625671386719,196.1158447265625,44.82689666748047,54.100669860839844,116.07872772216797
2021-11-19,40.3740234375,192.88479614257812,68.94015502929688,506.6764831542969,92.64109802246094,344.8609619140625,362.6998596191406,142.8524627685547,47.90894317626953,227.3090362548828,330.2359313964844,225.8416290283203,83.21666717529297,140.78041076660156,129.92196655273438,404.4575500488281,193.73350524902344,44.58578872680664,51.60018539428711,116.03303527832031
2021-11-22,41.15660858154297,193.8377227783203,69.26163482666016,512.2389526367188,94.29676055908203,352.6681823730469,362.78857421875,145.89739990234375,48.204410552978516,229.8871307373047,312.330078125,227.21311950683594,85.28614807128906,141.07260131835938,130.78915405273438,402.1961975097656,188.6407928466797,45.33414840698242,52.314605712890625,115.58518981933594
2021-11-23,42.241546630859375,195.38624572753906,69.59205627441406,517.56396484375,96.27525329589844,361.73052978515625,362.4158630371094,149.38616943359375,48.560707092285156,229.48626708984375,319.815185546875,229.15823364257812,87.46726989746094,142.01792907714844,132.2404327392578,411.0115966796875,191.4475860595703,45.656673431396484,53.69243240356445,115.69486236572266
2021-11-24,42.35715103149414,192.9489288330078,69.44023895263672,521.8069458007812,97.01200103759766,355.3655090332031,365.73492431640625,148.21434020996094,48.16965103149414,230.14218139648438,330.50799560546875,230.46694946289062,86.83182525634766,140.72021484375,131.5501708984375,413.7968444824219,196.03866577148438,45.88526153564453,53.9901008605957,116.41973114013672
2021-11-26,40.69416809082031,185.1147918701172,68.81511688232422,518.3897705078125,94.7934341430664,346.64141845703125,357.3839111328125,143.7490692138672,46.69232177734375,225.64193725585938,315.1199645996094,224.10269165039062,84.09256744384766,138.48574829101562,130.49713134765625,404.3748474121094,190.6373748779297,45.37173080444336,52.093475341796875,113.96068572998047
2021-11-29,40.54299545288086,182.8973846435547,69.39558410644531,526.6952514648438,95.07489776611328,344.10430908203125,361.04034423828125,143.12770080566406,47.43098068237305,226.45272827148438,313.9924011230469,224.36265563964844,83.49146270751953,141.06402587890625,131.86874389648438,415.48822021484375,189.32562255859375,44.66092300415039,52.38264846801758,114.92411041259766
2021-11-30,39.5469856262207,175.83291625976562,66.993408203125,511.98260498046875,93.43582916259766,339.1635437011719,355.52911376953125,140.9971160888672,45.933441162109375,222.81785583496094,306.1282043457031,220.46881103515625,81.42200469970703,137.31695556640625,127.93976593017578,408.336669921875,186.89503479003906,44.034698486328125,50.89426803588867,112.7127914428711
2021-12-01,38.98673629760742,178.41683959960938,67.32378387451172,502.9271545410156,92.79838562011719,336.9173278808594,356.8301086425781,140.1626739501953,45.80207443237305,223.5010986328125,297.7293701171875,220.09022521972656,81.79983520507812,137.64358520507812,129.55026245117188,408.44696044921875,183.41310119628906,42.94188690185547,50.851741790771484,113.06147766113281
2021-12-02,40.112632751464844,181.22975158691406,67.40415954589844,498.8171081542969,95.3149642944336,346.81512451171875,363.3799743652344,143.10995483398438,46.47640609741211,228.10159301757812,311.2607727050781,224.25448608398438,84.89112854003906,138.97166442871094,130.31130981445312,409.9913024902344,191.25465393066406,42.418968200683594,52.11899185180664,116.09857940673828
2021-12-03,39.201175689697266,183.12649536132812,68.55614471435547,502.06341552734375,94.71065521240234,342.5105895996094,363.41558837890625,140.5177764892578,46.88801956176758,226.55291748046875,313.11749267578125,224.732177734375,84.33300018310547,142.5104217529297,132.62979125976562,414.3718566894531,189.3545379638672,43.0577392578125,51.787288665771484,114.53874969482422
2021-12-06,39.45138168334961,190.24490356445312,70.1724853515625,506.11651611328125,96.19244384765625,348.39013671875,370.44677734375,142.17784118652344,48.087791442871094,228.82122802734375,324.02423095703125,230.55484008789062,85.24323272705078,143.9899444580078,134.6385040283203,424.32244873046875,195.48892211914062,43.524295806884766,52.3741455078125,118.24567413330078
2021-12-07,39.9517822265625,191.51576232910156,69.48487091064453,514.4884643554688,97.61630249023438,358.0641784667969,370.8745422363281,144.31724548339844,48.35053634643555,234.0411834716797,330.0317077636719,234.26841735839844,88.01681518554688,143.8255157470703,134.28453063964844,428.5832214355469,200.01251220703125,43.38338851928711,52.96098709106445,120.47532653808594
2021-12-08,39.46031951904297,191.82879638671875,69.44023895263672,503.183349609375,98.05504608154297,355.5673522949219,366.4812316894531,142.66607666015625,48.1666145324707,233.88633728027344,332.7826232910156,233.97097778320312,86.94345092773438,144.07644653320312,134.88626098632812,432.3919372558594,201.5750274658203,42.94501495361328,53.11408233642578,120.87908172607422
2021-12-09,39.75520324707031,194.5822296142578,69.65455627441406,497.69708251953125,97.79843139648438,354.82452392578125,366.5614013671875,142.4441375732422,48.044010162353516,235.1708221435547,334.9018249511719,236.45870971679688,86.36811065673828,143.8947296142578,135.67384338378906,436.5050964355469,203.8898468017578,43.5423469543457,53.250160217285156,122.14530181884766
2021-12-10,39.78199768066406,197.9342803955078,70.96728515625,530.4351196289062,97.9639892578125,349.9651794433594,370.179443359375,141.87600708007812,49.2875862121582,238.11326599121094,340.1510925292969,238.82920837402344,84.52191925048828,146.19625854492188,137.5675506591797,441.03326416015625,205.82858276367188,44.337745666503906,53.59036636352539,122.83344268798828
2021-12-13,38.94204330444336,198.12767028808594,72.45858764648438,528.9164428710938,95.92754364013672,344.2198791503906,361.12542724609375,140.18930053710938,50.583709716796875,234.34185791015625,335.6698303222656,237.13467407226562,83.43995666503906,146.92300415039062,139.52316284179688,440.95013427734375,203.53298950195312,45.13628005981445,52.41666793823242,121.24607849121094
2021-12-14,39.43350601196289,199.48130798339844,73.34266662597656,517.639892578125,96.2090072631836,347.9606018066406,358.4163818359375,141.2634735107422,50.618736267089844,229.9873046875,331.04266357421875,236.6208953857422,84.8568115234375,146.55966186523438,140.0364227294922,442.1674499511719,202.52987670898438,45.566993713378906,52.34012222290039,121.1084213256836
2021-12-15,39.26372528076172,200.25489807128906,73.90525817871094,536.7568969726562,95.66265106201172,348.93597412109375,363.41558837890625,140.2070770263672,50.846439361572266,234.61512756347656,336.6808166503906,238.42361450195312,85.38059997558594,148.4458465576172,140.57618713378906,455.9270935058594,204.77720642089844,45.82793426513672,52.1104850769043,121.50299072265625
2021-12-16,40.21092987060547,201.36915588378906,74.96793365478516,524.5595703125,96.55669403076172,355.6120910644531,356.0369873046875,142.39976501464844,51.363128662109375,230.69789123535156,343.0672912597656,239.3520050048828,86.12767791748047,148.66209411621094,142.56724548339844,454.5252380371094,206.76412963867188,45.06397247314453,52.19553756713867,122.57653045654297
2021-12-17,39.210121154785156,202.24395751953125,73.65524291992188,519.7946166992188,94.04010772705078,341.67828369140625,345.74432373046875,139.1595458984375,50.55743408203125,226.0063018798828,339.55810546875,235.88186645507812,83.40558624267578,145.61654663085938,139.3373260498047,449.2316589355469,204.36253356933594,43.620941162109375,51.05585479736328,121.05341339111328
2021-12-20,38.566741943359375,199.83126831054688,73.69094848632812,520.6962890625,94.08151245117188,332.55914306640625,347.0097961425781,136.65614318847656,50.39104080200195,223.7561798095703,327.6112365722656,235.90887451171875,81.89430236816406,146.58558654785156,139.69129943847656,446.1053771972656,201.33387756347656,43.762420654296875,50.31591796875,120.72309875488281
2021-12-21,39.487117767333984,202.81492614746094,73.30696105957031,517.7252807617188,95.58815002441406,340.3538513183594,347.96331787109375,138.5647735595703,50.59246826171875,224.9951171875,340.94818115234375,238.3064422607422,83.95515441894531,146.1529998779297,139.60281372070312,449.314697265625,207.7383270263672,43.89446258544922,51.45560073852539,122.37466430664062
2021-12-22,39.56755447387695,204.7395477294922,73.63737487792969,521.7499389648438,96.13451385498047,342.152587890625,352.5705261230469,139.1062774658203,50.9515266418457,227.4729766845703,347.4999694824219,238.8021697998047,84.4102783203125,147.06146240234375,140.9832763671875,455.696533203125,210.2267608642578,43.9510498046875,51.872344970703125,123.53083038330078
2021-12-23,39.69264602661133,208.01792907714844,73.93208312988281,522.414306640625,96.36629486083984,344.5777893066406,353.8448791503906,139.60342407226562,50.98655700683594,227.82826232910156,350.51348876953125,239.71250915527344,85.3033218383789,146.8970489501953,141.6735382080078,456.8492431640625,208.9342803955078,43.853580474853516,51.897857666015625,124.18228912353516
2021-12-27,39.88922882080078,209.8320770263672,74.93223571777344,534.8489379882812,98.33649444580078,347.26251220703125,360.10064697265625,140.40234375,51.363128662109375,231.116943359375,350.25103759765625,241.77659606933594,86.21354675292969,148.35926818847656,143.32827758789062,460.64874267578125,209.90846252441406,44.25285720825195,52.63780212402344,126.63215637207031
2021-12-28,39.94284439086914,212.2999725341797,75.42338562011719,535.9596557617188,98.14610290527344,346.8777160644531,361.9987487792969,140.8284912109375,51.564552307128906,231.40846252441406,350.7079162597656,241.45208740234375,85.84431457519531,149.12930297851562,144.09812927246094,463.8211975097656,210.31358337402344,44.8879280090332,52.46770095825195,126.60460662841797
2021-12-29,39.88030242919922,213.32220458984375,75.82522583007812,538.9305419921875,97.6411361694336,345.6159362792969,366.1158447265625,140.75747680664062,51.6258544921875,234.64247131347656,351.2036437988281,242.00192260742188,84.77952575683594,149.6571044921875,145.29278564453125,466.255859375,210.42935180664062,44.865909576416016,52.0084228515625,127.22856140136719
2021-12-30,39.79094696044922,212.49342346191406,75.53947448730469,535.2666625976562,97.21067810058594,345.0073547363281,365.3137512207031,140.6864471435547,51.47697448730469,233.56752014160156,350.9120788574219,240.84825134277344,84.83963012695312,149.39756774902344,144.03622436523438,465.1952819824219,210.1399688720703,45.01051330566406,51.702239990234375,126.98081970214844
2021-12-31,39.75520324707031,211.46202087402344,76.209228515625,538.8641357421875,97.14442443847656,342.3494873046875,369.8319396972656,140.571044921875,51.85354995727539,235.47145080566406,349.2886962890625,241.62332153320312,84.29004669189453,150.29739379882812,144.7529754638672,463.0834655761719,209.0211181640625,45.4883918762207,52.042442321777344,127.41207885742188
2022-01-03,41.265350341796875,215.67042541503906,75.53947448730469,537.92431640625,98.72557067871094,353.7864685058594,364.1552734375,143.54493713378906,51.932373046875,232.76580810546875,360.5939025878906,242.0830841064453,86.0332260131836,149.66575622558594,144.15121459960938,463.21258544921875,213.5736541748047,45.47581481933594,54.041133880615234,125.27417755126953
2022-01-04,42.88271713256836,214.84164428710938,75.78952026367188,535.5703125,100.52195739746094,364.6596984863281,367.8980712890625,148.98667907714844,52.79936599731445,236.6830291748047,364.9100341796875,242.01998901367188,89.52811431884766,149.88206481933594,144.6556396484375,452.7177429199219,214.56710815429688,44.642696380615234,56.07384490966797,125.94400024414062
2022-01-05,42.15892028808594,217.80690002441406,76.10206604003906,521.9873046875,101.17593383789062,356.73968505859375,362.90771484375,146.2628936767578,53.23725509643555,232.07350158691406,363.4616394042969,240.83023071289062,87.31268310546875,150.392578125,145.31044006347656,451.601806640625,212.1944122314453,45.246315002441406,56.77125549316406,124.34741973876953
2022-01-06,43.007816314697266,209.53736877441406,75.60198974609375,521.873291015625,102.03683471679688,355.2183532714844,361.5888366699219,147.81674194335938,52.9570198059082,234.84288024902344,360.1424865722656,243.08352661132812,88.80680084228516,150.4272003173828,144.0893096923828,433.1204833984375,211.9532470703125,45.12055587768555,58.10655212402344,125.63201904296875
2022-01-07,43.946067810058594,214.7311248779297,75.40552520751953,508.9451599121094,103.50210571289062,355.7373962402344,350.7614440917969,149.28135681152344,52.83440399169922,228.73928833007812,359.8017578125,240.71299743652344,89.34782409667969,150.6175079345703,144.0096435546875,422.929931640625,209.26223754882812,45.551265716552734,58.58283996582031,124.19145965576172
2022-01-10,43.72267532348633,215.20077514648438,74.75360870361328,492.4479064941406,103.56831359863281,357.2229919433594,345.2809753417969,149.42428588867188,52.92198181152344,225.64193725585938,354.2147216796875,238.32444763183594,89.41649627685547,150.6953887939453,142.04515075683594,428.83221435546875,204.44927978515625,45.46324157714844,58.234134674072266,122.45728302001953
2022-01-11,43.972877502441406,221.1405029296875,74.27141571044922,495.513916015625,105.93586730957031,360.6951904296875,344.5769958496094,149.57608032226562,52.93949508666992,227.29078674316406,356.53131103515625,236.26039123535156,90.95357513427734,150.6261749267578,140.3992156982422,432.52105712890625,206.77381896972656,45.33434295654297,60.68358612060547,119.88809204101562
2022-01-12,43.660125732421875,219.8880615234375,74.00350189208984,499.0923156738281,105.40608215332031,349.2940368652344,347.0097961425781,150.42449951171875,53.0183219909668,228.4021759033203,357.5242004394531,235.17880249023438,88.48910522460938,150.46176147460938,140.7089385986328,436.8740234375,208.05662536621094,45.09540557861328,60.504974365234375,118.50259399414062
2022-01-13,43.57076644897461,221.5180206298828,73.70880889892578,490.6253967285156,104.96732330322266,349.73248291015625,344.8532409667969,150.23690795898438,53.33358383178711,228.38397216796875,359.6752624511719,235.62042236328125,88.05974578857422,150.70404052734375,140.07183837890625,431.0732116699219,207.3717498779297,45.73360824584961,60.07121276855469,118.19061279296875
2022-01-14,42.81122970581055,223.0098419189453,74.52143096923828,477.4410095214844,106.75541687011719,340.90863037109375,331.5039978027344,141.00283813476562,53.7627067565918,221.7337646484375,362.2254638671875,232.2854461669922,84.90830993652344,151.96728515625,141.41688537597656,432.2351379394531,207.05349731445312,45.604713439941406,61.1258430480957,116.58490753173828
2022-01-18,41.336830139160156,220.99313354492188,74.22676849365234,463.2789001464844,107.10310363769531,317.1576843261719,326.79876708984375,135.0908966064453,53.33358383178711,217.90419006347656,356.5411376953125,231.17678833007812,80.7264633178711,150.51368713378906,138.6913604736328,425.13409423828125,208.05662536621094,44.80617904663086,62.15496063232422,115.96094512939453
2022-01-19,41.49767303466797,219.906494140625,75.0661849975586,465.2626647949219,106.71403503417969,310.8216247558594,320.53399658203125,133.00119018554688,53.42116165161133,214.51327514648438,351.1194152832031,230.04110717773438,82.20341491699219,151.59521484375,143.35482788085938,426.5450744628906,207.06314086914062,45.25260543823242,62.18048858642578,114.23594665527344
2022-01-20,40.881099700927734,221.3706817626953,74.3785629272461,458.2955627441406,106.33320617675781,311.5196533203125,311.5245361328125,131.86700439453125,53.20222091674805,204.66958618164062,354.3023376464844,228.15728759765625,85.72409057617188,150.4963836669922,144.1288604736328,426.9877014160156,206.74485778808594,44.3974723815918,62.316551208496094,113.4284896850586
2022-01-21,40.139434814453125,217.55821228027344,75.12378692626953,457.1469421386719,105.05838012695312,307.77001953125,311.0968933105469,129.56292724609375,52.93949508666992,205.66587829589844,345.6199645996094,229.47320556640625,84.89112854003906,150.73863220214844,144.6804656982422,425.3001403808594,198.6235809326172,44.07365036010742,61.381004333496094,113.99738311767578
2022-01-24,39.808815002441406,217.7147979736328,75.12378692626953,464.0667419433594,105.28190612792969,307.3046569824219,324.2055358886719,129.44683837890625,52.51036834716797,212.3654022216797,340.1107177734375,228.5899658203125,84.22135925292969,149.9685821533203,143.50604248046875,426.3145446777344,194.6883087158203,44.07680130004883,61.90831756591797,115.92424774169922
2022-01-25,40.59516143798828,216.16769409179688,73.39092254638672,453.0748291015625,109.76039123535156,305.6579895019531,319.90130615234375,130.8578643798828,52.38777542114258,210.22669982910156,329.7347717285156,225.948974609375,85.04570770263672,148.246826171875,141.94024658203125,421.3069152832031,194.83302307128906,43.117919921875,63.7283935546875,111.9879150390625
2022-01-26,41.01514434814453,215.504638671875,73.07666015625,458.9124755859375,109.84315490722656,306.669189453125,318.3863830566406,132.09915161132812,52.19509506225586,208.48092651367188,335.4776306152344,225.2008819580078,86.01605224609375,146.6807861328125,140.70355224609375,422.7731628417969,198.5657196044922,42.67778778076172,63.082008361816406,110.23540496826172
2022-01-27,40.630897521972656,209.43606567382812,74.25286102294922,458.0107421875,112.06170654296875,305.1926574707031,317.62884521484375,129.7683563232422,52.23888397216797,206.49758911132812,341.1911926269531,224.20040893554688,86.85757446289062,146.5423583984375,141.575439453125,425.69671630859375,198.8357696533203,42.706077575683594,63.889976501464844,109.94178771972656
2022-01-28,40.98833084106445,214.9797821044922,74.56712341308594,467.41741943359375,108.12130737304688,310.544189453125,326.63836669921875,130.92930603027344,53.281036376953125,214.77835083007812,372.31915283203125,230.82525634765625,88.02489471435547,149.39756774902344,142.7943115234375,429.8097229003906,219.91053771972656,43.234256744384766,64.02606964111328,112.16226959228516
2022-01-31,41.2296028137207,212.2263641357422,74.02838897705078,479.4722595214844,108.71733856201172,317.408203125,327.0303955078125,132.70648193359375,53.42991256713867,216.93533325195312,376.0860900878906,233.85377502441406,88.66476440429688,150.1330108642578,142.74981689453125,435.8133850097656,218.1454620361328,43.95419692993164,64.60441589355469,114.85071563720703
2022-02-01,41.944461822509766,208.03634643554688,73.55254364013672,482.585693359375,111.58159637451172,325.802490234375,328.563232421875,134.98373413085938,53.03582763671875,217.849365234375,381.6147155761719,233.43917846679688,89.88396453857422,149.11203002929688,142.11814880371094,431.9769592285156,224.1158905029297,44.30002212524414,68.74637603759766,113.39179229736328
2022-02-02,41.899776458740234,211.82113647460938,74.34265899658203,495.50439453125,112.0948486328125,324.9075622558594,333.0456237792969,133.90313720703125,53.57879638671875,218.5439910888672,386.1798400878906,236.4046173095703,89.85802459716797,151.82015991210938,144.66265869140625,442.46258544921875,227.0673065185547,44.281150817871094,68.5677719116211,114.86907958984375
2022-02-03,41.48873519897461,200.34695434570312,74.27980041503906,496.017822265625,111.09317779541016,321.1669006347656,325.0966796875,132.79576110839844,53.95537567138672,213.97401428222656,379.677734375,234.92642211914062,88.44859313964844,151.73365783691406,146.03277587890625,450.75335693359375,223.324951171875,44.325164794921875,67.7682876586914,115.015869140625
2022-02-04,43.141849517822266,203.85552978515625,72.83423614501953,494.11639404296875,112.48390197753906,328.9704895019531,320.5162658691406,136.242919921875,53.386131286621094,209.3675537109375,372.0174255371094,234.40359497070312,90.0223159790039,149.24180603027344,143.71070861816406,445.58892822265625,220.28671264648438,43.80329132080078,69.23968505859375,114.94247436523438
2022-02-07,43.347381591796875,206.719482421875,72.83423614501953,490.4279479980469,114.69416809082031,329.4626770019531,318.44879150390625,136.69839477539062,53.94661331176758,207.4938507080078,366.1091613769531,234.2143096923828,90.94754028320312,148.65347290039062,142.6342010498047,446.07769775390625,219.100341796875,43.37259292602539,70.07315826416016,114.76813507080078
2022-02-08,44.12478256225586,213.43267822265625,72.65467071533203,495.4283752441406,112.94749450683594,331.207763671875,322.093505859375,139.2703399658203,54.296913146972656,211.82614135742188,364.3960266113281,234.42161560058594,91.95921325683594,148.83517456054688,142.3139190673828,455.032470703125,219.8526611328125,43.38200759887695,68.2615966796875,114.6672134399414
2022-02-09,44.03542709350586,213.99441528320312,72.60978698730469,502.72930908203125,114.06503295898438,335.1722717285156,324.70458984375,139.850830078125,53.4561882019043,213.562744140625,371.20953369140625,234.2233123779297,94.01715087890625,148.7659454345703,141.99363708496094,459.357666015625,222.67872619628906,43.28770446777344,67.93482208251953,117.17213439941406
2022-02-10,43.82990646362305,212.05136108398438,71.57723999023438,492.89013671875,112.61636352539062,331.6283264160156,316.434814453125,139.2703399658203,53.75394821166992,207.8411407470703,364.41546630859375,231.52833557128906,93.01410675048828,145.6771240234375,139.83163452148438,448.8627624511719,217.94007873535156,42.781524658203125,67.28126525878906,113.9148178100586
2022-02-11,42.820159912109375,209.50051879882812,71.40665435791016,484.5150146484375,114.909423828125,324.9075622558594,312.1572570800781,137.45745849609375,52.79936599731445,206.47930908203125,359.9186096191406,229.98704528808594,90.4200668334961,145.85877990722656,139.04876708984375,440.94085693359375,217.07058715820312,42.54575729370117,68.97533416748047,112.00628662109375
2022-02-14,42.373374938964844,207.4193572998047,71.16423797607422,481.55841064453125,113.13790893554688,322.3838806152344,313.2890930175781,136.18040466308594,53.14091873168945,206.51585388183594,364.1916198730469,228.3916778564453,88.69070434570312,144.2322235107422,139.4490966796875,437.5010681152344,217.69851684570312,42.11189651489258,67.91763305664062,111.39152526855469
2022-02-15,42.704002380371094,210.3385467529297,70.55370330810547,488.55517578125,112.30974578857422,325.6950988769531,314.8039855957031,138.1719207763672,53.34234619140625,208.48092651367188,371.37506103515625,228.77023315429688,89.43434143066406,143.59194946289062,139.52029418945312,441.03326416015625,220.09442138671875,42.24394607543945,67.0662841796875,112.8595962524414
2022-02-16,42.605709075927734,210.8818359375,70.33821105957031,487.1102294921875,112.34320831298828,322.2138671875,311.9790344238281,138.42193603515625,53.33358383178711,207.48468017578125,372.7279052734375,228.12123107910156,87.46285247802734,143.8861083984375,140.57901000976562,442.7115783691406,221.06053161621094,41.979854583740234,67.37586212158203,113.1807632446289
2022-02-17,41.167049407958984,209.14138793945312,71.06546783447266,489.5912780761719,111.76602172851562,312.3787536621094,310.0631408691406,135.23379516601562,54.402008056640625,204.54164123535156,363.7439270019531,226.17437744140625,83.13941192626953,144.27545166015625,142.1893310546875,433.7568359375,216.9932861328125,43.66181564331055,67.27267456054688,113.8260269165039
2022-02-18,41.068748474121094,210.5595245361328,71.42459869384766,487.3668518066406,111.60708618164062,309.6761474609375,309.10955810546875,135.86785888671875,54.76982879638672,203.5362548828125,360.0938720703125,225.8769073486328,82.50820922851562,145.1060791015625,142.26052856445312,431.4237060546875,215.13841247558594,43.38200759887695,66.52452850341797,115.96464538574219
2022-02-22,40.711334228515625,209.71234130859375,70.7961196899414,477.3946228027344,110.75383758544922,308.09210205078125,281.75164794921875,135.62672424316406,54.54212188720703,196.1329345703125,358.47802734375,227.76971435546875,81.92887115478516,145.65982055664062,140.5078125,426.5358581542969,213.8148651123047,42.89785385131836,65.75059509277344,114.3698959350586
2022-02-23,40.01433563232422,207.28121948242188,70.6075668334961,470.8161926269531,113.38886260986328,305.3358459472656,274.8720397949219,132.786865234375,53.937862396240234,196.58993530273438,351.60614013671875,223.34413146972656,80.8912582397461,144.22357177734375,138.75514221191406,423.87066650390625,208.62696838378906,42.45771789550781,66.01715087890625,112.08380126953125
2022-02-24,38.95991516113281,206.67344665527344,67.86011505126953,480.62677001953125,112.80329132080078,304.44091796875,279.1405944824219,129.0896453857422,52.99203872680664,195.05447387695312,359.5389709472656,220.8563995361328,79.3866958618164,141.7144012451172,135.01846313476562,420.4307861328125,209.93116760253906,42.294246673583984,65.18302917480469,111.87178039550781
2022-02-25,40.22879409790039,214.4180145263672,70.15862274169922,491.9489440917969,117.42919921875,313.327392578125,282.1793518066406,132.1438446044922,55.04130172729492,200.32815551757812,359.25665283203125,224.84033203125,81.75594329833984,145.68577575683594,140.7836456298828,438.74603271484375,211.83436584472656,42.8758544921875,66.93729400634766,114.0472640991211
2022-02-28,39.496063232421875,218.96719360351562,69.09015655517578,493.62213134765625,120.45733642578125,305.42529296875,281.4486083984375,126.6337661743164,54.50709533691406,202.04644775390625,351.20703125,221.84934997558594,78.46147155761719,141.67112731933594,138.69288635253906,438.856689453125,208.79119873046875,42.492305755615234,67.4360580444336,112.99640655517578
2022-03-01,37.95018005371094,218.3409881591797,68.27311706542969,497.1205139160156,125.24215698242188,295.44219970703125,285.3874816894531,121.85596466064453,54.2706413269043,202.44862365722656,335.30242919921875,217.19070434570312,75.77230834960938,140.39927673339844,136.39749145507812,439.2071838378906,201.88363647460938,42.75324249267578,68.08099365234375,110.63653564453125
2022-03-02,38.566741943359375,221.48118591308594,68.86570739746094,501.9403076171875,128.93955993652344,302.8057556152344,291.732421875,124.38327026367188,54.67349624633789,208.9927978515625,334.92279052734375,218.37799072265625,76.42082214355469,142.34597778320312,136.82455444335938,447.6270446777344,201.4102783203125,42.806678771972656,69.25051879882812,112.46173858642578
2022-03-03,38.153690338134766,218.99481201171875,69.49420928955078,506.74090576171875,130.67945861816406,300.14117431640625,289.04998779296875,123.49916076660156,54.708518981933594,206.81747436523438,331.9053649902344,214.48973083496094,75.90201568603516,142.193603515625,137.33164978027344,448.7428894042969,200.20265197753906,43.79071807861328,69.6890869140625,110.34156036376953
2022-03-04,36.77085494995117,222.5125732421875,69.45829772949219,499.5635986328125,132.71221923828125,296.7655334472656,288.9610290527344,120.02521514892578,54.79609680175781,204.7975616455078,321.94793701171875,213.72836303710938,74.67416381835938,144.35348510742188,138.02560424804688,459.8648681640625,193.4980010986328,44.90049362182617,72.3118896484375,109.4473876953125
2022-03-07,34.427215576171875,219.03164672851562,68.84776306152344,502.4346618652344,135.5479736328125,289.76202392578125,287.63311767578125,115.39032745361328,53.49122619628906,203.14320373535156,304.5832214355469,203.32339477539062,72.15792846679688,141.4794464111328,135.97933959960938,449.0011291503906,184.2332000732422,44.538944244384766,74.91748809814453,104.44192504882812
2022-03-08,34.651702880859375,211.9721221923828,67.22264099121094,497.5293273925781,142.64991760253906,289.2939453125,282.259521484375,114.57765197753906,51.37189483642578,204.05723571777344,305.9555969238281,201.9276123046875,72.036865234375,137.49070739746094,130.5967559814453,436.6341247558594,185.20896911621094,43.617801666259766,75.48503875732422,106.23025512695312
2022-03-09,36.85166549682617,213.9705810546875,67.82420349121094,501.6075134277344,139.08639526367188,300.294189453125,284.3753967285156,119.16788482666016,51.634613037109375,206.45191955566406,319.38800048828125,201.63758850097656,75.57342529296875,137.0813446044922,132.3583221435547,447.80224609375,192.9859619140625,43.84416198730469,71.19396209716797,106.94925689697266
2022-03-10,36.51942825317383,212.30517578125,66.29783630371094,506.4272766113281,142.8925323486328,296.9725646972656,285.038818359375,117.75688171386719,50.68880844116211,204.8889617919922,315.9422607421875,201.21157836914062,74.24183654785156,134.56439208984375,128.95082092285156,453.2157287597656,191.25668334960938,44.84075164794922,73.40399169921875,106.76490783691406
2022-03-11,36.21412658691406,209.8995361328125,66.2349853515625,501.3888244628906,142.95945739746094,294.36199951171875,284.0078125,115.10456848144531,50.72383117675781,203.09754943847656,316.1369934082031,205.62551879882812,73.65384674072266,133.88511657714844,127.42057800292969,446.6299743652344,190.0393829345703,44.664695739746094,73.0256118774414,107.17048645019531
2022-03-14,36.99533462524414,209.28890991210938,66.40559387207031,499.99151611328125,139.4628143310547,292.5436096191406,285.41534423828125,116.24762725830078,51.65922927856445,207.02774047851562,319.83575439453125,205.00013732910156,73.2560806274414,135.7662811279297,129.04867553710938,451.3010559082031,193.53662109375,45.28718185424805,70.41142272949219,104.55254364013672
2022-03-15,37.26472473144531,215.65452575683594,67.7793197631836,515.5535888671875,132.40267944335938,296.306396484375,294.5418701171875,118.31056213378906,52.612300872802734,211.19549560546875,326.074951171875,210.7917938232422,74.64822387695312,138.47479248046875,133.69285583496094,460.5412902832031,199.14962768554688,45.831077575683594,66.40412902832031,105.6863784790039
2022-03-16,38.43204879760742,219.7440643310547,67.47402954101562,516.570556640625,131.92587280273438,306.7486267089844,296.6665954589844,123.5974349975586,52.47109603881836,211.43312072753906,335.4971008300781,215.84019470214844,79.34346008300781,139.08445739746094,133.2390899658203,460.864990234375,204.68533325195312,45.695884704589844,66.15473175048828,110.20327758789062
2022-03-17,38.63857650756836,224.2685089111328,67.4560775756836,525.5067138671875,134.2095947265625,309.0080871582031,301.5526123046875,125.16024017333984,53.027061462402344,214.2207794189453,337.2101745605469,215.23294067382812,81.15930938720703,140.16436767578125,133.6572723388672,468.9675598144531,206.21173095703125,45.76531219482422,67.91763305664062,109.72393798828125
2022-03-18,38.52184295654297,223.13043212890625,64.82535552978516,533.6442260742188,135.2886505126953,310.9075012207031,305.4793395996094,125.11560821533203,53.03587341308594,215.3998565673828,340.7629089355469,216.5471649169922,81.98939514160156,141.7755584716797,133.5861053466797,468.13507080078125,211.67979431152344,45.90102005004883,67.65103912353516,112.4525146484375
2022-03-21,38.46797180175781,225.3047637939453,66.57617950439453,528.1114501953125,137.722900390625,305.1642761230469,295.28594970703125,124.71370697021484,53.45945739746094,208.02398681640625,336.3730773925781,213.2842559814453,80.07843780517578,141.5752410888672,134.09323120117188,469.55950927734375,209.67999267578125,45.5191535949707,70.68659210205078,109.2722396850586
2022-03-22,39.67121124267578,225.32327270507812,66.89043426513672,531.8093872070312,137.26283264160156,308.7740478515625,295.6086730957031,127.36605072021484,53.65359878540039,208.81915283203125,340.2178649902344,215.8220977783203,81.47058868408203,143.12547302246094,135.125244140625,467.3951110839844,211.06149291992188,45.38344955444336,70.37702178955078,109.39208221435547
2022-03-23,38.69245147705078,220.6693115234375,66.10928344726562,526.676025390625,138.74346923828125,302.11260986328125,284.2408447265625,124.82979583740234,53.30060577392578,201.91851806640625,333.06365966796875,214.00933837890625,79.87955474853516,142.37646484375,134.1821746826172,465.46197509765625,207.4000244140625,44.79958724975586,71.4863510131836,106.89396667480469
2022-03-24,38.674495697021484,224.0001678466797,66.12725067138672,530.5641479492188,139.1114959716797,302.6707458496094,283.102294921875,125.64248657226562,53.81244659423828,200.31903076171875,340.0426940917969,217.76168823242188,79.66339874267578,143.23870849609375,134.41351318359375,474.9241943359375,209.94082641601562,45.077308654785156,71.70132446289062,110.34156036376953
2022-03-25,39.26713943481445,225.36953735351562,67.1418228149414,528.2825317382812,141.62940979003906,303.80499267578125,278.5299987792969,126.74092864990234,54.29779052734375,194.60653686523438,339.7214050292969,218.9580535888672,79.87955474853516,143.90931701660156,135.97042846679688,474.5265197753906,211.0228729248047,45.272987365722656,73.26640319824219,110.26781463623047
2022-03-28,39.10551071166992,225.44358825683594,67.68951416015625,537.313720703125,139.15333557128906,301.8335266113281,281.75750732421875,125.80321502685547,54.64194869995117,195.39260864257812,341.1521911621094,220.19073486328125,78.9197769165039,144.33602905273438,136.90463256835938,474.6836853027344,213.28350830078125,46.0777587890625,71.21116638183594,111.715087890625
2022-03-29,39.006736755371094,225.14749145507812,68.41679382324219,541.8482666015625,137.45523071289062,305.75836181640625,284.83258056640625,126.0800552368164,54.85374069213867,200.68463134765625,357.7577819824219,224.9309844970703,79.41264343261719,146.47848510742188,138.3103485107422,472.39910888671875,220.38429260253906,46.4659538269043,70.83280181884766,112.66452026367188
2022-03-30,38.611637115478516,227.45130920410156,68.5604476928711,548.0180053710938,138.42555236816406,302.09466552734375,276.53973388671875,125.5085220336914,54.897865295410156,191.47161865234375,352.5892028808594,225.71041870117188,78.0550765991211,146.27821350097656,137.35836791992188,481.73193359375,216.3556671142578,47.29914474487305,72.04530334472656,111.39241027832031
2022-03-31,37.01328659057617,221.6963348388672,68.0845718383789,547.4285278320312,136.2087860107422,297.152587890625,268.3545837402344,121.73986053466797,54.712547302246094,184.79949951171875,347.85870361328125,224.12432861328125,75.57342529296875,145.77304077148438,135.9437713623047,471.6961975097656,214.24957275390625,46.99931716918945,71.02200317382812,109.26303100585938
2022-04-01,36.7259521484375,227.83990478515625,68.61428833007812,547.1624145507812,137.37158203125,297.2606201171875,270.6497497558594,120.83789825439453,55.48029327392578,184.99139404296875,354.27313232421875,225.9098663330078,75.21891784667969,147.84580993652344,137.98114013671875,474.1195373535156,218.68392944335938,47.65892028808594,71.4777603149414,109.53034973144531
2022-04-04,36.6630973815918,224.14822387695312,68.76695251464844,546.7442016601562,137.49703979492188,295.451171875,273.957763671875,121.37374114990234,55.189083099365234,186.5634765625,357.1347961425781,223.71646118164062,75.46968841552734,147.46261596679688,137.08255004882812,471.7423400878906,220.01715087890625,47.66839599609375,71.51215362548828,108.49793243408203
2022-04-05,36.043514251708984,226.76661682128906,69.53910827636719,546.9249267578125,136.65216064453125,291.6253967285156,273.3122863769531,119.96122741699219,55.12730407714844,187.24896240234375,353.64044189453125,225.23910522460938,73.74029541015625,147.61935424804688,137.56298828125,478.90155029296875,218.42312622070312,47.80410385131836,71.14237976074219,108.44261932373047
2022-04-06,35.6484260559082,230.94869995117188,70.76018524169922,555.9273681640625,137.86508178710938,284.69390869140625,267.64642333984375,118.29685974121094,55.683250427246094,183.3919219970703,344.1307373046875,227.91290283203125,71.88124084472656,150.1362762451172,139.52919006347656,491.8416442871094,211.58316040039062,48.91501998901367,71.93350219726562,109.34599304199219
2022-04-07,35.37005615234375,236.05604553222656,72.20574951171875,578.039306640625,139.78070068359375,282.7945251464844,271.4206848144531,117.93700408935547,55.98329162597656,185.21075439453125,340.7095642089844,230.5413055419922,71.88124084472656,150.2756805419922,141.33523559570312,496.6513366699219,208.8201904296875,49.404197692871094,73.13742065429688,110.9868392944336
2022-04-08,35.621482849121094,238.61892700195312,72.05310821533203,570.4246826171875,142.1480255126953,289.31195068359375,278.91552734375,120.09619903564453,56.327457427978516,188.88502502441406,343.3606872558594,227.91290283203125,72.68538665771484,150.78079223632812,142.4384765625,504.98516845703125,209.6220245361328,49.678768157958984,74.67669677734375,109.85299682617188
2022-04-11,35.549644470214844,235.1215362548828,72.22370910644531,555.8131713867188,138.49249267578125,288.7447509765625,274.9798278808594,119.65538024902344,56.3098030090332,186.99305725097656,338.5846252441406,226.9974822998047,72.65078735351562,150.31919860839844,141.895751953125,497.10443115234375,207.46763610839844,48.69409942626953,72.10550689697266,109.06023406982422
2022-04-12,35.17250442504883,235.76918029785156,72.72650909423828,552.6666870117188,141.37840270996094,287.8625793457031,274.59442138671875,118.34184265136719,56.971649169921875,186.58175659179688,337.0543212890625,225.8373565673828,72.57299041748047,150.9288330078125,141.4686737060547,493.6543884277344,204.2312774658203,48.359561920166016,73.61038208007812,110.5167007446289
2022-04-13,34.85822296142578,239.62745666503906,72.71752166748047,561.9164428710938,143.60354614257812,289.8340148925781,278.2969970703125,114.52728271484375,57.121665954589844,187.83395385742188,346.158203125,227.7950897216797,72.74591064453125,150.6675567626953,141.86907958984375,496.69757080078125,206.037841796875,49.618804931640625,74.6509017944336,112.34188842773438
2022-04-14,33.73579788208008,239.83099365234375,72.67265319824219,561.2509765625,143.53663635253906,289.5369567871094,273.0074768066406,113.4656753540039,57.37757873535156,183.96774291992188,348.7703857421875,227.05184936523438,73.29067993164062,149.7095489501953,141.0772247314453,494.68121337890625,205.57411193847656,49.57462692260742,75.5280532836914,113.35589599609375
2022-04-18,34.88516616821289,239.59970092773438,71.8376235961914,553.3890991210938,145.46060180664062,296.9545593261719,269.14361572265625,115.57089233398438,56.865760803222656,181.44515991210938,347.7761535644531,227.5503692626953,74.77793884277344,148.4206085205078,139.7338104248047,493.9967956542969,205.94122314453125,49.195899963378906,76.1471939086914,113.54024505615234
2022-04-19,35.53168869018555,241.5149383544922,72.37635803222656,564.968017578125,143.73739624023438,302.41864013671875,275.9480285644531,117.96399688720703,57.42170333862305,186.32725524902344,354.66729736328125,231.48391723632812,76.87911987304688,150.5804901123047,141.82455444335938,497.3449401855469,208.38543701171875,49.75452423095703,75.46784973144531,114.89532470703125
2022-04-20,35.61249923706055,248.76876831054688,73.63168334960938,573.7425537109375,144.32296752929688,307.0186462402344,282.5285339355469,118.3778305053711,58.20709228515625,191.55807495117188,356.0514221191406,231.89181518554688,78.34908294677734,152.81871032714844,145.59681701660156,505.0312194824219,210.40457153320312,50.3794059753418,75.63982391357422,115.87246704101562
2022-04-21,34.93904113769531,244.82725524902344,74.1464614868164,562.5342407226562,137.67271423339844,300.933349609375,278.2431640625,117.46017456054688,58.42771530151367,188.15342712402344,355.22296142578125,231.3479766845703,76.87911987304688,152.27005004882812,145.4832305908203,497.10443115234375,209.10997009277344,50.45515060424805,74.84009552001953,114.71098327636719
2022-04-22,33.7268180847168,235.99127197265625,73.24333190917969,543.4833984375,134.6361846923828,287.8536071777344,269.0538635253906,114.0864486694336,57.58053970336914,180.83946228027344,342.2983093261719,226.74368286132812,73.27336120605469,149.9272918701172,144.26644897460938,481.84295654296875,201.1107940673828,49.505191802978516,73.20619201660156,112.8304672241211
2022-04-25,33.484371185302734,235.34359741210938,73.88453674316406,540.165771484375,131.74188232421875,289.33892822265625,273.38409423828125,114.05045318603516,58.189449310302734,183.88619995117188,345.63177490234375,229.19992065429688,73.54143524169922,151.3120574951172,145.42953491210938,484.92291259765625,202.8303985595703,49.53044128417969,70.73821258544922,111.78881072998047
2022-04-26,32.7301025390625,233.7151641845703,72.71953582763672,526.4288940429688,130.93881225585938,281.86737060546875,268.9193420410156,110.67670440673828,57.40404510498047,183.1612091064453,335.4070739746094,225.3025665283203,71.22408294677734,150.9288330078125,142.96023559570312,475.22021484375,194.28053283691406,49.012855529785156,70.76400756835938,107.5668716430664
2022-04-27,32.550506591796875,232.02200317382812,72.8730697631836,526.7330932617188,130.6962127685547,281.9664001464844,270.38970947265625,109.23724365234375,57.85410690307617,183.14285278320312,352.425537109375,223.99742126464844,71.08573150634766,152.2787628173828,142.57550048828125,475.24798583984375,206.84934997558594,48.678314208984375,72.78483581542969,107.76046752929688
2022-04-28,33.05335998535156,235.23255920410156,73.35169982910156,535.1312866210938,135.3388214111328,286.6294250488281,279.4983215332031,110.964599609375,58.410064697265625,188.25437927246094,369.24896240234375,230.3872833251953,72.7340316772461,154.58663940429688,146.19894409179688,485.0616760253906,213.17723083496094,49.30005645751953,74.98626708984375,110.17562103271484
2022-04-29,32.03868103027344,228.33029174804688,69.58570861816406,506.2989196777344,131.055908203125,274.9989318847656,269.3138122558594,107.38394165039062,57.015769958496094,181.45431518554688,354.1897277832031,225.82826232910156,70.28337860107422,149.54408264160156,143.64019775390625,470.3826599121094,205.90261840820312,48.2838134765625,73.30940246582031,107.86187744140625
2022-05-02,32.45173263549805,227.7104034423828,67.89685821533203,503.6614074707031,133.6323699951172,279.4367980957031,275.2040100097656,108.36457824707031,55.98329162597656,186.41903686523438,349.9595031738281,223.54421997070312,71.47815704345703,146.10398864746094,141.69874572753906,463.5381164550781,204.3568572998047,47.96505355834961,74.30696105957031,106.70960998535156
2022-05-03,33.340702056884766,228.80215454101562,67.27368927001953,502.8330078125,135.9243927001953,283.2536926269531,273.4020690917969,110.68572235107422,55.66560745239258,185.03330993652344,348.7410583496094,222.84634399414062,73.03924560546875,146.3042755126953,139.75730895996094,462.1228942871094,201.48753356933594,48.13233184814453,75.83761596679688,106.07354736328125
2022-05-04,34.67863464355469,236.5556640625,69.54053497314453,518.4013061523438,140.19056701660156,291.7604064941406,282.680908203125,114.34735870361328,57.38640594482422,190.1081085205078,359.1997375488281,230.50511169433594,76.06546783447266,151.41651916503906,140.78614807128906,469.5225524902344,207.24545288085938,48.798248291015625,78.85598754882812,109.22615814208984
2022-05-05,33.7088508605957,233.23406982421875,68.71868896484375,492.5875549316406,139.07801818847656,281.8223571777344,268.1573181152344,111.48641967773438,56.92752456665039,179.79330444335938,344.4328918457031,225.6107635498047,74.07707977294922,148.39447021484375,138.19163513183594,457.5906677246094,198.28012084960938,48.38013458251953,77.6606674194336,106.5805435180664
2022-05-06,33.62804412841797,246.94610595703125,69.3960189819336,479.2948913574219,142.78375244140625,281.7232666015625,263.8539733886719,111.30646514892578,57.13048553466797,176.4621124267578,338.3409118652344,227.29653930664062,73.45787811279297,148.41189575195312,139.56939697265625,462.1228942871094,195.94224548339844,47.37288284301758,78.84740447998047,106.3685073852539
2022-05-09,32.658267974853516,241.8665313720703,70.14561462402344,474.98150634765625,133.21412658691406,278.0595397949219,266.2925720214844,109.63311767578125,57.015769958496094,179.93096923828125,319.6947326660156,224.31466674804688,70.77176666259766,149.53536987304688,139.22048950195312,449.91357421875,186.4552001953125,47.92719268798828,72.63007354736328,101.49211883544922
2022-05-10,32.11051559448242,241.16334533691406,69.24248504638672,477.4857177734375,134.49400329589844,274.61187744140625,261.0300598144531,106.96110534667969,56.486297607421875,176.31532287597656,317.10205078125,222.6741485595703,69.99559783935547,149.35250854492188,138.48684692382812,451.38433837890625,187.01556396484375,47.25251388549805,73.11162567138672,102.08206176757812
2022-05-11,31.939910888671875,240.7470245361328,69.31474304199219,465.6976013183594,136.48487854003906,271.4521179199219,253.6785888671875,106.28633880615234,56.75102996826172,172.31414794921875,317.6283874511719,221.54119873046875,68.80079650878906,148.62962341308594,136.5364532470703,449.663818359375,190.04908752441406,46.75838851928711,74.63372039794922,100.38591003417969
2022-05-12,31.49093246459961,240.58973693847656,70.03726196289062,462.936279296875,137.78146362304688,269.5257568359375,259.7121276855469,106.1963882446289,56.92752456665039,175.92066955566406,313.115478515625,221.3236541748047,68.53916931152344,148.40322875976562,135.98175048828125,442.865478515625,187.75021362304688,46.71404266357422,74.97251892089844,101.87004852294922
2022-05-13,31.580726623535156,239.81251525878906,70.80490112304688,473.4960632324219,140.42481994628906,276.34918212890625,265.3961181640625,107.14103698730469,57.99530029296875,178.0313720703125,324.38311767578125,222.0940704345703,70.23978424072266,151.29461669921875,137.44007873535156,448.97015380859375,192.84156799316406,46.89458465576172,77.19649505615234,104.00867462158203
2022-05-16,31.257469177246094,246.56671142578125,71.10295867919922,470.8870849609375,144.72445678710938,273.1534729003906,265.3602294921875,106.3943099975586,58.20709228515625,178.7012939453125,321.39080810546875,221.18772888183594,69.68163299560547,152.81871032714844,138.7820587158203,452.5033874511719,191.4670867919922,46.945274353027344,79.01216125488281,103.40950012207031
2022-05-17,32.317047119140625,251.06338500976562,71.1390609741211,467.0210876464844,145.5777130126953,281.73236083984375,269.8069763183594,109.9209976196289,58.048255920410156,178.0588836669922,330.28985595703125,219.0033721923828,72.3241195678711,151.9390869140625,138.38841247558594,455.5650329589844,197.4586181640625,41.60489273071289,80.01991271972656,103.67681884765625
2022-05-18,31.320331573486328,238.31362915039062,68.3755111694336,408.8708190917969,141.7403106689453,276.1151123046875,255.66880798339844,108.04067993164062,54.0065803527832,168.6892852783203,327.40472412109375,209.4141387939453,70.3705825805664,142.5245361328125,129.7637176513672,436.0024108886719,193.5771942138672,38.77949523925781,78.75154876708984,100.90215301513672
2022-05-19,30.93421173095703,237.67520141601562,67.84265899658203,402.710205078125,140.72824096679688,277.4383850097656,257.98187255859375,106.43930053710938,52.947628021240234,172.39675903320312,323.8178405761719,207.5560760498047,69.73394775390625,140.39083862304688,126.77556610107422,442.6342468261719,191.04116821289062,37.71522903442383,79.17723083496094,101.37228393554688
2022-05-20,30.4044246673584,240.09005737304688,67.8516845703125,396.5208435058594,141.53787231445312,276.1781311035156,257.47088623046875,105.56660461425781,53.81244659423828,169.48768615722656,327.6776428222656,212.00634765625,69.21941375732422,141.27044677734375,126.85607147216797,449.27532958984375,192.64796447753906,37.75639724731445,79.80272674560547,103.1698226928711
2022-05-23,32.20928955078125,243.67999267578125,69.1070327758789,408.9469909667969,144.82708740234375,285.0089416503906,256.430908203125,112.09819793701172,55.47146224975586,170.9192657470703,339.6177978515625,215.7133026123047,71.78340148925781,144.2228240966797,129.77267456054688,455.1487731933594,200.90440368652344,38.833343505859375,81.5662841796875,104.92127227783203
2022-05-24,32.01173782348633,245.15109252929688,70.55203247070312,416.783447265625,145.60302734375,282.614501953125,258.1253356933594,113.68159484863281,56.4951171875,169.42343139648438,332.0735778808594,221.6227569580078,71.47815704345703,146.15626525878906,132.08096313476562,460.2175598144531,196.13253784179688,39.317970275878906,82.00933074951172,105.15171813964844
2022-05-25,32.18234634399414,245.88204956054688,69.98306274414062,419.0688171386719,147.93923950195312,283.4696044921875,263.19061279296875,114.47329711914062,56.539241790771484,173.0299530029297,336.0406188964844,221.1605224609375,71.7136459350586,147.15777587890625,129.9158477783203,460.7077331542969,197.30369567871094,39.077239990234375,83.65995788574219,106.55289459228516
2022-05-26,32.92763900756836,248.77809143066406,70.58815002441406,442.7593078613281,148.9344024658203,291.32830810546875,271.4744567871094,116.45257568359375,56.74221420288086,179.43539428710938,341.0409240722656,224.8584747314453,74.12939453125,148.150634765625,131.05209350585938,464.5370788574219,201.86270141601562,39.9102897644043,83.95530700683594,109.09117889404297
2022-05-27,33.24192428588867,252.03488159179688,71.2203598022461,448.2535400390625,150.35972595214844,295.7842712402344,276.53973388671875,118.09896850585938,57.07754898071289,183.19793701171875,348.7314147949219,228.2845001220703,75.3939437866211,149.59637451171875,133.05615234375,469.0507507324219,206.0538330078125,40.69581985473633,84.7806396484375,110.9532241821289
2022-05-31,33.40355682373047,248.23211669921875,71.17517852783203,443.93048095703125,147.30670166015625,296.0288391113281,271.4206848144531,118.96263122558594,55.93034744262695,179.22439575195312,348.81915283203125,228.59268188476562,75.12359619140625,146.0952606201172,132.3046417236328,459.4960632324219,205.36656188964844,40.74333953857422,83.39933013916016,112.52808380126953
2022-06-01,32.92763900756836,244.79953002929688,70.6242904663086,435.1417541503906,148.70668029785156,291.5003356933594,268.11871337890625,116.87541961669922,55.65678405761719,175.9390411376953,348.029541015625,225.93702697753906,74.12939453125,144.9979248046875,130.3005828857422,455.5834655761719,203.19845581054688,39.736083984375,84.99781799316406,110.62897491455078
2022-06-02,33.1443977355957,243.7355194091797,71.59061431884766,464.2978820800781,148.43682861328125,293.6739807128906,275.9496154785156,118.75569915771484,56.23920822143555,179.98605346679688,353.8972473144531,226.93402099609375,74.30380249023438,146.1730499267578,131.70523071289062,455.3152770996094,208.154296875,40.388580322265625,84.85011291503906,111.4442138671875
2022-06-03,32.68380355834961,234.9827423095703,71.2835464477539,453.48101806640625,149.7862548828125,288.62921142578125,275.2368469238281,117.10031127929688,55.56852722167969,179.36196899414062,348.7703857421875,226.35076904296875,73.36194610595703,144.56820678710938,130.5242462158203,449.1643981933594,205.8312225341797,39.694908142089844,86.08374786376953,109.88786315917969
2022-06-06,32.64768981933594,239.00750732421875,71.14810180664062,449.8816833496094,149.13682556152344,290.28668212890625,274.1632995605469,116.71343994140625,55.48029327392578,180.57334899902344,351.0316467285156,226.08644104003906,74.0160140991211,145.17332458496094,130.0142822265625,453.3913269042969,206.11195373535156,39.55236053466797,85.8665542602539,110.59192657470703
2022-06-07,32.82830810546875,243.7282257080078,71.08487701416016,449.22467041015625,151.9790496826172,291.1923828125,272.25067138671875,117.01935577392578,55.81562423706055,179.5455322265625,354.8135681152344,226.87936401367188,74.41718292236328,146.0678253173828,131.46363830566406,459.79205322265625,207.6219024658203,39.077239990234375,89.80195617675781,111.3608169555664
2022-06-08,32.41286849975586,242.3343048095703,70.32624053955078,445.61590576171875,152.7633819580078,285.0063781738281,268.4254455566406,115.15705108642578,55.49794006347656,176.60891723632812,353.166259765625,223.8444366455078,72.55957794189453,145.33993530273438,129.82638549804688,456.489990234375,206.65394592285156,38.73832321166992,90.86182403564453,111.63876342773438
2022-06-09,31.166568756103516,239.3606414794922,69.40505981445312,449.48175048828125,149.71876525878906,275.5328063964844,270.52752685546875,112.7369384765625,54.53605651855469,178.28831481933594,340.17340087890625,220.70021057128906,70.78047180175781,142.7529296875,127.48233032226562,452.69769287109375,199.5009307861328,38.332881927490234,88.89847564697266,108.68356323242188
2022-06-10,29.95639419555664,235.37408447265625,69.20637512207031,441.1595764160156,147.93080139160156,259.9546813964844,260.9463806152344,107.55488586425781,54.19190216064453,170.99266052246094,326.28375244140625,216.34375,67.50135040283203,142.52490234375,126.99919128417969,448.2579650878906,193.112548828125,38.54827880859375,87.27391052246094,105.98779296875
2022-06-13,28.917808532714844,225.0963897705078,68.80899810791016,430.6284484863281,141.1246337890625,256.6036071777344,255.46112060546875,104.3520736694336,54.130126953125,166.3400115966797,311.6534423828125,217.33717346191406,65.56526947021484,140.0869140625,123.59941864013672,434.448486328125,186.0950469970703,37.82291793823242,83.2690200805664,102.91218566894531
2022-06-14,28.412059783935547,228.33026123046875,67.07500457763672,433.0564880371094,141.3101348876953,255.8971405029297,251.4103546142578,102.61573028564453,52.64576721191406,163.29327392578125,313.9927978515625,217.6014862060547,65.37340545654297,136.91229248046875,119.74335479736328,427.0951232910156,187.3146514892578,37.83875274658203,83.4861831665039,102.1155014038086
2022-06-15,28.94489860534668,229.62196350097656,66.97566223144531,436.8558044433594,138.53536987304688,262.71710205078125,252.3666534423828,103.83028411865234,53.03685760498047,164.27517700195312,317.1604919433594,217.72906494140625,66.29783630371094,138.37681579589844,118.55347442626953,429.48150634765625,189.86996459960938,37.81340789794922,82.43502044677734,103.66255950927734
2022-06-16,28.764278411865234,230.73703002929688,66.75891876220703,430.1618347167969,131.13043212890625,258.1070556640625,246.7100067138672,102.04893493652344,52.50355529785156,157.48434448242188,300.97064208984375,214.3478240966797,64.49256896972656,137.71035766601562,119.27816772460938,423.36431884765625,182.9879913330078,38.2061882019043,79.39440155029297,101.10572814941406
2022-06-17,28.827495574951172,227.22442626953125,66.8672866821289,425.3341979980469,125.1423568725586,253.40647888183594,244.24700927734375,101.68907165527344,52.82353210449219,158.27352905273438,302.8323669433594,213.60964965820312,63.57685852050781,137.7366485595703,118.41925811767578,419.6235046386719,183.9171905517578,37.468162536621094,74.81613159179688,101.4392318725586
2022-06-21,29.667394638061523,234.3426055908203,69.0528335571289,440.96917724609375,130.37977600097656,257.9530944824219,242.86669921875,104.2081298828125,53.952362060546875,158.19090270996094,309.37261962890625,218.35791015625,65.0855941772461,140.93756103515625,122.00690460205078,445.8558044433594,188.15673828125,38.6971321105957,79.47261810302734,103.35685729980469
2022-06-22,29.44161605834961,237.7994842529297,70.36238098144531,437.9698486328125,124.71221160888672,257.70855712890625,242.668212890625,103.62334442138672,54.35232925415039,159.31053161621094,308.1542053222656,221.52041625976562,64.88501739501953,142.09518432617188,123.91255950927734,454.5441589355469,187.60504150390625,38.22835159301758,76.3277587890625,103.25494384765625
2022-06-23,28.971994400024414,241.31210327148438,71.2384033203125,452.2907409667969,120.1241683959961,259.1849060058594,248.47824096679688,102.48977661132812,55.00118637084961,161.8157958984375,308.7488098144531,221.99436950683594,64.50999450683594,143.91046142578125,127.31234741210938,463.9472961425781,190.3345947265625,39.15642547607422,74.02558898925781,104.06089782714844
2022-06-24,29.179712295532227,246.3766632080078,72.59307861328125,461.2127990722656,122.09773254394531,274.2013854980469,255.31680297851562,105.54862213134766,56.03224182128906,167.78994750976562,322.14129638671875,225.93150329589844,67.86763763427734,145.6907501220703,129.14642333984375,460.0765686035156,198.92019653320312,39.18810272216797,75.49376678466797,105.99703979492188
2022-06-27,29.21583366394043,248.93214416503906,72.14151763916016,458.718017578125,124.45922088623047,272.4171142578125,255.03712463378906,104.70293426513672,55.916690826416016,169.05636596679688,320.51348876953125,225.13861083984375,67.5362319946289,145.8836669921875,128.16229248046875,469.3775939941406,197.03273010253906,39.3148078918457,77.34418487548828,107.6830825805664
2022-06-28,29.13455581665039,247.38021850585938,71.2384033203125,446.20623779296875,126.45806121826172,271.2488098144531,243.7238006591797,104.19914245605469,55.356712341308594,160.33834838867188,310.2401428222656,221.31082153320312,68.16414642333984,143.83155822753906,126.07770538330078,471.9580993652344,191.76715087890625,38.7604866027832,79.48998260498047,105.12626647949219
2022-06-29,28.7733097076416,248.43032836914062,71.95187377929688,447.37750244140625,123.96160888671875,274.681396484375,247.0799102783203,103.73131561279297,55.75669860839844,161.60475158691406,314.431396484375,225.7857208251953,68.1903305053711,146.21693420410156,127.22288513183594,478.7064514160156,193.1029052734375,38.61795425415039,76.55363464355469,105.45047760009766
2022-06-30,28.114032745361328,244.8804931640625,72.3763427734375,456.3661193847656,122.10614776611328,269.01171875,247.4407196044922,101.31121063232422,55.916690826416016,160.29241943359375,307.50115966796875,225.00189208984375,66.33271026611328,146.15553283691406,128.6453857421875,476.77569580078125,190.57659912109375,38.51026916503906,74.39913177490234,105.15404510498047
2022-07-01,28.502368927001953,249.0714874267578,74.029052734375,462.5363464355469,123.56522369384766,271.0133056640625,251.7802276611328,102.60671997070312,57.22327423095703,162.7610321044922,310.1913757324219,230.54312133789062,66.93448638916016,148.54966735839844,130.72108459472656,480.2751770019531,192.79318237304688,38.84285354614258,76.05843353271484,108.11847686767578
2022-07-05,28.213376998901367,246.10711669921875,73.15303802490234,464.91680908203125,120.31818389892578,269.17474365234375,255.97540283203125,102.2164535522461,56.245548248291016,165.0736083984375,311.185546875,229.93246459960938,66.37633514404297,148.21640014648438,129.4595489501953,468.98773193359375,194.1095428466797,39.355987548828125,73.67808532714844,108.69283294677734
2022-07-06,27.97856330871582,251.91510009765625,73.17108917236328,469.09686279296875,118.73257446289062,266.0591125488281,255.84002685546875,101.55389404296875,56.361106872558594,164.3210906982422,312.0726013183594,229.17604064941406,65.80072784423828,149.69850158691406,130.6673583984375,478.31658935546875,194.67092895507812,39.63471221923828,72.34890747070312,108.2296371459961
2022-07-07,28.7733097076416,256.2733459472656,71.76221466064453,471.2868957519531,121.04347229003906,270.4427185058594,258.64581298828125,104.12247467041016,55.916690826416016,166.62448120117188,316.35809326171875,230.52488708496094,67.1437759399414,149.40036010742188,130.62265014648438,477.4718933105469,196.29710388183594,39.694908142089844,74.65978240966797,109.07264709472656
2022-07-08,28.71009063720703,259.442138671875,70.7597427368164,477.5619201660156,120.41091918945312,268.5135192871094,258.44732666015625,103.79572296142578,56.121116638183594,166.6795654296875,315.3721923828125,230.79827880859375,66.91703033447266,150.73333740234375,129.74588012695312,481.4167785644531,197.04238891601562,39.72023391723633,74.78138732910156,108.64653015136719
2022-07-11,28.412059783935547,260.1112060546875,71.07585144042969,475.048095703125,119.34828186035156,265.5337829589844,258.3752136230469,102.43428802490234,55.94335174560547,165.28468322753906,316.4752502441406,230.83474731445312,66.12340545654297,149.4967803955078,130.65843200683594,479.85748291015625,198.48464965820312,39.736083984375,74.39913177490234,107.96099853515625
2022-07-12,28.321748733520508,259.5907897949219,70.72361755371094,467.1163635253906,117.16385650634766,264.945068359375,257.2294006347656,102.53410339355469,55.70336151123047,166.10142517089844,315.1768493652344,229.19424438476562,66.22807312011719,148.64613342285156,129.5043487548828,477.5089111328125,198.25233459472656,39.61570358276367,73.40877532958984,107.30326080322266
2022-07-13,27.852128982543945,254.38687133789062,70.83198547363281,468.68743896484375,116.37950134277344,262.7895812988281,259.087890625,101.5720443725586,55.44560623168945,167.358642578125,315.67474365234375,230.27877807617188,65.39086151123047,149.1723175048828,130.35426330566406,465.274658203125,197.60379028320312,39.71074295043945,73.70415496826172,108.39639282226562
2022-07-14,27.21091651916504,246.1722412109375,70.7507095336914,487.4646911621094,114.65058135986328,255.03672790527344,261.16290283203125,98.02323913574219,55.26783752441406,167.62477111816406,317.29522705078125,230.21499633789062,65.13793182373047,149.94406127929688,129.9695587158203,466.3793640136719,199.30735778808594,40.48676681518555,72.22728729248047,108.24818420410156
2022-07-15,29.125524520874023,254.72145080566406,70.5791244506836,497.9483642578125,116.09276580810547,266.15869140625,263.80633544921875,102.51595306396484,55.55226516723633,169.7721405029297,324.6557922363281,232.4114227294922,68.0682144165039,150.0667724609375,129.7906036376953,491.7390441894531,203.304931640625,40.88270950317383,73.44353485107422,109.45247650146484
2022-07-18,29.13455581665039,249.36888122558594,69.64891052246094,491.6162109375,117.72050476074219,272.8518981933594,264.3836364746094,101.4631118774414,54.796756744384766,170.4971160888672,323.1329040527344,230.0509796142578,68.77462768554688,147.55870056152344,128.2159423828125,482.1037902832031,200.56565856933594,40.78767776489258,74.79875946044922,109.75819396972656
2022-07-19,30.118955612182617,255.17672729492188,70.01917266845703,495.3582458496094,121.96277618408203,288.0586242675781,270.5003967285156,103.97723388671875,55.57892608642578,174.2256622314453,332.27996826171875,233.7694091796875,71.20781707763672,149.13723754882812,128.8690643310547,495.1735534667969,206.80886840820312,41.03791427612305,76.68395233154297,111.08291625976562
2022-07-20,30.127986907958984,247.8541259765625,68.70166778564453,499.1385192871094,123.57363891601562,291.1380920410156,272.72882080078125,103.95906829833984,54.66342544555664,176.3021697998047,333.1488037109375,232.01953125,71.34735870361328,147.55870056152344,126.64131927490234,482.1966247558594,206.52813720703125,41.3799934387207,77.52661895751953,111.9166488647461
2022-07-21,30.389883041381836,247.51034545898438,69.20142364501953,504.1471252441406,122.62906646728516,295.74810791015625,275.16473388671875,104.66703033447266,54.53899002075195,178.6371612548828,338.664306640625,231.00791931152344,72.4026107788086,147.77792358398438,126.7610855102539,484.9720764160156,209.2577362060547,41.98499298095703,76.23218536376953,111.39786529541016
2022-07-22,30.19120216369629,250.1587371826172,70.39173126220703,504.39453125,121.60853576660156,293.3841247558594,276.59918212890625,104.15876007080078,54.74342727661133,180.5014190673828,335.6966857910156,231.48179626464844,71.8880615234375,148.74256896972656,128.78720092773438,483.9974670410156,206.8475341796875,41.877288818359375,75.650146484375,110.6567611694336
2022-07-25,30.46213722229004,253.34616088867188,70.73700714111328,503.8424377441406,125.22669219970703,293.5562438964844,276.20220947265625,104.5762710571289,55.27671813964844,179.78155517578125,336.0187683105469,228.1917266845703,71.99272155761719,148.9530792236328,129.66062927246094,491.47906494140625,207.39932250976562,41.81711959838867,78.16950225830078,108.43345642089844
2022-07-26,29.848012924194336,255.3905487060547,71.3548812866211,487.4552001953125,124.24835205078125,288.511474609375,269.0119323730469,102.94254302978516,56.1833381652832,174.05955505371094,333.1585388183594,234.30711364746094,70.45781707763672,150.68948364257812,129.91281127929688,493.4471130371094,205.67637634277344,38.63697052001953,77.86542510986328,109.16527557373047
2022-07-27,30.335697174072266,255.29759216308594,71.56387329101562,497.3388671875,125.88453674316406,293.9367370605469,269.67047119140625,104.59441375732422,56.00556564331055,175.2777557373047,335.10107421875,235.94761657714844,71.95783233642578,150.47897338867188,131.14645385742188,496.2502746582031,203.7211456298828,40.097171783447266,79.5508041381836,111.63876342773438
2022-07-28,30.09185791015625,253.89443969726562,71.9545669555664,511.4271240234375,126.83760833740234,298.0757141113281,270.3200378417969,104.20413970947266,56.9388427734375,176.08990478515625,344.0627136230469,240.11260986328125,73.0274887084961,153.32913208007812,133.32562255859375,502.6365966796875,204.57290649414062,41.09809494018555,80.48035430908203,113.67679595947266
2022-07-29,30.534381866455078,255.88308715820312,71.54570007324219,516.3107299804688,138.1305694580078,301.9521179199219,271.5018615722656,104.70333099365234,57.03661346435547,176.7636260986328,345.3708190917969,240.0306396484375,74.21601104736328,153.43438720703125,125.08623504638672,503.4256896972656,205.3085174560547,41.82661819458008,84.20726013183594,113.51931762695312
2022-08-01,30.444074630737305,254.07095336914062,73.69004821777344,521.5662231445312,135.3726806640625,300.76556396484375,275.90447998046875,103.65956115722656,57.34770965576172,179.12628173828125,342.19818115234375,240.8143768310547,74.03112030029297,155.1795196533203,128.67913818359375,496.9651184082031,204.58258056640625,41.981834411621094,82.0788345336914,113.70458984375
2022-08-02,29.8389892578125,252.24038696289062,72.92681121826172,518.37109375,134.21725463867188,296.9617004394531,271.29437255859375,102.04397583007812,56.5655403137207,173.45965576171875,340.70458984375,237.9161376953125,73.53811645507812,153.899169921875,127.82367706298828,497.0392761230469,199.64613342285156,42.02616882324219,81.72264862060547,113.1395034790039
2022-08-03,30.380855560302734,252.5191192626953,73.9898910522461,521.7570190429688,131.02923583984375,301.7528076171875,276.400634765625,103.11500549316406,56.81440353393555,180.35374450683594,345.7027893066406,238.864013671875,74.87629699707031,155.0742950439453,130.46209716796875,501.85693359375,201.79493713378906,41.33565902709961,79.07299041748047,110.99026489257812
2022-08-04,30.164112091064453,260.28778076171875,73.49923706054688,518.1993408203125,127.4701156616211,300.57537841796875,277.1224365234375,101.98046112060547,56.592193603515625,181.9595947265625,347.5965881347656,237.5425262451172,75.14921569824219,154.23240661621094,130.25498962402344,495.4519958496094,206.62493896484375,39.77408981323242,75.7457046508789,111.184814453125
2022-08-05,30.669851303100586,261.8396301269531,73.08128356933594,515.7098388671875,129.57861328125,303.11138916015625,279.39599609375,105.06637573242188,56.33443832397461,183.7315673828125,349.00238037109375,236.25747680664062,75.82711029052734,153.07481384277344,130.31800842285156,496.66815185546875,208.94798278808594,40.0940055847168,76.84030151367188,109.70259094238281
2022-08-08,30.245386123657227,261.8396301269531,73.42654418945312,516.8829956054688,129.38461303710938,303.12042236328125,281.4529113769531,103.78662872314453,55.970008850097656,186.2787628173828,343.7796630859375,234.0427703857422,75.73905181884766,152.46095275878906,130.81329345703125,498.0975036621094,206.4797821044922,40.420249938964844,77.27466583251953,109.77669525146484
2022-08-09,30.633726119995117,264.8783264160156,72.74507904052734,511.0837097167969,131.07138061523438,304.8775329589844,275.35418701171875,104.72148132324219,56.04111862182617,180.1507110595703,338.2933349609375,237.013916015625,76.02958679199219,153.03094482421875,130.50711059570312,498.7102966308594,203.51785278320312,40.819358825683594,78.69940185546875,108.32228088378906
2022-08-10,31.67231559753418,266.7648010253906,72.99949645996094,514.899169921875,131.41720581054688,315.1028747558594,281.10107421875,107.45341491699219,56.57442855834961,185.900390625,344.9706115722656,238.19863891601562,78.25692749023438,154.29379272460938,131.74073791503906,499.1371154785156,205.29888916015625,40.90487289428711,79.446533203125,110.40664672851562
2022-08-11,32.43092727661133,265.7704162597656,72.23623657226562,507.630859375,134.6220703125,318.5174560546875,280.2981262207031,109.041748046875,56.19222640991211,186.59254455566406,342.2371826171875,236.30300903320312,79.4102554321289,153.5045166015625,130.80426025390625,494.6258544921875,204.67343139648438,41.29936599731445,81.7447738647461,109.04486846923828
2022-08-12,32.78314971923828,270.3424377441406,72.95404815673828,512.409423828125,134.81605529785156,320.45562744140625,284.08734130859375,110.84794616699219,56.61886215209961,190.55181884765625,345.83941650390625,238.946044921875,80.69561004638672,155.51280212402344,132.07394409179688,504.6880187988281,204.91586303710938,42.062862396240234,82.45528411865234,109.46172332763672
2022-08-15,32.73798751831055,270.2960510253906,73.8172607421875,520.5552978515625,132.2521514892578,322.2942199707031,283.8346862792969,111.14745330810547,57.329933166503906,192.00079345703125,351.38427734375,241.91709899902344,81.01254272460938,157.22288513183594,133.77587890625,505.56060791015625,209.8513641357422,42.18375778198242,80.98161315917969,109.53584289550781
2022-08-16,33.0902099609375,270.0543212890625,74.67138671875,527.4895629882812,131.91477966308594,321.4971618652344,295.3554992675781,112.20935821533203,57.80101776123047,197.6120147705078,350.7008972167969,242.69180297851562,80.83645629882812,158.13491821289062,135.00950622558594,506.93450927734375,210.5495147705078,44.33748245239258,80.22722625732422,110.27696228027344
2022-08-17,32.88248825073242,270.974365234375,74.66229248046875,530.6373901367188,133.00274658203125,320.3831481933594,293.8940124511719,111.26542663574219,57.667694091796875,198.76565551757812,346.8741760253906,243.1748809814453,80.42267608642578,158.04725646972656,134.38818359375,505.8948974609375,208.009033203125,44.38520050048828,80.8763427734375,110.341796875
2022-08-18,32.76508712768555,270.31451416015625,75.28016662597656,535.0630493164062,135.3346710205078,321.0896301269531,293.39776611328125,110.40319061279297,57.96990966796875,199.7808380126953,348.8558654785156,242.9560546875,80.75723266601562,158.20509338378906,134.86544799804688,506.0990905761719,208.71690368652344,44.242042541503906,82.78861236572266,109.26719665527344
2022-08-19,32.0425910949707,272.2567138671875,75.66178894042969,528.929931640625,134.20274353027344,316.33465576171875,289.8882751464844,107.6712646484375,57.925453186035156,195.06483459472656,345.8491516113281,242.91966247558594,79.24298858642578,158.00338745117188,134.82945251464844,508.9766540527344,206.3606719970703,43.58987808227539,82.52544403076172,108.06290435791016
2022-08-22,31.35622215270996,270.88140869140625,74.47148895263672,520.2881469726562,133.53041076660156,310.1306457519531,281.6694641113281,105.89232635498047,57.06327819824219,193.8004150390625,337.28790283203125,239.64779663085938,77.87837982177734,156.49496459960938,134.46920776367188,505.4956970214844,202.27842712402344,42.81046676635742,82.46405029296875,106.29350280761719
2022-08-23,31.07625961303711,266.0770263671875,73.56285858154297,517.045166015625,137.86227416992188,308.1018981933594,276.8788757324219,104.84854888916016,57.12549591064453,191.47474670410156,332.77783203125,237.451416015625,77.73753356933594,156.42486572265625,131.8758544921875,497.3548889160156,200.5233612060547,42.62913131713867,85.96401977539062,106.26570892333984
2022-08-24,31.17559814453125,268.3351745605469,73.59920501708984,518.1419067382812,138.883544921875,309.69586181640625,277.9704284667969,105.10269927978516,57.20549774169922,192.34228515625,331.6258544921875,237.74305725097656,78.00163269042969,157.20535278320312,131.30856323242188,497.9676208496094,200.3972930908203,42.937721252441406,86.4728012084961,106.22865295410156
2022-08-25,31.73552894592285,271.2066955566406,73.5264892578125,525.343505859375,140.1005401611328,313.8167724609375,279.47711181640625,107.59864807128906,57.48103332519531,194.6956787109375,336.46783447265625,239.2923583984375,79.15493774414062,157.214111328125,131.2004852294922,502.7109375,203.4517059326172,43.224029541015625,86.92015075683594,108.22036743164062
2022-08-26,30.733064651489258,264.72039794921875,71.9727554321289,507.268310546875,139.07077026367188,304.67822265625,268.9396667480469,104.07708740234375,56.094451904296875,185.49429321289062,324.060302734375,234.17955017089844,76.42575073242188,153.5045166015625,128.12982177734375,491.27490234375,196.73202514648438,41.865623474121094,85.84999084472656,104.41288757324219
2022-08-29,30.61566925048828,266.8762512207031,72.3180160522461,506.5434265136719,140.1090850830078,302.43212890625,267.33380126953125,103.82293701171875,55.75669860839844,185.56814575195312,321.5124206542969,233.0038299560547,75.14041137695312,153.02220153808594,127.58953094482422,491.75762939453125,196.18905639648438,42.27281951904297,87.82365417480469,104.45942687988281
2022-08-30,30.787254333496094,264.9061584472656,71.78193664550781,499.9428405761719,136.69631958007812,302.1694030761719,264.4288024902344,103.84109497070312,55.24116897583008,182.01495361328125,320.00909423828125,231.0261688232422,74.33045959472656,151.7067413330078,126.22981262207031,485.3248596191406,195.26783752441406,42.14556884765625,84.48157501220703,103.12820434570312
2022-08-31,30.353761672973633,263.40081787109375,71.06409454345703,497.99700927734375,134.51763916015625,303.57476806640625,261.90435791015625,103.22391510009766,54.85008239746094,179.17242431640625,316.65093994140625,231.1819305419922,75.02596282958984,151.07533264160156,124.21271514892578,482.06671142578125,192.67893981933594,42.167842864990234,83.85000610351562,103.55642700195312
2022-09-01,30.42648696899414,267.66619873046875,72.50884246826172,504.7406005859375,132.37298583984375,304.3322448730469,266.3992614746094,103.9318618774414,55.10784912109375,180.66749572753906,317.510009765625,235.021484375,75.8623275756836,152.6026611328125,125.7435531616211,486.40167236328125,194.05581665039062,42.78183364868164,82.34125518798828,106.36783599853516
2022-09-02,30.39012336730957,267.3502197265625,71.02777099609375,495.1451721191406,134.3389129638672,302.48883056640625,265.0644226074219,103.20576477050781,54.35232925415039,180.43679809570312,314.88397216796875,233.2254180908203,76.06481170654297,150.66920471191406,123.51036071777344,479.3005065917969,191.7577362060547,42.311004638671875,83.85000610351562,104.95281219482422
2022-09-06,30.053770065307617,266.10943603515625,70.66429901123047,494.94476318359375,133.7176513671875,297.9352722167969,262.92138671875,103.23298645019531,54.37900161743164,178.0834197998047,316.3678894042969,233.11544799804688,74.94673156738281,149.65391540527344,122.13261413574219,480.5351257324219,192.61102294921875,42.10104751586914,83.2885971069336,104.78524780273438
2022-09-07,30.517396926879883,270.5406799316406,71.37305450439453,505.18902587890625,132.00701904296875,301.6492614746094,270.12237548828125,105.1934814453125,55.383384704589844,185.78042602539062,320.7998046875,236.80845642089844,76.46978759765625,152.955810546875,123.97859954833984,484.2480773925781,194.33700561523438,43.182674407958984,82.57807922363281,107.3546142578125
2022-09-08,31.49919319152832,271.20306396484375,70.72792053222656,504.69293212890625,132.72190856933594,306.0478210449219,272.3289794921875,107.64404296875,55.21450424194336,188.6229248046875,322.21527099609375,238.32965087890625,77.86079406738281,152.4437713623047,124.14068603515625,489.6597595214844,194.6182098388672,43.402183532714844,83.25352478027344,108.3227767944336
2022-09-09,31.762821197509766,273.1901550292969,70.90054321289062,511.80859375,136.14317321777344,310.35498046875,272.21087646484375,108.161376953125,55.39227294921875,189.79502868652344,327.85772705078125,237.8164520263672,78.7587661743164,152.92933654785156,126.03172302246094,488.24444580078125,198.97190856933594,43.5326042175293,84.64825439453125,108.0714111328125
2022-09-12,32.062808990478516,274.4122314453125,70.78244018554688,514.6129150390625,138.29632568359375,312.6180419921875,270.18597412109375,109.44111633300781,55.55226516723633,190.48719787597656,330.3665771484375,238.5953826904297,79.36622619628906,153.52967834472656,127.05828094482422,494.6787109375,200.35848999023438,43.92391586303711,85.6219253540039,109.16061401367188
2022-09-13,30.908292770385742,267.5740661621094,68.53811645507812,486.74176025390625,135.66653442382812,299.6690979003906,252.37876892089844,105.63818359375,53.74794006347656,178.7017364501953,317.695556640625,233.0604705810547,76.6370620727539,147.79991149902344,124.42884826660156,478.5789489746094,193.60977172851562,43.017250061035156,83.62194061279297,105.73481750488281
2022-09-14,30.790111541748047,265.0179748535156,69.11054229736328,484.5479736328125,138.9516143798828,298.63800048828125,250.9349365234375,105.39314270019531,54.0323600769043,177.55735778808594,318.095703125,234.33421325683594,76.75149536132812,148.92112731933594,124.72599792480469,474.6773681640625,193.35765075683594,42.921810150146484,85.67454528808594,106.88916778564453
2022-09-15,31.371915817260742,270.5033874511719,68.35640716552734,480.2557373046875,136.69631958007812,302.6165466308594,246.57623291015625,106.9814682006836,53.298194885253906,176.31138610839844,309.4172668457031,232.2724151611328,77.70230865478516,146.44912719726562,123.76246643066406,486.912841796875,189.4402618408203,42.460514068603516,83.18334197998047,107.20565795898438
2022-09-16,31.017383575439453,270.8671875,68.77436065673828,480.8661804199219,133.1474151611328,297.6797790527344,250.59898376464844,106.2644271850586,53.30714797973633,177.02206420898438,307.6308288574219,233.59201049804688,76.9715805053711,147.4114227294922,124.5188980102539,485.1529846191406,187.43307495117188,42.37144470214844,81.7623062133789,107.72699737548828
2022-09-19,31.535541534423828,269.90631103515625,69.06511688232422,483.1839904785156,133.53041076660156,299.9154357910156,254.63983154296875,107.24466705322266,53.71004104614258,180.05841064453125,306.55706787109375,235.51634216308594,78.10729217529297,148.96527099609375,124.25777435302734,487.50885009765625,187.26829528808594,42.734107971191406,81.7535400390625,108.13660430908203
2022-09-20,31.062833786010742,268.74951171875,68.29279327392578,476.4594421386719,133.00274658203125,294.98779296875,248.9644317626953,105.12992095947266,53.629459381103516,175.72998046875,305.81500244140625,234.0409698486328,76.76030731201172,149.13304138183594,123.8165054321289,486.8103942871094,186.2404327392578,42.4859733581543,81.08688354492188,107.28944396972656
2022-09-21,30.135587692260742,265.8295593261719,68.05653381347656,470.3072204589844,131.92189025878906,292.6607971191406,246.60345458984375,102.09844207763672,53.181800842285156,173.8380126953125,297.2538146972656,230.08226013183594,76.02958679199219,148.7092742919922,122.22265625,476.82843017578125,181.34368896484375,42.874088287353516,79.77986907958984,104.79457092285156
2022-09-22,29.544689178466797,263.9171142578125,68.4745101928711,464.6795959472656,131.8197784423828,285.5521240234375,244.3968963623047,100.93670654296875,53.05644989013672,173.61654663085938,291.2599182128906,227.20486450195312,74.62977600097656,148.8505401611328,122.6548843383789,481.83807373046875,180.15103149414062,42.4350700378418,79.44654083251953,103.13751220703125
2022-09-23,28.844711303710938,259.13134765625,68.62898254394531,444.868408203125,123.20712280273438,275.55987548828125,246.0314178466797,99.05792236328125,52.465553283691406,173.6257781982422,286.5935974121094,225.38128662109375,71.75975799560547,148.77989196777344,122.08758544921875,478.2530822753906,178.37660217285156,41.375709533691406,75.2185287475586,103.0071792602539
2022-09-26,28.208362579345703,258.2263488769531,68.14739990234375,458.1268005371094,119.96461486816406,268.85260009765625,242.0722198486328,96.92500305175781,51.81196975708008,171.6784210205078,283.2062072753906,223.37442016601562,70.2190933227539,148.71807861328125,122.20464324951172,473.364501953125,175.1088409423828,41.77336883544922,73.66588592529297,101.62008666992188
2022-09-27,27.790191650390625,258.9914245605469,65.94852447509766,456.2190856933594,120.01564025878906,265.89599609375,243.9882049560547,96.07184600830078,50.47795104980469,173.20123291015625,279.6626892089844,216.9048614501953,69.97257232666016,146.56390380859375,118.84584045410156,473.373779296875,172.47142028808594,41.658851623535156,75.20974731445312,100.32611083984375
2022-09-28,28.244720458984375,263.5905456542969,66.24837493896484,465.7479553222656,124.06669616699219,274.4830322265625,256.2471008300781,98.01415252685547,51.01512908935547,179.53233337402344,283.2745666503906,217.12477111816406,71.72452545166016,148.9123077392578,118.84584045410156,478.5603942871094,173.74166870117188,42.34599685668945,77.9465560913086,100.65193939208984
2022-09-29,27.872005462646484,261.7341613769531,65.2125244140625,456.86773681640625,123.20712280273438,270.21221923828125,252.74195861816406,96.35319519042969,50.64806365966797,175.77613830566406,279.9457092285156,214.7971954345703,70.30712127685547,147.09359741210938,115.89225769042969,473.8021240234375,174.594970703125,42.07240676879883,77.78866577148438,99.80477905273438
2022-09-30,27.453838348388672,258.8515319824219,63.83140182495117,450.467529296875,122.27095794677734,267.4199523925781,250.5717315673828,94.84654998779297,50.1556396484375,173.33042907714844,277.5735778808594,211.4432830810547,69.55879974365234,144.1360321044922,113.68608093261719,470.27301025390625,172.25807189941406,41.26118087768555,76.58692932128906,98.99488067626953
2022-10-03,28.26290512084961,267.94720458984375,64.61282348632812,455.67535400390625,129.1304473876953,272.9864196777344,257.61834716796875,97.77818298339844,50.719688415527344,178.96937561035156,283.5674743652344,215.6585693359375,70.76492309570312,145.89292907714844,115.72117614746094,480.0222473144531,176.1366729736328,42.1614875793457,80.6307373046875,101.57356262207031
2022-10-04,29.43560218811035,273.35797119140625,65.276123046875,463.68768310546875,134.1516876220703,287.33160400390625,262.9395446777344,102.35258483886719,50.83607482910156,182.1995086669922,294.10064697265625,218.55438232421875,73.92547607421875,147.53506469726562,117.1529541015625,487.1549072265625,180.01527404785156,42.70866775512695,83.5693130493164,103.71469116210938
2022-10-05,29.017433166503906,274.30023193359375,64.61282348632812,458.14581298828125,134.9176483154297,281.9749755859375,263.2029724121094,101.08887481689453,50.35260772705078,183.68540954589844,296.96087646484375,219.09498596191406,73.1683578491211,146.55506896972656,116.3425064086914,490.78643798828125,181.97396850585938,42.28554916381836,86.94647979736328,104.57112884521484
2022-10-06,28.59926414489746,273.41400146484375,63.2044563293457,460.2156677246094,137.37718200683594,278.023681640625,263.69329833984375,99.0284423828125,49.26927185058594,184.56216430664062,292.58050537109375,215.11795043945312,71.58367156982422,143.7299346923828,113.89318084716797,483.3930358886719,179.9571075439453,41.891075134277344,89.52537536621094,102.5137939453125
2022-10-07,27.95383071899414,269.02947998046875,62.68651580810547,446.5377197265625,136.19419860839844,274.7475891113281,258.18133544921875,97.0504379272461,48.8037109375,182.00576782226562,288.4151306152344,213.68844604492188,69.48837280273438,142.67933654785156,111.90310668945312,470.09613037109375,178.2505340576172,40.89850997924805,88.62189483642578,101.4059829711914
2022-10-10,27.872005462646484,266.55718994140625,62.22311782836914,444.7825622558594,133.73463439941406,274.2548828125,256.49224853515625,96.14385223388672,48.69626998901367,179.87380981445312,285.2960510253906,215.3011932373047,69.03056335449219,142.86473083496094,111.44386291503906,464.5184631347656,176.65060424804688,41.140289306640625,86.70084381103516,100.34473419189453
2022-10-11,27.06294059753418,271.4269714355469,62.74104690551758,450.2289733886719,133.7602081298828,268.4784851074219,256.8827819824219,93.36913299560547,48.7768440246582,181.28585815429688,279.6933898925781,217.22560119628906,67.78924560546875,143.54449462890625,111.86710357666016,465.4030456542969,173.702880859375,42.206016540527344,85.96401977539062,97.98017120361328
2022-10-12,27.144756317138672,269.0107727050781,62.795555114746094,444.849365234375,134.16018676757812,269.4822692871094,254.73060607910156,94.880126953125,49.36775588989258,178.92324829101562,277.08270263671875,217.2347412109375,67.43708038330078,149.5479736328125,112.04719543457031,465.542724609375,172.83018493652344,41.72882843017578,86.3412094116211,98.25013732910156
2022-10-13,28.808347702026367,277.6680908203125,64.52197265625,446.3850402832031,140.66224670410156,280.2137756347656,256.82830810546875,100.1548080444336,50.02133560180664,178.26797485351562,287.4275817871094,226.1143798828125,69.83171081542969,154.156494140625,113.74009704589844,474.8077392578125,179.05532836914062,42.08195495605469,89.35871124267578,102.10418701171875
2022-10-14,28.817440032958984,275.485107421875,64.81270599365234,433.6608581542969,136.28781127929688,273.75299072265625,251.01663208007812,101.82146453857422,49.22450637817383,174.3917999267578,282.27471923828125,222.8246307373047,66.29259490966797,150.2542724609375,112.63251495361328,477.8061218261719,177.07723999023438,41.493412017822266,87.00786590576172,99.39517211914062
2022-10-17,30.562847137451172,270.46612548828125,65.54871368408203,442.7414245605469,137.2835693359375,279.88525390625,255.40269470214844,106.09798431396484,49.86018371582031,179.12628173828125,288.48358154296875,225.86695861816406,67.91248321533203,152.49673461914062,114.66761016845703,485.9537353515625,179.62744140625,41.79246139526367,88.2622299194336,102.38346099853516
2022-10-18,31.70827865600586,274.02972412109375,66.25743865966797,451.42132568359375,138.4835662841797,286.4007568359375,258.853271484375,108.82689666748047,50.53166198730469,179.2747039794922,293.7049255371094,228.35032653808594,69.93733978271484,154.55380249023438,115.59510040283203,486.2610168457031,181.48912048339844,42.673667907714844,88.42012786865234,103.77986907958984
2022-10-19,30.835567474365234,273.41400146484375,65.19435119628906,449.666259765625,142.97711181640625,284.4935607910156,250.16307067871094,106.69322204589844,50.10191345214844,170.68215942382812,291.1431579589844,229.77984619140625,68.35266876220703,153.0529327392578,116.66667175292969,484.5011291503906,180.7522430419922,42.55277633666992,91.04291534423828,102.82099151611328
2022-10-20,30.635570526123047,274.56146240234375,64.25228881835938,443.1706237792969,143.7941131591797,283.62664794921875,244.6874237060547,106.3452377319336,49.31404495239258,165.4486846923828,289.69610595703125,228.8818359375,67.43708038330078,151.37547302246094,115.16398620605469,485.02264404296875,181.53761291503906,42.65776062011719,91.16571807861328,102.0855712890625
2022-10-21,31.771915435791016,281.1197509765625,65.36811828613281,456.1046142578125,147.3940887451172,296.6669006347656,250.1994171142578,111.93125915527344,50.10191345214844,169.22532653808594,295.6507263183594,233.2620849609375,69.74368286132812,152.78805541992188,116.60592651367188,496.98785400390625,184.5919952392578,43.519893646240234,92.8586654663086,103.36094665527344
2022-10-24,31.880992889404297,286.3533020019531,65.87116241455078,474.02716064453125,147.343017578125,299.95196533203125,257.21881103515625,112.06863403320312,51.54336929321289,174.08763122558594,298.8089294433594,233.96766662597656,69.9285659790039,156.8668975830078,117.32234191894531,504.3163146972656,184.92169189453125,44.3502082824707,93.50780487060547,101.25703430175781
2022-10-25,32.17190170288086,290.0569763183594,66.54798889160156,476.0207214355469,148.8749237060547,303.328369140625,263.57525634765625,112.36165618896484,52.77891540527344,179.8779296875,304.48980712890625,234.34339904785156,70.87937927246094,157.38780212402344,118.673583984375,503.0311279296875,188.48031616210938,44.560157775878906,92.87621307373047,103.55642700195312
2022-10-26,32.453704833984375,293.8165588378906,67.1607894897461,476.3926696777344,150.7131805419922,306.3307189941406,263.475341796875,113.65287017822266,53.1728515625,179.59951782226562,312.40972900390625,235.14976501464844,71.23150634765625,158.09408569335938,119.50789642333984,505.77825927734375,197.1586456298828,44.90056228637695,93.98149871826172,104.5152816772461
2022-10-27,32.60824966430664,295.3371887207031,66.97787475585938,474.4720764160156,151.40252685546875,307.69036865234375,264.3016662597656,114.1015853881836,53.298194885253906,179.70156860351562,312.2728576660156,242.93893432617188,71.03782653808594,157.92633056640625,119.5986099243164,504.50244140625,198.0895538330078,44.77013397216797,94.34113311767578,106.04200744628906
2022-10-28,32.89006423950195,302.9682922363281,68.26748657226562,488.1651306152344,153.1727294921875,311.9245300292969,271.19384765625,115.45687103271484,54.399436950683594,184.40615844726562,322.1484680175781,251.56195068359375,73.08677673339844,160.8839111328125,122.62757873535156,513.29248046875,202.9862823486328,45.33639907836914,97.104248046875,109.73779296875
2022-10-31,32.76279067993164,301.3823547363281,67.53577423095703,479.2116394042969,153.95570373535156,314.3792724609375,268.90557861328125,115.27372741699219,53.584693908691406,180.89859008789062,320.88714599609375,249.8575439453125,73.0423355102539,160.31005859375,122.12879943847656,516.9335327148438,200.87242126464844,45.27914047241211,97.20073699951172,110.08222961425781
2022-11-01,32.90825271606445,303.3040466308594,67.44432067871094,477.739990234375,155.0791015625,318.09332275390625,268.84197998046875,117.35247039794922,53.39667892456055,179.59951782226562,325.7857666015625,250.123291015625,74.420166015625,159.58612060546875,122.31922912597656,509.63311767578125,200.6494140625,45.07553482055664,98.16564178466797,109.9891357421875
2022-11-02,32.80824661254883,299.3299865722656,66.55713653564453,462.0211486816406,151.91317749023438,319.197509765625,262.1858825683594,116.27188873291016,52.6535758972168,172.32456970214844,312.7129211425781,247.759033203125,74.99798583984375,157.361328125,120.55988311767578,506.0204162597656,194.85089111328125,44.776493072509766,96.14813232421875,109.26302337646484
2022-11-03,32.62643051147461,302.483154296875,66.20957946777344,464.6775817871094,154.1514434814453,318.35791015625,255.62057495117188,116.48249816894531,52.626712799072266,166.859130859375,302.2995910644531,250.123291015625,74.3312759399414,156.95518493652344,119.73464965820312,506.1878356933594,188.83908081054688,44.76694869995117,97.45511627197266,111.24590301513672
2022-11-04,33.4445915222168,300.51470947265625,66.94127655029297,464.7922668457031,156.1003875732422,326.6072998046875,257.9179382324219,119.66929626464844,53.05644989013672,169.0211944580078,311.295166015625,251.65359497070312,75.42464447021484,157.83802795410156,121.92022705078125,501.1224060058594,191.0014190673828,44.84647750854492,98.51651000976562,113.368408203125
2022-11-07,33.64458084106445,302.60443115234375,67.22480773925781,466.8371276855469,157.96417236328125,330.85064697265625,263.58428955078125,120.30115509033203,53.26237869262695,173.1133270263672,317.9048767089844,253.29396057128906,76.06466674804688,159.10052490234375,123.78836059570312,507.50079345703125,194.02671813964844,45.31731414794922,99.68317413330078,114.04798889160156
2022-11-08,33.73549270629883,305.7483215332031,67.50833892822266,470.86004638671875,157.73439025878906,332.1828918457031,264.3742980957031,120.37439727783203,53.36085891723633,174.78359985351562,318.51116943359375,255.11749267578125,75.80687713623047,159.54197692871094,124.06948852539062,514.97802734375,195.6557159423828,45.425479888916016,99.99896240234375,113.92695617675781
2022-11-09,33.19914245605469,303.18280029296875,67.188232421875,468.19403076171875,151.4281005859375,330.3395690917969,260.38787841796875,118.8084945678711,52.617759704589844,173.1782989501953,308.6258544921875,254.5585174560547,74.18013763427734,157.63499450683594,123.77022552490234,503.44091796875,188.46429443359375,44.36929702758789,95.52532196044922,113.61974334716797
2022-11-10,34.66274642944336,301.6435852050781,68.5693359375,490.32470703125,154.296142578125,345.2231140136719,283.04412841796875,123.69857788085938,54.506874084472656,189.59326171875,329.7751770019531,252.80824279785156,78.93588256835938,160.41598510742188,128.03253173828125,506.7094421386719,199.7762451171875,45.288692474365234,96.92881774902344,115.55608367919922
2022-11-11,34.91728210449219,283.4333801269531,68.2034683227539,492.5606384277344,158.68759155273438,351.48321533203125,285.98626708984375,123.9000244140625,54.90081024169922,193.95449829101562,331.7502746582031,248.69381713867188,80.69593048095703,157.1935577392578,127.84208679199219,486.1400146484375,199.2222442626953,45.35866928100586,99.9551010131836,114.81136322021484
2022-11-14,34.32638168334961,286.2600402832031,68.2034683227539,487.02801513671875,158.76417541503906,348.9189453125,278.7035827636719,122.62712097167969,54.372581481933594,189.90875244140625,331.8285217285156,249.50013732910156,79.83367919921875,156.02818298339844,127.85115051269531,478.3834228515625,201.0298614501953,44.02571487426758,100.24689483642578,114.13177490234375
2022-11-15,34.27184295654297,284.6928405761719,68.88941955566406,503.07177734375,160.04075622558594,349.3934326171875,283.2529602050781,121.73890686035156,54.28304672241211,193.78746032714844,335.8764953613281,245.4406280517578,80.44702911376953,156.43429565429688,127.40679931640625,468.3827819824219,204.07164001464844,46.9047737121582,100.91893005371094,114.792724609375
2022-11-16,33.96276092529297,286.11083984375,69.5205307006836,500.8168029785156,157.4365234375,348.8915100097656,285.958984375,121.9037094116211,54.1845588684082,199.62411499023438,335.1431579589844,249.72007751464844,79.8425521850586,157.4407501220703,128.54037475585938,476.30694580078125,204.2174072265625,47.24198532104492,99.84014892578125,115.39784240722656
2022-11-17,33.790035247802734,291.1577453613281,68.86197662353516,498.1507568359375,157.88246154785156,346.5645446777344,282.8080749511719,121.37255859375,54.35466384887695,193.3791961669922,333.686279296875,250.4989471435547,79.06920623779297,158.94158935546875,127.75138854980469,479.8360595703125,205.04344177246094,47.08291244506836,99.97278594970703,114.29002380371094
2022-11-18,33.80821990966797,297.79071044921875,69.93209838867188,500.3962097167969,156.93910217285156,346.0352783203125,284.38812255859375,122.56302642822266,54.73965835571289,194.79888916015625,336.0525207519531,250.50814819335938,79.29144287109375,160.08935546875,129.2930908203125,493.5148010253906,204.8588104248047,47.7923469543457,99.10620880126953,116.00293731689453
2022-11-21,33.91730880737305,294.1336975097656,70.35283660888672,500.1095886230469,155.43821716308594,346.95697021484375,287.6570739746094,121.8396224975586,55.58125305175781,195.1143798828125,330.7333679199219,251.56195068359375,79.18476867675781,163.17054748535156,130.93453979492188,481.5866394042969,200.50506591796875,48.085025787353516,98.12470245361328,115.45367431640625
2022-11-22,34.0809440612793,297.9213562011719,69.84977722167969,508.3083190917969,159.42625427246094,350.296875,295.012451171875,123.66193389892578,55.82297897338867,199.0116729736328,337.2943115234375,251.7819366455078,79.709228515625,163.1881866455078,132.05906677246094,487.0805358886719,204.40206909179688,48.256805419921875,100.96314239501953,116.31014251708984
2022-11-23,34.19002151489258,298.3783874511719,70.36197662353516,510.73541259765625,158.01112365722656,352.4687194824219,291.9523010253906,124.98058319091797,56.07368087768555,195.81033325195312,340.8925476074219,250.4165496826172,79.94035339355469,163.4000701904297,132.81175231933594,493.2447509765625,205.76258850097656,48.48904800415039,100.4591293334961,117.76905822753906
2022-11-25,34.27184295654297,302.166015625,70.21562194824219,509.9422302246094,157.54800415039062,354.85040283203125,296.37451171875,125.21871185302734,56.12738800048828,195.76393127441406,343.4835205078125,252.00181579589844,80.8115005493164,162.543701171875,133.05662536621094,500.6102294921875,207.76454162597656,48.69582748413086,100.10540771484375,118.33016204833984
2022-11-28,33.50822830200195,298.070556640625,69.85891723632812,507.3239440917969,152.9682159423828,348.9189453125,289.600341796875,123.03009796142578,56.1363410949707,193.9730224609375,336.9324645996094,250.05917358398438,79.90477752685547,162.34945678710938,132.94781494140625,495.62860107421875,205.30587768554688,48.83579635620117,97.09899139404297,118.2553482055664
2022-11-29,33.635498046875,299.1807556152344,69.48393249511719,505.4512023925781,155.25814819335938,350.15087890625,286.9125061035156,125.05387878417969,55.93937683105469,192.51620483398438,335.5049133300781,248.7120819091797,80.96260833740234,161.20172119140625,131.93209838867188,491.6524353027344,203.16786193847656,48.66401672363281,97.74449157714844,117.87191009521484
2022-11-30,34.408206939697266,306.8211975097656,70.8650131225586,515.2838745117188,157.21351623535156,354.6883239746094,295.984130859375,126.537353515625,57.3549919128418,197.2300567626953,348.4800720214844,251.3845672607422,82.73152160644531,163.77969360351562,135.2694091796875,510.05218505859375,210.88406372070312,48.48904800415039,98.45187377929688,120.32212829589844
2022-12-01,33.420677185058594,301.7462158203125,71.1119613647461,481.4667053222656,156.51026916503906,352.53900146484375,298.7978820800781,124.76083374023438,57.517295837402344,199.94886779785156,352.78228759765625,251.9466552734375,82.66931915283203,165.1477813720703,135.3509979248047,499.94903564453125,210.88406372070312,48.791263580322266,97.97439575195312,120.81778717041016
2022-12-02,32.99091339111328,305.24456787109375,71.49610900878906,472.5513916015625,155.25814819335938,349.5721435546875,299.63836669921875,123.77184295654297,58.0222282409668,199.35501098632812,352.0587463378906,251.9466552734375,81.86929321289062,164.96124267578125,136.58436584472656,500.78961181640625,211.52549743652344,48.74354934692383,97.14320373535156,121.2760238647461
2022-12-05,31.518756866455078,306.4708251953125,70.53575897216797,466.9422302246094,151.42449951171875,341.2687072753906,292.412109375,120.30115509033203,57.228759765625,191.31918334960938,348.1769104003906,250.27867126464844,79.83367919921875,162.67811584472656,135.2058868408203,499.74359130859375,207.6576385498047,48.24407958984375,94.48162841796875,122.42633056640625
2022-12-06,30.17462158203125,308.5770568847656,70.61807250976562,459.77557373046875,147.52224731445312,333.3418273925781,290.00946044921875,120.50260925292969,57.20170593261719,187.35696411132812,339.80718994140625,250.44461059570312,77.78915405273438,161.35443115234375,135.37823486328125,503.7413024902344,203.18728637695312,47.68418884277344,91.85540008544922,122.15509796142578
2022-12-07,29.936870574951172,310.9641418457031,70.9290542602539,460.549560546875,147.95962524414062,330.595458984375,292.47607421875,120.42020416259766,57.2918815612793,191.97799682617188,339.69964599609375,249.12672424316406,77.58470916748047,161.8430633544922,136.24880981445312,507.094482421875,201.9530792236328,47.43604278564453,91.65203094482422,119.95740509033203
2022-12-08,29.66255760192871,312.1903991699219,71.46866607666016,460.02398681640625,148.83441162109375,328.90533447265625,296.0754699707031,121.68390655517578,57.53532028198242,188.88803100585938,343.3662414550781,251.93751525878906,78.83808135986328,163.2644500732422,137.22825622558594,511.7740173339844,203.2067413330078,47.509490966796875,92.33290100097656,121.43502807617188
2022-12-09,29.607698440551758,310.8985595703125,71.13939666748047,461.5528869628906,144.0831298828125,329.8790283203125,292.777587890625,121.02461242675781,56.93120193481445,187.2270050048828,341.0782470703125,250.6934356689453,79.53144836425781,162.6603546142578,136.865478515625,503.62933349609375,202.81802368164062,46.401432037353516,91.55477905273438,119.4336929321289
2022-12-12,29.9277286529541,317.61981201171875,71.89854431152344,466.0057678222656,145.58395385742188,333.5898742675781,299.6293029785156,122.9018783569336,57.679595947265625,190.2985076904297,350.21075439453125,254.9139862060547,80.9981460571289,163.43324279785156,138.27113342285156,509.8498840332031,208.54202270507812,47.26680374145508,93.8095932006836,121.23861694335938
2022-12-13,29.94601821899414,309.1480712890625,72.0265884399414,466.5027160644531,148.82583618164062,338.65087890625,304.1147766113281,122.78282165527344,57.69762420654297,195.99591064453125,349.2133483886719,252.75759887695312,82.41152954101562,163.34439086914062,138.06259155273438,502.7137756347656,207.03564453125,47.097557067871094,94.8353271484375,121.71556854248047
2022-12-14,29.51626205444336,313.2950134277344,72.56621551513672,462.0306701660156,147.79666137695312,331.0179138183594,304.608154296875,122.16928100585938,57.69762420654297,196.82177734375,349.5654602050781,252.98797607421875,80.44702911376953,162.89134216308594,138.606689453125,502.8445739746094,207.3078155517578,46.8357048034668,94.13676452636719,122.71623229980469
2022-12-15,29.049922943115234,310.2714538574219,71.23086547851562,443.2922058105469,146.6903076171875,321.3275146484375,299.28216552734375,119.13817596435547,56.90415954589844,193.02655029296875,338.55560302734375,250.40771484375,78.03805541992188,160.12850952148438,137.03782653808594,492.869140625,202.05027770996094,46.417388916015625,93.2348403930664,121.99610137939453
2022-12-16,28.98591423034668,306.377197265625,71.1211166381836,440.9415588378906,144.70062255859375,318.1310729980469,295.39031982421875,118.39642333984375,56.579559326171875,191.2820587158203,338.1546630859375,245.2378692626953,77.21135711669922,160.20846557617188,136.43019104003906,489.1517639160156,201.05902099609375,45.58394241333008,92.58048248291016,120.98609924316406
2022-12-19,29.31509780883789,309.644287109375,71.32234191894531,438.2469787597656,145.69544982910156,316.5328063964844,289.8997802734375,119.1015396118164,56.660709381103516,188.52610778808594,333.67645263671875,244.97061157226562,76.04689025878906,161.09681701660156,136.39390563964844,489.058349609375,199.04739379882812,45.59991455078125,92.99609375,120.0602798461914
2022-12-20,29.433963775634766,308.48345947265625,71.05709075927734,437.4728698730469,148.08827209472656,316.4225769042969,287.6251220703125,119.67845153808594,56.615623474121094,186.3826446533203,335.32904052734375,246.2792510986328,75.7002182006836,160.99908447265625,136.44834899902344,485.8919982910156,199.5721435546875,45.99907302856445,94.34014892578125,120.25666809082031
2022-12-21,29.88201141357422,311.87213134765625,72.24609375,441.5244445800781,149.8292694091797,321.6307067871094,291.75439453125,121.02461242675781,57.526309967041016,187.83946228027344,338.00811767578125,247.1177978515625,77.22025299072266,162.1273651123047,137.69979858398438,492.73846435546875,200.9812774658203,46.35991287231445,95.55155944824219,120.43437194824219
2022-12-22,29.616838455200195,311.98443603515625,72.51133728027344,438.3232421875,147.58224487304688,317.4237365722656,288.79437255859375,119.65098571777344,57.11154556274414,184.7958526611328,333.9306335449219,244.91539001464844,76.77579498291016,160.8747100830078,138.01724243164062,492.3181457519531,199.28060913085938,45.81705093383789,93.6239013671875,120.47176361083984
2022-12-23,29.689990997314453,312.94866943359375,72.66681671142578,442.08819580078125,152.14486694335938,317.3594970703125,291.1788635253906,120.21873474121094,57.544342041015625,187.32916259765625,335.9644775390625,246.57412719726562,76.54467010498047,161.9141082763672,138.4071807861328,496.259765625,200.02890014648438,45.90965270996094,96.09979248046875,120.54656982421875
2022-12-27,29.74485206604004,312.7520751953125,73.11499786376953,438.1225891113281,154.05743408203125,314.10791015625,291.9279479980469,120.6399917602539,57.895992279052734,187.17138671875,338.46759033203125,245.90139770507812,75.6113052368164,162.6337432861328,139.61334228515625,496.8948059082031,200.4759063720703,45.92243957519531,97.43498992919922,121.48175811767578
2022-12-28,29.964305877685547,310.6459045410156,72.09062194824219,432.8575439453125,151.78469848632812,313.0975341796875,288.43817138671875,121.29934692382812,57.31892776489258,185.64028930664062,334.35113525390625,244.30714416503906,75.07795715332031,161.46104431152344,137.80865478515625,493.5882873535156,199.2125701904297,45.11772537231445,95.83450317382812,120.93000793457031
2022-12-29,30.30262565612793,309.5880432128906,72.59365844726562,436.240234375,152.93394470214844,315.448974609375,292.71356201171875,121.99527740478516,57.66156005859375,187.68170166015625,340.4720458984375,245.0627899169922,75.77131652832031,161.6653594970703,138.37994384765625,494.924072265625,202.19606018066406,45.39235305786133,96.55958557128906,121.56592559814453
2022-12-30,30.28433609008789,310.16851806640625,72.06317138671875,436.2115783691406,153.93736267089844,315.4030456542969,288.5568542480469,122.80116271972656,57.3549919128418,184.87940979003906,340.0026550292969,242.8511505126953,75.57575988769531,160.4927215576172,137.44589233398438,495.2042236328125,201.9044952392578,45.27739715576172,97.53227233886719,119.77972412109375
2023-01-03,30.640941619873047,300.93841552734375,72.37413787841797,433.1346740722656,149.2203369140625,318.0116882324219,288.60260009765625,123.73516845703125,56.759891510009766,184.6938018798828,339.0933837890625,243.58834838867188,76.19800567626953,159.38229370117188,137.4549560546875,484.42559814453125,201.54493713378906,45.85538101196289,94.18098449707031,118.73229217529297
2023-01-04,31.217010498046875,290.47283935546875,72.8405990600586,436.2688293457031,147.63372802734375,319.37109375,292.0924072265625,124.88904571533203,56.73283386230469,186.8744354248047,347.2578125,243.6437225341797,77.02469635009766,158.99139404296875,138.0535125732422,471.21832275390625,206.6177978515625,45.906463623046875,94.45509338378906,120.34083557128906
2023-01-05,31.152997970581055,284.75323486328125,71.83451080322266,430.1819763183594,150.29241943359375,315.7521057128906,288.2005920410156,124.86135864257812,56.08364486694336,186.29910278320312,343.9529113769531,241.58860778808594,76.37577056884766,157.33013916015625,136.33950805664062,457.63751220703125,205.1601104736328,45.7499885559082,96.56844329833984,119.42434692382812
2023-01-06,31.46389389038086,283.3396911621094,73.15156555175781,461.40960693359375,151.42449951171875,319.7200927734375,290.0826110839844,127.25064849853516,57.165645599365234,186.4846649169922,360.0830993652344,248.32504272460938,77.8335952758789,160.8835906982422,139.58612060546875,457.6748962402344,211.61294555664062,46.87083053588867,97.73564147949219,121.84649658203125
2023-01-09,30.98841667175293,283.6767578125,72.00830841064453,457.47265625,150.24093627929688,324.2392272949219,290.3383483886719,126.72480773925781,56.45332717895508,185.0649871826172,363.3149719238281,246.2792510986328,77.90473175048828,159.31118774414062,137.88121032714844,457.7309875488281,212.43898010253906,46.28646469116211,95.91410064697266,121.35083770751953
2023-01-10,31.198719024658203,284.37884521484375,71.62415313720703,460.0048522949219,150.978515625,328.2440490722656,292.9145812988281,127.85948944091797,56.02052688598633,186.8836669921875,363.3541564941406,247.8089599609375,79.04251861572266,157.9964141845703,137.7451629638672,453.93878173828125,214.8588104248047,46.25773239135742,97.34656524658203,121.01416778564453
2023-01-11,31.436458587646484,289.47119140625,70.54490661621094,462.7855529785156,150.25808715820312,334.78399658203125,300.56109619140625,128.80967712402344,55.912322998046875,193.5554962158203,370.0627746582031,247.71678161621094,79.49589538574219,158.17410278320312,136.6297149658203,460.8506164550781,215.84033203125,46.66326904296875,98.47840881347656,121.2853775024414
2023-01-12,31.518756866455078,290.39794921875,70.27964782714844,460.9891662597656,151.87045288085938,339.7990417480469,301.35589599609375,128.68055725097656,55.19099044799805,195.1051025390625,371.9725341796875,245.76321411132812,80.47369384765625,156.15750122070312,135.85890197753906,462.9708557128906,217.31748962402344,46.241764068603516,100.11426544189453,120.53722381591797
2023-01-13,32.21368408203125,294.13299560546875,71.20342254638672,463.68377685546875,152.2821044921875,343.5282897949219,302.5799560546875,131.92774963378906,55.38935852050781,196.86817932128906,367.7710876464844,247.79055786132812,81.47817993164062,155.67779541015625,136.8292236328125,457.27325439453125,216.7732696533203,46.39503860473633,100.0523681640625,121.78103637695312
2023-01-17,31.56446647644043,294.8725280761719,71.55097961425781,465.13616943359375,154.7949981689453,321.41021728515625,299.2181701660156,129.88902282714844,55.61478042602539,194.41842651367188,367.2617492675781,252.60092163085938,86.29609680175781,156.40621948242188,136.43019104003906,453.0794677734375,216.7150115966797,46.11402893066406,99.85782623291016,121.88391876220703
2023-01-18,30.83296775817871,288.6567687988281,69.80406188964844,458.1606750488281,151.9990997314453,320.6478271484375,295.7100830078125,125.98684692382812,53.92865753173828,193.4719696044922,361.3072509765625,245.16419982910156,85.85163879394531,152.46189880371094,132.77549743652344,444.82257080078125,213.27474975585938,44.97402572631836,97.80638885498047,120.37825012207031
2023-01-19,30.384920120239258,290.80987548828125,68.77967834472656,448.6241455078125,153.51710510253906,322.1725769042969,284.00738525390625,124.30784606933594,53.847511291503906,187.5611114501953,360.34747314453125,242.897216796875,83.69157409667969,150.69403076171875,129.96754455566406,452.4069519042969,214.19798278808594,44.332183837890625,98.4342041015625,117.88127136230469
2023-01-20,30.95182991027832,288.6567687988281,69.43315124511719,458.77215576171875,155.1466064453125,313.98846435546875,287.771240234375,124.61227416992188,54.17211151123047,189.7880859375,368.515380859375,247.5048828125,85.54940032958984,150.9161376953125,130.4694366455078,454.61126708984375,217.988037109375,44.878231048583984,100.22920227050781,118.42367553710938
2023-01-23,31.381595611572266,288.4789733886719,69.48837280273438,470.7166748046875,154.94078063964844,320.6938171386719,288.2097473144531,126.6325454711914,54.3073616027832,190.3262939453125,370.7582092285156,248.15916442871094,86.34053802490234,150.24095153808594,128.71730041503906,453.7613220214844,217.86170959472656,45.54882049560547,99.70751953125,118.46109008789062
2023-01-24,31.610191345214844,289.2465515136719,69.89332580566406,470.2388610839844,155.08657836914062,319.94970703125,290.22869873046875,127.72112274169922,54.59589767456055,192.5181427001953,372.16839599609375,248.4080047607422,84.9005126953125,151.6356964111328,129.41998291015625,459.1693115234375,217.57989501953125,45.670166015625,100.63595581054688,120.18184661865234
2023-01-25,31.884511947631836,293.55255126953125,69.73684692382812,469.0635681152344,153.58572387695312,321.1438293457031,289.8359375,128.3392333984375,54.93852996826172,192.2383270263672,374.49932861328125,251.5780029296875,85.01607513427734,152.73727416992188,129.32876586914062,460.0099792480469,218.56141662597656,45.45302200317383,100.10540771484375,120.82713317871094
2023-01-26,32.314266204833984,293.1875,69.51597595214844,476.1537780761719,161.05572509765625,326.0487976074219,286.6841125488281,129.132568359375,54.83032989501953,188.22772216796875,369.4555358886719,253.16307067871094,85.780517578125,151.2181396484375,128.80856323242188,459.9913024902344,218.3767852783203,45.41150665283203,104.12873840332031,120.67749786376953
2023-01-27,32.41484451293945,288.60064697265625,65.88968658447266,480.9220886230469,153.90306091308594,324.8822326660156,289.3151550292969,129.4462127685547,54.54179382324219,188.86196899414062,366.311767578125,251.08038330078125,86.10054779052734,150.68515014648438,128.27928161621094,453.9854736328125,224.91709899902344,45.75957107543945,102.22760772705078,119.82647705078125
2023-01-30,32.27769088745117,290.529052734375,67.07698822021484,480.91241455078125,149.40048217773438,328.3358154296875,287.0769348144531,128.34844970703125,54.67704772949219,188.32101440429688,363.46185302734375,249.6336212158203,85.98853302001953,150.56076049804688,128.68081665039062,453.74261474609375,222.64305114746094,45.39235305786133,100.4149169921875,120.67749786376953
2023-01-31,32.442283630371094,296.435791015625,68.5956039428711,488.42315673828125,149.24606323242188,336.0055847167969,296.1485900878906,129.11412048339844,55.29017639160156,194.2342987060547,362.95257568359375,246.41749572753906,87.21617126464844,151.92886352539062,129.9310302734375,466.25860595703125,223.7218017578125,45.94158935546875,102.58130645751953,122.0522232055664
2023-02-01,32.844600677490234,293.2624206542969,69.01898193359375,494.8921813964844,146.9647979736328,335.9137268066406,299.7297058105469,128.77276611328125,55.299198150634766,199.1869354248047,366.36077880859375,245.37615966796875,87.98681640625,152.40858459472656,130.67018127441406,464.2130432128906,224.39230346679688,46.197052001953125,101.45831298828125,120.64944458007812
2023-02-02,33.036624908447266,282.2632141113281,67.85929870605469,501.03765869140625,144.94931030273438,339.3674011230469,310.4183654785156,128.17312622070312,54.352439880371094,206.64849853515625,367.2030944824219,242.55625915527344,88.90083312988281,150.99607849121094,129.73936462402344,439.7695617675781,223.09005737304688,45.861759185791016,98.28387451171875,119.90129852294922
2023-02-03,33.31093978881836,273.8944396972656,68.37471771240234,492.77685546875,145.32667541503906,339.8082275390625,302.8449401855469,130.1565399169922,53.946693420410156,201.43475341796875,366.1943359375,243.49623107910156,89.09795379638672,150.24095153808594,130.14089965820312,440.8809814453125,223.64401245117188,45.25183868408203,98.96472930908203,118.77906036376953
2023-02-06,33.25607681274414,270.0096740722656,67.96975708007812,493.53302001953125,145.4896240234375,340.5889587402344,300.8077392578125,130.92221069335938,54.253257751464844,201.3414764404297,365.2736511230469,246.89669799804688,88.62303161621094,152.6395721435547,129.03668212890625,443.88861083984375,222.97349548339844,44.922943115234375,98.79673767089844,120.69620513916016
2023-02-07,33.6218376159668,270.5338439941406,67.60159301757812,494.4328308105469,149.30609130859375,343.8956298828125,297.08953857421875,132.5181427001953,54.16309356689453,200.2781982421875,367.320556640625,246.36216735839844,88.90977478027344,152.40858459472656,127.77738952636719,445.42041015625,224.8004608154297,45.01874542236328,101.61746978759766,120.95804595947266
2023-02-08,33.37494659423828,271.6572265625,67.51874542236328,482.2569885253906,145.79840087890625,344.5386657714844,293.06072998046875,131.58644104003906,53.847511291503906,198.44076538085938,362.7077331542969,242.19686889648438,88.67678833007812,152.05322265625,126.45411682128906,451.3421630859375,223.7120361328125,44.77605438232422,100.73322296142578,122.90326690673828
2023-02-09,32.66173553466797,272.88348388671875,67.03096771240234,479.21307373046875,144.46044921875,338.0079345703125,288.273681640625,129.53848266601562,53.75733947753906,194.5980682373047,362.77630615234375,240.2063446044922,87.86135864257812,153.49240112304688,125.06703186035156,453.6866149902344,223.3225555419922,45.191165924072266,101.11347198486328,122.66012573242188
2023-02-10,32.533721923828125,277.56396484375,67.6936264038086,478.6004638671875,147.48793029785156,341.0298767089844,289.1781921386719,130.1104278564453,53.75733947753906,194.72865295410156,359.2603759765625,241.82823181152344,88.21083068847656,156.53062438964844,126.17124938964844,461.64453125,221.22903442382812,45.89369583129883,105.37552642822266,122.80040740966797
2023-02-13,32.59772872924805,279.4830322265625,67.8961181640625,484.78399658203125,146.66458129882812,343.546630859375,295.5638427734375,131.52186584472656,54.64097213745117,199.7279052734375,363.1778259277344,245.3115997314453,89.09795379638672,157.92539978027344,127.822998046875,462.6719055175781,222.86489868164062,46.593013763427734,104.96565246582031,123.9319839477539
2023-02-14,32.570289611816406,280.2318420410156,67.35310363769531,481.69219970703125,147.78811645507812,341.4892272949219,290.9047546386719,132.10304260253906,53.730289459228516,199.37347412109375,362.3257751464844,245.68942260742188,90.11052703857422,156.14862060546875,127.10205841064453,460.31817626953125,223.3615264892578,46.45889663696289,103.73599243164062,122.35150146484375
2023-02-15,32.51543045043945,279.501708984375,66.91130828857422,489.4073486328125,146.23069763183594,343.840576171875,292.9693908691406,132.6565399169922,53.730289459228516,200.55799865722656,362.0124206542969,245.6433868408203,90.35247039794922,156.36184692382812,126.81005859375,458.8424377441406,222.90383911132812,46.803775787353516,103.42413330078125,123.1370620727539
2023-02-16,32.2594108581543,280.2973937988281,66.9757308959961,482.5345764160156,144.1195831298828,340.0379333496094,293.47186279296875,130.8299560546875,53.39668273925781,199.6066436767578,359.9654846191406,244.97061157226562,89.22339630126953,155.9176483154297,125.14917755126953,455.1996765136719,219.8950653076172,46.06932067871094,103.12117004394531,123.18383026123047
2023-02-17,32.32341003417969,281.8232421875,68.5864028930664,485.7699279785156,140.90093994140625,338.4764099121094,290.4662170410156,131.21743774414062,54.20817947387695,198.43142700195312,353.6780090332031,248.80419921875,89.16964721679688,156.60166931152344,127.76824951171875,466.1558837890625,217.6847381591797,46.762264251708984,99.156005859375,123.48308563232422
2023-02-21,31.56446647644043,275.1956481933594,68.34710693359375,480.2755126953125,139.30027770996094,331.6976623535156,269.9568176269531,128.80967712402344,53.91965103149414,188.26504516601562,348.61468505859375,247.47726440429688,87.47603607177734,156.5128173828125,127.67699432373047,458.8985290527344,214.8219757080078,47.04646301269531,99.0579833984375,122.70800018310547
2023-02-22,31.354171752929688,276.0755615234375,68.48517608642578,476.1116638183594,138.73793029785156,331.4864501953125,270.6877136230469,127.8226089477539,54.081939697265625,188.9925537109375,347.6451110839844,247.56016540527344,87.16240692138672,156.45953369140625,128.21539306640625,456.6380920410156,214.23773193359375,46.05974197387695,97.7748794555664,121.48664093017578
2023-02-23,31.326732635498047,275.82281494140625,67.79488372802734,472.04345703125,140.10494995117188,333.92047119140625,273.4375305175781,128.84654235839844,54.181129455566406,188.60081481933594,348.1935729980469,245.84613037109375,87.7627944946289,156.62835693359375,127.80472564697266,459.25341796875,215.31857299804688,45.37318801879883,98.6748275756836,120.8853759765625
2023-02-24,31.281021118164062,274.9615478515625,67.30707550048828,467.7071533203125,140.52023315429688,334.2052307128906,271.01654052734375,130.00892639160156,53.955718994140625,187.9758758544922,345.8332824707031,242.98936462402344,87.54772186279297,156.31741333007812,127.08382415771484,452.3788757324219,213.7801055908203,45.494537353515625,98.68375396728516,119.15669250488281
2023-02-27,31.281021118164062,277.423583984375,67.73963928222656,466.19482421875,140.87498474121094,335.74835205078125,270.4227600097656,131.14366149902344,53.93767547607422,190.49420166015625,348.1446228027344,244.0030517578125,86.65162658691406,156.2729949951172,126.97429656982422,451.4355773925781,214.55911254882812,45.1656379699707,98.50552368164062,118.91242218017578
2023-02-28,31.36331558227539,273.43572998046875,67.46354675292969,463.4667053222656,139.10130310058594,322.9992370605469,270.9069519042969,132.24142456054688,53.65815734863281,191.90257263183594,347.9585266113281,244.60557556152344,86.4723892211914,154.15866088867188,125.53245544433594,444.5424499511719,214.15985107421875,45.38596725463867,97.93525695800781,119.46674346923828
2023-03-01,31.217010498046875,270.2998046875,66.77326202392578,458.1924743652344,140.20875549316406,320.2979431152344,265.65399169921875,131.50340270996094,53.072078704833984,181.2324981689453,346.2054443359375,243.5025177001953,86.19462585449219,152.20428466796875,125.62371063232422,443.8699035644531,212.6213836669922,44.753684997558594,98.8084945678711,118.56481170654297
2023-03-02,30.821273803710938,269.2139587402344,67.8961181640625,464.9120788574219,140.6500244140625,322.9530334472656,267.691162109375,130.13812255859375,53.847511291503906,181.9693145751953,348.2327575683594,247.997802734375,86.0960693359375,155.01260375976562,127.69525146484375,446.18634033203125,213.302978515625,44.86545944213867,99.26290893554688,120.89476776123047
2023-03-03,31.437883377075195,268.6335754394531,68.06177520751953,454.9283142089844,142.72654724121094,330.3446044921875,272.6518249511719,132.52737426757812,53.59504318237305,186.28775024414062,354.0403747558594,249.38807678222656,88.11226654052734,154.8605194091797,128.62606811523438,446.98956298828125,217.88922119140625,44.91974639892578,100.51929473876953,121.82487487792969
2023-03-06,31.373458862304688,270.03765869140625,67.45433044433594,462.41375732421875,143.77346801757812,330.3075256347656,272.4325866699219,131.7524871826172,54.42457962036133,188.00389099121094,359.35833740234375,250.84324645996094,88.15705871582031,155.17356872558594,128.07850646972656,449.06317138671875,220.79086303710938,44.91334915161133,101.41033935546875,121.47724914550781
2023-03-07,30.370328903198242,264.8482666015625,65.8068618774414,464.395263671875,141.9219512939453,320.1592102050781,265.57177734375,127.87796020507812,54.10898971557617,184.12388610839844,352.5125732421875,247.58998107910156,86.07814025878906,154.4044189453125,125.53245544433594,442.6183166503906,217.30494689941406,44.466304779052734,99.45004272460938,119.24124908447266
2023-03-08,29.96538734436035,262.5920715332031,66.230224609375,465.2471923828125,141.02207946777344,323.1287536621094,268.2218322753906,127.12149047851562,54.13603973388672,187.6028289794922,351.621337890625,245.92164611816406,85.93475341796875,154.8247833251953,125.55073547363281,439.5546569824219,216.35073852539062,44.09907531738281,97.99765014648438,119.10971069335938
2023-03-09,28.106355667114258,255.64454650878906,65.65960693359375,459.0060729980469,138.8763427734375,316.4680480957031,265.01043701171875,120.23957824707031,53.61308288574219,185.65350341796875,347.1260681152344,242.4923095703125,82.61923217773438,153.65313720703125,124.62902069091797,434.239990234375,214.22801208496094,43.80210494995117,97.2402572631836,118.42388153076172
2023-03-10,27.85787010192871,259.1324157714844,65.63200378417969,450.98468017578125,138.1495361328125,303.1280517578125,263.455322265625,123.29308319091797,53.38766098022461,183.42434692382812,339.94732666015625,242.86305236816406,80.69265747070312,153.8588409423828,125.19482421875,431.49365234375,210.45974731445312,43.73823928833008,96.03731536865234,117.0428237915039
2023-03-13,26.238115310668945,256.697509765625,65.8068618774414,451.8078308105469,137.3189697265625,291.87884521484375,263.64862060546875,121.07907104492188,53.92865753173828,184.25442504882812,337.5968322753906,243.8362274169922,78.84671020507812,155.36138916015625,126.06173706054688,434.6336975097656,208.8336181640625,43.865966796875,94.93241882324219,117.33406829833984
2023-03-14,26.46819305419922,255.8326416015625,66.48793029785156,461.3034362792969,139.09266662597656,298.0215148925781,262.7744445800781,124.18791961669922,54.12702178955078,183.58291625976562,345.5394287109375,246.449951171875,80.62096405029297,155.2003936767578,127.62225341796875,435.4773864746094,212.91348266601562,44.09907531738281,95.2888412475586,119.03456115722656
2023-03-15,26.219709396362305,254.16859436035156,67.12299346923828,464.8834228515625,133.0707244873047,288.8074645996094,264.9828186035156,118.32076263427734,54.487693786621094,185.2244415283203,340.8973083496094,246.8577880859375,76.51689147949219,157.9729461669922,129.4291229248047,436.274169921875,210.6836700439453,44.59083557128906,90.54845428466797,119.43852996826172
2023-03-16,26.661462783813477,257.9948425292969,67.14140319824219,466.4150085449219,133.49464416503906,291.490234375,263.841796875,120.61781311035156,54.78752136230469,186.2317657470703,340.8189697265625,250.7783203125,77.96855926513672,157.8656005859375,130.39645385742188,442.45135498046875,211.7352752685547,44.33753967285156,90.02274322509766,120.31227111816406
2023-03-17,25.603099822998047,253.3131561279297,66.45112609863281,466.21392822265625,131.8074951171875,280.8053894042969,265.3692932128906,116.06063079833984,54.533119201660156,184.0772247314453,342.4446716308594,247.65492248535156,75.4326171875,156.63140869140625,130.4329376220703,440.08917236328125,211.6768798828125,44.6966438293457,88.96237182617188,119.17548370361328
2023-03-20,25.538679122924805,256.5565185546875,67.26106262207031,468.358154296875,133.74557495117188,286.34674072265625,266.16986083984375,117.28755187988281,55.060096740722656,183.5456085205078,342.1117248535156,250.93592834472656,76.74090576171875,158.83157348632812,132.44056701660156,447.08184814453125,212.41688537597656,45.1776008605957,91.28803253173828,121.08265686035156
2023-03-21,26.311738967895508,260.0536804199219,66.61678314208984,469.85137939453125,137.83807373046875,293.5162658691406,266.3262939453125,120.43331146240234,54.80569076538086,183.5456085205078,347.2533874511719,250.4447021484375,79.53669738769531,159.2071990966797,131.48239135742188,450.02520751953125,216.11705017089844,45.0236930847168,95.3779525756836,120.77264404296875
2023-03-22,25.437440872192383,254.2438507080078,66.38668823242188,466.6638488769531,135.03477478027344,290.1766662597656,260.0506286621094,117.32447052001953,54.56038284301758,178.67689514160156,343.7864685058594,248.27584838867188,78.45244598388672,157.8656005859375,131.40025329589844,445.7320861816406,214.25721740722656,44.73512649536133,93.19489288330078,119.91769409179688
2023-03-23,24.82083511352539,241.21385192871094,66.11058807373047,466.8935546875,133.69371032714844,291.2682800292969,261.24688720703125,117.01082611083984,54.442256927490234,176.92343139648438,347.05743408203125,249.89781188964844,76.92012023925781,157.096435546875,131.2177276611328,440.4735107421875,216.74020385742188,45.09743118286133,92.14344024658203,119.95526123046875
2023-03-24,24.9772891998291,244.62644958496094,67.573974609375,474.0822448730469,135.026123046875,289.15899658203125,260.42791748046875,115.2303695678711,55.332679748535156,176.70892333984375,344.3740234375,251.4827423095703,75.22650909423828,160.17311096191406,133.89157104492188,446.17266845703125,215.23092651367188,45.4661750793457,92.25037384033203,120.09618377685547
2023-03-27,26.219709396362305,246.10247802734375,68.2458724975586,472.1199951171875,136.4018096923828,294.672607421875,258.8175964355469,118.53295135498047,55.74153518676758,177.7069091796875,347.30230712890625,253.8091583251953,75.8448257446289,160.53089904785156,133.18887329101562,451.71240234375,215.98069763183594,46.226078033447266,94.27305603027344,120.52835845947266
2023-03-28,25.879194259643555,241.138671875,68.5679931640625,465.94586181640625,137.9938201904297,294.5893859863281,258.403564453125,118.89274597167969,55.805137634277344,177.35244750976562,347.0183410644531,255.67218017578125,76.05988311767578,160.47718811035156,133.5630340576172,442.9762268066406,214.53958129882812,46.04652786254883,95.44923400878906,120.72565460205078
2023-03-29,26.385366439819336,238.81661987304688,68.5403823852539,469.8704833984375,139.17918395996094,296.69854736328125,260.74078369140625,119.13257598876953,56.20491409301758,179.0220184326172,352.111083984375,257.14581298828125,77.278564453125,161.5862274169922,133.9736785888672,437.3614501953125,217.43153381347656,46.24531936645508,97.08877563476562,120.64109802246094
2023-03-30,26.044849395751953,238.87301635742188,69.25825500488281,470.4544677734375,140.5029296875,297.087158203125,262.5811767578125,118.7728042602539,56.19583511352539,179.68423461914062,351.8465881347656,257.4702453613281,77.16207885742188,161.72933959960938,134.5576934814453,440.61407470703125,216.51626586914062,46.707035064697266,97.56101989746094,121.50542449951172
2023-03-31,26.32094383239746,240.2267608642578,69.1662368774414,475.6138916015625,141.16915893554688,302.6100158691406,271.5620422363281,120.21192932128906,56.3593635559082,186.51156616210938,355.9109802246094,259.1571350097656,78.67644500732422,163.0440216064453,135.68930053710938,442.98565673828125,219.53482055664062,47.27777099609375,97.71250915527344,124.08905792236328
2023-04-03,26.311738967895508,246.3092803955078,69.35951232910156,475.7670593261719,147.04400634765625,302.064208984375,273.9637451171875,120.07351684570312,56.695556640625,190.26101684570312,358.90777587890625,261.5020446777344,78.10297393798828,163.22293090820312,136.43760681152344,463.2325439453125,222.98175048828125,47.675350189208984,103.47758483886719,125.15067291259766
2023-04-04,25.750349044799805,241.17623901367188,68.77967834472656,476.4370422363281,146.2566680908203,298.4841003417969,271.41485595703125,118.46836853027344,56.52292251586914,189.337646484375,356.390869140625,261.6317443847656,76.006103515625,162.6416015625,137.09466552734375,462.3514404296875,221.67697143554688,47.20722961425781,102.48851776123047,123.63812255859375
2023-04-05,25.437440872192383,249.95689392089844,69.35951232910156,475.86279296875,146.98341369628906,297.4479064941406,265.6269226074219,118.64501953125,57.058982849121094,186.0078887939453,356.84210205078125,261.390869140625,75.11003112792969,164.24252319335938,138.03457641601562,477.3303527832031,222.17355346679688,47.98957443237305,104.243896484375,123.9575424194336
2023-04-06,25.62150764465332,249.40220642089844,69.65402221679688,465.1897888183594,145.05398559570312,298.25274658203125,265.57171630859375,118.51486206054688,57.0953254699707,185.20578002929688,354.5663757324219,262.1971435546875,75.44158935546875,164.88645935058594,138.91064453125,480.68603515625,220.0508575439453,48.351890563964844,102.51525115966797,124.10787963867188
2023-04-10,25.713539123535156,247.34339904785156,69.15701293945312,472.7038879394531,145.6077117919922,300.6210021972656,267.9273986816406,118.90534210205078,56.95903778076172,186.3343505859375,353.2617492675781,263.0220947265625,75.27131652832031,163.84896850585938,137.76083374023438,482.9076232910156,220.4792938232422,48.2589111328125,102.06082153320312,123.16835021972656
2023-04-11,26.422178268432617,250.5210723876953,69.96695709228516,477.3177185058594,146.4124298095703,302.8504638671875,270.31982421875,119.49109649658203,56.859092712402344,187.7893524169922,357.17559814453125,263.67083740234375,76.24805450439453,163.5985565185547,137.48704528808594,488.3349304199219,222.44619750976562,48.117835998535156,102.78256225585938,123.60990905761719
2023-04-12,26.210506439208984,245.15293884277344,69.99458312988281,468.41552734375,146.93150329589844,305.5055847167969,267.255615234375,119.47249603271484,56.95903778076172,186.32505798339844,354.8704833984375,264.43084716796875,76.58856964111328,163.27658081054688,137.86122131347656,488.54119873046875,221.822998046875,47.883766174316406,102.67564392089844,123.99510192871094
2023-04-13,26.28413200378418,248.01087951660156,70.4271469116211,476.5902404785156,148.8955841064453,307.2539978027344,268.82916259765625,119.92807006835938,57.37698745727539,187.91061401367188,362.5902099609375,267.9251403808594,76.78572845458984,164.9043426513672,138.50001525878906,493.26544189453125,226.57476806640625,47.9318733215332,103.15679168701172,126.51296997070312
2023-04-14,27.167631149291992,243.5829620361328,69.57119750976562,470.2821044921875,149.19837951660156,311.6852722167969,268.865966796875,128.98379516601562,57.28612518310547,188.5728302001953,365.3170166015625,267.8416748046875,77.69972229003906,164.12623596191406,137.79734802246094,479.72998046875,227.86981201171875,47.60801696777344,103.40629577636719,126.71966552734375
2023-04-17,27.949899673461914,243.1787567138672,69.67243957519531,472.8092956542969,147.88328552246094,314.238525390625,271.8197326660156,130.00653076171875,57.65864562988281,191.20301818847656,365.6407165527344,268.1475830078125,80.01162719726562,164.96697998046875,137.84295654296875,473.6934814453125,227.34402465820312,47.94148254394531,102.20338439941406,128.8053741455078
2023-04-18,28.124755859375,244.1376190185547,69.52517700195312,475.642578125,147.53717041015625,308.9006652832031,275.0863342285156,131.46624755859375,57.74950408935547,194.09439086914062,365.2091979980469,269.63055419921875,80.513427734375,165.30679321289062,137.98898315429688,472.8779602050781,227.46087646484375,48.04729461669922,104.1993408203125,129.2563018798828
2023-04-19,27.66459846496582,240.76263427734375,69.57119750976562,474.8097839355469,147.67559814453125,311.6575012207031,273.2091979980469,131.2988739013672,57.85853576660156,194.77528381347656,365.67999267578125,269.96417236328125,81.05109405517578,165.20843505859375,138.01632690429688,455.7430419921875,226.45791625976562,48.09858703613281,103.8696517944336,128.82411193847656
2023-04-20,27.517349243164062,240.46180725097656,70.72901916503906,483.95123291015625,146.95748901367188,313.3411865234375,274.7366943359375,130.9176788330078,58.11294174194336,195.64268493652344,367.8379821777344,269.7139587402344,81.03315734863281,165.75401306152344,138.5223388671875,456.9240417480469,228.43460083007812,48.406402587890625,103.04096984863281,129.18115234375
2023-04-21,27.489742279052734,237.0209503173828,71.1365737915039,484.6882629394531,146.32589721679688,316.0702209472656,276.08935546875,130.66664123535156,58.1947135925293,196.8365478515625,368.0733337402344,270.6963806152344,81.65148162841797,165.8255615234375,143.31573486328125,453.5121154785156,227.8990478515625,48.65008544921875,103.37065124511719,129.9609375
2023-04-24,27.388505935668945,240.76263427734375,72.13692474365234,489.5414733886719,148.36778259277344,318.1979675292969,277.5616149902344,130.8433074951172,58.103851318359375,196.8365478515625,367.5731506347656,271.7530517578125,80.82707214355469,165.90602111816406,143.57286071777344,458.3114318847656,226.64291381835938,48.980342864990234,105.32205963134766,130.49644470214844
2023-04-25,26.541820526123047,238.51576232910156,71.97021484375,481.6443786621094,146.21337890625,314.0535583496094,272.6755065917969,127.9982681274414,58.01300048828125,192.98397827148438,361.4915466308594,270.18670654296875,78.9094467163086,169.67135620117188,143.60955810546875,461.1047668457031,223.55625915527344,48.59878158569336,103.8250961303711,129.47238159179688
2023-04-26,26.173694610595703,233.30755615234375,71.0254135131836,473.4984130859375,143.60910034179688,311.35223388671875,265.0748291015625,125.7297134399414,57.740413665771484,188.22219848632812,359.75537109375,268.564697265625,79.24996185302734,168.62493896484375,141.947509765625,452.6966552734375,222.1540985107422,48.38716506958008,102.87165832519531,129.66026306152344
2023-04-27,26.587833404541016,235.33816528320312,72.1832504272461,479.8256530761719,144.44834899902344,316.01470947265625,270.467041015625,127.42185974121094,57.85853576660156,191.71852111816406,366.5333557128906,273.16180419921875,80.88084411621094,169.65347290039062,143.6830291748047,459.7455749511719,222.9915008544922,48.537864685058594,104.10131072998047,131.3419952392578
2023-04-28,26.946758270263672,238.12091064453125,73.91534423828125,481.69219970703125,145.85867309570312,317.7169189453125,276.5494079589844,128.52825927734375,58.28556823730469,194.81185913085938,372.7718505859375,274.116455078125,81.31919860839844,170.72671508789062,143.60040283203125,461.26409912109375,226.6137237548828,48.406402587890625,105.4468002319336,132.07479858398438
2023-05-01,26.72588348388672,239.63449096679688,74.73971557617188,472.47412109375,144.6992950439453,315.06182861328125,273.9361267089844,131.28030395507812,58.42185974121094,195.1774139404297,372.6051940917969,275.8126220703125,79.47534942626953,171.43325805664062,143.77488708496094,464.64801025390625,226.39952087402344,48.605201721191406,102.17664337158203,133.62498474121094
2023-05-02,25.916006088256836,235.4228057861328,74.88790893554688,473.6419677734375,138.4696502685547,308.401123046875,270.7891540527344,129.16043090820312,58.15836715698242,193.06832885742188,368.84832763671875,276.2667541503906,77.9930419921875,171.9430389404297,143.6463165283203,462.482666015625,221.0148468017578,48.47373962402344,98.10455322265625,134.25440979003906
2023-05-03,25.63991355895996,231.2675018310547,75.26768493652344,469.09521484375,135.6923065185547,304.0346374511719,269.68487548828125,126.42699432373047,57.83127975463867,192.44969177246094,367.73992919921875,273.6252136230469,76.60112762451172,171.8804168701172,143.46267700195312,458.78009033203125,220.04110717773438,48.294185638427734,96.17098236083984,129.00262451171875
2023-05-04,24.83924102783203,229.09585571289062,74.83235168457031,470.3421936035156,135.16453552246094,297.1982116699219,262.9400329589844,124.69766998291016,57.89487838745117,190.09693908691406,368.9365539550781,273.56964111328125,74.66688537597656,172.9536895751953,142.80148315429688,456.75537109375,219.67111206054688,48.429359436035156,94.48689270019531,128.0725555419922
2023-05-05,25.50186538696289,245.12477111816406,74.64708709716797,478.70654296875,138.61676025390625,302.5267333984375,266.5010986328125,127.13362121582031,58.167449951171875,192.91836547851562,377.3134765625,274.904296875,76.71861267089844,173.74969482421875,143.2790069580078,463.31689453125,225.68870544433594,48.8477783203125,96.83927917480469,129.1717529296875
2023-05-08,25.48345947265625,248.83816528320312,74.79530334472656,478.70654296875,138.07168579101562,302.0549621582031,264.9460144042969,127.44044494628906,58.07659149169922,191.2686004638672,378.147216796875,274.9877624511719,76.31188201904297,172.92684936523438,142.60867309570312,461.7608337402344,226.12684631347656,49.153533935546875,97.22241973876953,128.26983642578125
2023-05-09,25.45585060119629,247.05203247070312,74.69339752197266,480.3660583496094,137.67367553710938,300.4452209472656,267.38446044921875,126.82682037353516,57.59504318237305,194.14630126953125,375.6263427734375,274.9599304199219,76.25765991210938,173.63343811035156,141.14859008789062,459.6612243652344,227.12979125976562,49.237213134765625,97.24913787841797,129.28445434570312
2023-05-10,25.142942428588867,247.67245483398438,75.11947631835938,479.2820739746094,135.9172821044922,298.3914489746094,265.958251953125,126.89185333251953,57.694984436035156,191.52169799804688,375.2339782714844,274.8764953613281,75.6701431274414,173.74969482421875,141.4424591064453,459.3706359863281,225.19207763671875,49.09881591796875,96.00167846679688,129.40663146972656
2023-05-11,25.207368850708008,244.42906188964844,75.61039733886719,481.4211120605469,135.16453552246094,296.69854736328125,264.7251892089844,126.49208068847656,58.0220832824707,190.56561279296875,376.0677490234375,273.2267150878906,74.68494415283203,174.70664978027344,141.77305603027344,458.1427307128906,225.37747192382812,49.28227615356445,94.26414489746094,129.03079223632812
2023-05-12,24.9312744140625,241.20448303222656,75.9345932006836,483.51220703125,135.51063537597656,295.5700378417969,267.2832336425781,124.67910766601562,58.24922561645508,190.528076171875,374.6258239746094,274.47796630859375,74.46803283691406,175.40426635742188,143.2147216796875,460.45794677734375,225.73846435546875,49.266178131103516,94.25521850585938,130.1300048828125
2023-05-15,25.446651458740234,242.54884338378906,75.10094451904297,481.56500244140625,136.012451171875,297.94744873046875,265.50738525390625,125.7297134399414,58.094764709472656,188.9252166748047,376.08734130859375,274.2554931640625,74.97418975830078,173.74969482421875,143.26060485839844,456.3616943359375,227.13356018066406,48.88317108154297,94.43497467041016,129.44419860839844
2023-05-16,25.17975616455078,240.17974853515625,74.8138198852539,475.91522216796875,132.81979370117188,296.7818298339844,259.7929992675781,124.8836441040039,57.440582275390625,186.74114990234375,372.9779052734375,272.6335144042969,73.9889907836914,172.99839782714844,143.0126953125,449.6689453125,224.8506317138672,48.2072868347168,92.14310455322266,130.38369750976562
2023-05-17,26.293336868286133,247.45623779296875,74.572998046875,474.8121643066406,134.7233123779297,305.4500732421875,269.04998779296875,128.7234649658203,57.37698745727539,194.2213134765625,379.60870361328125,271.99395751953125,75.84188842773438,171.77313232421875,142.40663146972656,454.4400939941406,226.9774627685547,48.1268196105957,94.21027374267578,128.91812133789062
2023-05-18,26.201305389404297,241.12925720214844,73.8134536743164,477.78570556640625,134.55728149414062,304.8949890136719,271.598876953125,129.69972229003906,57.058982849121094,196.0585174560547,384.53289794921875,272.54083251953125,76.36611938476562,171.325927734375,140.06503295898438,449.209716796875,227.90431213378906,48.75121307373047,95.06412506103516,130.0736846923828
2023-05-19,25.8699893951416,239.8507537841797,74.03575134277344,476.2701721191406,135.6231689453125,301.7219543457031,267.6605224609375,129.40219116210938,57.086238861083984,193.34954833984375,378.20611572265625,273.9311218261719,74.33245086669922,171.5763702392578,140.6527557373047,448.8253479003906,227.62139892578125,48.24912643432617,95.50452423095703,129.9139404296875
2023-05-22,26.081661224365234,240.2173614501953,72.62786102294922,471.8097839355469,133.1855926513672,300.5840759277344,267.4580993652344,128.33299255371094,55.88691329956055,190.4249725341797,377.18597412109375,268.1846618652344,74.35957336425781,166.9256134033203,136.97042846679688,450.51263427734375,225.64088439941406,47.824275970458984,94.34510040283203,126.74784088134766
2023-05-23,26.30253791809082,236.8329620361328,71.35885620117188,465.0952453613281,137.03858947753906,299.3351135253906,271.396484375,126.99417877197266,55.78697204589844,193.7057342529297,366.6118469238281,265.422607421875,74.69398498535156,166.4158477783203,135.49200439453125,449.4065246582031,219.104248046875,47.734161376953125,95.63035583496094,123.49715423583984
2023-05-24,25.860790252685547,234.80230712890625,70.84016418457031,463.0713806152344,137.40553283691406,295.8567199707031,267.86297607421875,125.83197784423828,55.31450271606445,190.87490844726562,361.4621276855469,265.0054626464844,73.4105224609375,165.36048889160156,134.3717041015625,450.7094421386719,216.83106994628906,47.51530075073242,96.69990539550781,122.95225524902344
2023-05-25,25.925209045410156,232.27342224121094,70.62713623046875,466.7067565917969,135.03782653808594,299.6219177246094,263.8601989746094,126.13876342773438,54.88747024536133,188.4471435546875,362.9727478027344,264.6347961425781,75.01937866210938,164.38560485839844,133.50852966308594,447.7755126953125,217.93353271484375,47.04217529296875,94.96526336669922,122.37916564941406
2023-05-26,26.054052352905273,229.48129272460938,70.59007263183594,486.5721435546875,134.6184539794922,307.1429748535156,269.454833984375,127.3195571899414,54.751182556152344,193.58389282226562,367.2200012207031,265.1167297363281,75.83283996582031,164.1888427734375,133.51768493652344,451.35614013671875,219.5237579345703,47.1258544921875,94.34510040283203,122.57266235351562
2023-05-30,26.008037567138672,228.10870361328125,69.4229965209961,487.3106689453125,133.77967834472656,306.0513916015625,269.0592346191406,127.80302429199219,54.315067291259766,192.81527709960938,360.481201171875,264.0787048339844,75.39900207519531,162.42689514160156,131.4791259765625,449.79083251953125,216.2359161376953,47.009986877441406,93.50923919677734,120.61882781982422
2023-05-31,25.57549285888672,232.59307861328125,68.89502716064453,490.69677734375,131.59547424316406,301.9219970703125,262.701416015625,126.17597198486328,54.20603561401367,188.5315399169922,358.048583984375,264.2548522949219,73.89861297607422,163.08876037597656,130.8546905517578,456.7178955078125,215.64083862304688,47.270687103271484,91.8375015258789,121.46833038330078
2023-06-01,25.770299911499023,238.21495056152344,69.37667846679688,491.6943054199219,132.9409637451172,294.93084716796875,267.2797546386719,127.91459655761719,54.51495361328125,191.14675903320312,363.7967529296875,266.8128967285156,74.1788101196289,164.08395385742188,132.19540405273438,462.7076110839844,220.9774627685547,47.444488525390625,92.89807891845703,124.82854461669922
2023-06-02,26.633020401000977,241.63690185546875,70.44188690185547,491.6847839355469,136.5230712890625,301.6889343261719,274.277099609375,130.6015625,55.56890106201172,196.6678009033203,366.59222412109375,270.1299743652344,76.23956298828125,165.76812744140625,134.54617309570312,468.2848815917969,223.21156311035156,47.8983039855957,95.05514526367188,126.98062133789062
2023-06-05,26.47532081604004,247.00497436523438,70.62713623046875,497.1138610839844,135.86782836914062,299.9737854003906,271.6449890136719,129.31854248046875,55.196388244628906,193.82763671875,363.4435119628906,268.7510070800781,75.68822479248047,165.88519287109375,134.0135498046875,466.98199462890625,221.24085998535156,48.21371841430664,94.6327133178711,126.64079284667969
2023-06-06,27.115402221679688,248.60122680664062,69.99726867675781,495.2050476074219,136.11244201660156,304.6252136230469,274.3326721191406,129.5509490966797,54.79661178588867,194.18380737304688,372.7032165527344,265.12640380859375,77.60437774658203,163.5165557861328,132.68206787109375,457.0271911621094,222.65548706054688,48.2072868347168,95.4056625366211,125.42320251464844
2023-06-07,27.34731674194336,247.26942443847656,69.6545639038086,490.3802185058594,139.6421661376953,312.9678955078125,279.615478515625,130.80612182617188,54.714839935302734,197.98011779785156,364.29693603515625,262.66650390625,78.18285369873047,162.21066284179688,132.9667205810547,451.9279479980469,219.77745056152344,48.27809524536133,97.54476928710938,125.00788879394531
2023-06-08,27.115402221679688,249.8385467529297,70.14547729492188,498.8788757324219,139.12669372558594,312.7069091796875,279.0500793457031,130.8433074951172,54.85112762451172,197.277099609375,360.5694580078125,266.2818298339844,78.01110076904297,164.00291442871094,134.4727325439453,459.52056884765625,217.611572265625,48.97650909423828,97.23917388916016,125.72523498535156
2023-06-09,27.152509689331055,251.132568359375,70.24736785888672,496.1835021972656,138.79470825195312,313.21954345703125,275.5838623046875,131.10362243652344,54.941986083984375,196.02102661132812,362.1683349609375,267.2228698730469,77.92073059082031,164.22804260253906,134.58290100097656,462.69818115234375,218.10911560058594,49.272621154785156,96.52014923095703,125.95179748535156
2023-06-12,27.022632598876953,252.1809844970703,70.13622283935547,499.722900390625,137.45794677734375,316.4541015625,278.8369140625,131.09434509277344,54.70574951171875,199.9954376220703,368.1420593261719,268.8814392089844,79.032470703125,163.82275390625,133.5269012451172,461.7327575683594,220.65545654296875,49.597686767578125,95.64833068847656,127.07499694824219
2023-06-13,27.273103713989258,257.1492614746094,69.6916275024414,500.730224609375,138.48890686035156,319.25994873046875,278.1141052246094,132.04266357421875,54.92382049560547,203.7355194091797,364.2870788574219,268.86273193359375,79.79169464111328,163.49853515625,133.20547485351562,460.532958984375,217.95301818847656,49.983917236328125,95.66630554199219,128.34922790527344
2023-06-14,27.01335906982422,249.1395721435547,69.85832977294922,505.698974609375,137.2482452392578,315.4567565917969,277.7711181640625,131.54991149902344,55.29633712768555,201.40147399902344,367.6025695800781,268.76031494140625,79.52053833007812,164.96653747558594,134.454345703125,431.052978515625,217.99203491210938,50.48922348022461,94.51587677001953,128.69847106933594
2023-06-15,27.245275497436523,254.5423126220703,71.1365737915039,507.5981750488281,138.2879638671875,316.6871337890625,279.9120178222656,133.03750610351562,56.05620574951172,205.21652221679688,371.8008117675781,272.6457824707031,80.48765563964844,167.25411987304688,136.31845092773438,438.49798583984375,220.65545654296875,50.766021728515625,95.17198181152344,131.38853454589844
2023-06-16,27.07829475402832,253.91897583007812,72.04429626464844,502.2936706542969,137.39678955078125,315.3542175292969,278.3920593261719,133.195556640625,56.459022521972656,203.48245239257812,369.3387451171875,273.66143798828125,79.61996459960938,167.5513153076172,137.31936645507812,431.5330505371094,223.32864379882812,50.05794143676758,94.4888916015625,130.80332946777344
2023-06-20,26.781444549560547,255.07125854492188,71.89610290527344,498.50469970703125,134.26898193359375,308.2792053222656,279.3466491699219,132.516845703125,56.08366394042969,201.96389770507812,367.4652099609375,273.0464782714844,78.39073944091797,166.8938751220703,136.05215454101562,441.792236328125,220.94815063476562,49.617000579833984,92.32284545898438,128.19821166992188
2023-06-21,26.503149032592773,258.6416015625,71.89610290527344,498.42791748046875,135.31739807128906,303.0126037597656,278.68865966796875,132.32162475585938,56.239295959472656,200.8297119140625,368.9561767578125,274.4254455566406,78.03822326660156,167.00192260742188,137.22755432128906,448.7195129394531,221.70916748046875,49.713558197021484,93.3564453125,129.06655883789062
2023-06-22,25.937278747558594,260.0583801269531,72.2480697631836,502.8212890625,133.36032104492188,297.8951110839844,279.1335144042969,129.7740936279297,56.62381362915039,201.364013671875,370.5844421386719,273.2886962890625,76.37515258789062,168.7311553955078,137.69583129882812,450.8842468261719,222.82135009765625,50.128753662109375,92.8441390991211,128.6890411376953
2023-06-23,25.74247169494629,259.60504150390625,71.42372131347656,503.0514831542969,132.2332763671875,293.3554992675781,278.79058837890625,129.09536743164062,56.02873992919922,201.73892211914062,372.55609130859375,270.1299743652344,75.54361724853516,167.578369140625,136.32763671875,448.9548034667969,223.9530487060547,50.0354118347168,92.03523254394531,127.99057006835938
2023-06-26,26.057878494262695,261.0785217285156,70.98837280273438,502.07305908203125,134.55728149414062,291.1649475097656,285.3523254394531,129.4114990234375,56.04704284667969,204.30734252929688,370.2117614746094,269.3659362792969,75.55264282226562,166.51564025878906,136.4653778076172,450.8936462402344,220.7823028564453,49.90345001220703,93.73392486572266,126.69745635986328
2023-06-27,26.197017669677734,260.5023498535156,70.14547729492188,508.7012634277344,134.137939453125,292.1810607910156,290.77410888671875,129.42080688476562,55.92802810668945,209.5565185546875,374.498291015625,271.4251708984375,76.31188201904297,167.71347045898438,137.76014709472656,454.18792724609375,221.7969512939453,49.72320556640625,93.96762084960938,126.74463653564453
2023-06-28,26.03931999206543,259.50115966796875,70.31220245361328,511.0705261230469,135.35235595703125,292.3768005371094,284.0733337402344,128.8536376953125,55.406192779541016,208.58168029785156,372.96807861328125,271.83514404296875,75.91419219970703,165.4438934326172,137.73260498046875,446.5546875,222.40187072753906,49.99357223510742,94.73157501220703,127.57524871826172
2023-06-29,26.586637496948242,261.8719482421875,70.91426086425781,510.00579833984375,136.50559997558594,301.16693115234375,285.2874755859375,133.35360717773438,54.94844055175781,208.86288452148438,380.2660217285156,274.3788757324219,77.04399871826172,165.6060028076172,137.17242431640625,448.4277038574219,228.60675048828125,49.65562057495117,95.89999389648438,129.55738830566406
2023-06-30,26.61446762084961,265.03607177734375,71.35885620117188,516.4229125976562,137.47540283203125,300.6542663574219,287.9010314941406,135.22242736816406,55.13154983520508,211.56246948242188,385.7884521484375,278.050048828125,77.18860626220703,166.81283569335938,139.33956909179688,452.38079833984375,231.68972778320312,50.58900833129883,96.39432525634766,130.77500915527344
2023-07-03,27.08757209777832,264.78106689453125,71.45149230957031,518.9744262695312,137.35311889648438,304.4480895996094,287.326416015625,136.31021118164062,55.461124420166016,210.5220489501953,386.4358825683594,274.72369384765625,78.10150909423828,167.15509033203125,140.03749084472656,449.7830810546875,232.1677703857422,50.91729736328125,96.58306121826172,129.56683349609375
2023-07-05,26.976247787475586,265.1777648925781,71.201416015625,519.0608520507812,136.5667724609375,298.33319091796875,288.0493469238281,135.40216064453125,55.873104095458984,211.36566162109375,387.191162109375,276.64306640625,77.65862274169922,168.0376739501953,139.7987518310547,443.5146179199219,233.61170959472656,50.888328552246094,96.08872985839844,128.9910888671875
2023-07-06,26.234128952026367,263.52484130859375,71.23846435546875,515.4540405273438,133.57000732421875,291.7615661621094,279.9120178222656,134.0635223388672,55.44281768798828,207.55059814453125,386.18927001953125,274.7981872558594,75.31764221191406,168.05567932128906,139.5691375732422,441.763916015625,233.05557250976562,50.566471099853516,92.5025863647461,126.3859634399414
2023-07-07,26.46604347229004,261.7491455078125,70.01579284667969,503.63653564453125,134.7407684326172,293.7843017578125,280.6441955566406,135.121337890625,54.710411071777344,208.0380096435547,381.8080749511719,272.1705627441406,75.34477233886719,164.885498046875,136.6398468017578,434.4413757324219,230.684814453125,49.40135955810547,92.71829223632812,125.96119689941406
2023-07-10,26.586637496948242,262.9014892578125,70.29367065429688,505.51666259765625,135.6406707763672,294.99609375,287.5673522949219,135.87957763671875,54.298431396484375,214.76828002929688,385.22650146484375,274.3974914550781,75.38091278076172,165.98426818847656,136.6949462890625,435.8249816894531,232.3531494140625,49.848731994628906,94.09344482421875,127.24488830566406
2023-07-11,26.92059898376465,266.1128845214844,69.83055114746094,508.0394287109375,138.1481475830078,299.10687255859375,290.699951171875,138.00460815429688,54.490692138671875,215.058837890625,390.76678466796875,274.6304626464844,76.79090881347656,165.69602966308594,135.9786834716797,435.6743469238281,234.6848907470703,49.77471923828125,95.24388885498047,126.64079284667969
2023-07-12,27.235998153686523,253.7867431640625,69.61752319335938,516.0584716796875,139.4761505126953,304.2522888183594,294.27740478515625,138.68798828125,54.783653259277344,217.57098388671875,393.605712890625,275.4411315917969,77.52303314208984,164.96653747558594,136.6857452392578,425.1423034667969,236.30442810058594,49.900230407714844,95.71123504638672,127.51864624023438
2023-07-13,27.52357292175293,255.08067321777344,70.26589965820312,516.490234375,137.61521911621094,306.37762451171875,291.5711669921875,139.36199951171875,55.25055694580078,215.16195678710938,393.4779968261719,275.07769775390625,77.92073059082031,168.8932647705078,136.77757263183594,421.4245300292969,237.37754821777344,49.60734558105469,93.9586181640625,128.32093811035156
2023-07-14,27.004079818725586,267.0762939453125,70.80311584472656,524.4036865234375,134.18161010742188,304.0565490722656,293.33203125,140.20455932617188,55.75408935546875,214.4120635986328,395.3935241699219,274.8168640136719,77.53207397460938,169.5056915283203,137.7876739501953,451.93841552734375,237.23121643066406,49.777931213378906,90.72300720214844,127.95281219482422
2023-07-17,27.273103713989258,265.5650634765625,70.00653076171875,530.4083251953125,134.05926513671875,304.9980163574219,292.9150085449219,143.58396911621094,55.671695709228516,213.69033813476562,395.0890197753906,274.5745544433594,78.06533813476562,167.1820831298828,136.8143310546875,455.6184997558594,238.0409698486328,49.839088439941406,91.11845397949219,128.12271118164062
2023-07-18,28.47905731201172,269.02203369140625,70.24736785888672,531.0125732421875,134.3301239013672,314.38470458984375,293.5730285644531,143.84608459472656,55.45196533203125,215.50880432128906,391.12042236328125,273.77325439453125,83.09979248046875,166.11936950683594,137.0714569091797,470.6025085449219,234.89952087402344,49.748958587646484,90.70503234863281,126.329345703125
2023-07-19,29.249013900756836,276.4272155761719,70.78457641601562,531.5113525390625,135.15138244628906,317.4421691894531,296.0939636230469,144.39840698242188,56.431549072265625,216.4274139404297,391.2284851074219,274.06207275390625,84.20248413085938,167.74945068359375,138.0081024169922,474.0849914550781,235.5336456298828,49.765052795410156,91.33418273925781,128.30201721191406
2023-07-20,29.397432327270508,277.9006042480469,71.77262115478516,534.2452392578125,136.6453857421875,327.0526123046875,295.7325134277344,146.17703247070312,57.11817932128906,216.52114868164062,391.022216796875,276.8574523925781,84.78092956542969,170.48739624023438,139.12709045410156,474.5932312011719,233.7775115966797,50.68556213378906,92.94300842285156,128.25485229492188
2023-07-21,29.66645622253418,277.47552490234375,71.94973754882812,535.1083984375,138.64614868164062,328.07794189453125,297.011474609375,145.05368041992188,57.16394805908203,219.13638305664062,390.4622802734375,275.4411315917969,84.97074890136719,171.2619171142578,141.317138671875,476.7485656738281,233.41656494140625,50.972007751464844,93.37440490722656,129.82167053222656
2023-07-24,30.28798484802246,275.86053466796875,72.22005462646484,540.930908203125,141.38082885742188,334.57501220703125,301.3117980957031,147.90890502929688,57.18226623535156,219.34263610839844,397.6332702636719,275.1615905761719,85.5672836303711,171.9463653564453,141.7699432373047,478.7721252441406,234.8702392578125,51.27132797241211,94.83943939208984,130.19924926757812
2023-07-25,29.82415771484375,278.3445739746094,72.55559539794922,542.1394653320312,142.02732849121094,330.632080078125,301.33038330078125,146.8042755126953,56.990013122558594,220.3220672607422,394.1852722167969,272.412841796875,85.34131622314453,172.34262084960938,142.1026153564453,480.889892578125,232.8701934814453,51.2294807434082,94.98323822021484,129.30255126953125
2023-07-26,30.065345764160156,274.5664367675781,72.6674575805664,543.07958984375,140.9614715576172,333.2979736328125,305.46392822265625,147.6842041015625,57.722412109375,220.44448852539062,395.2952880859375,271.8444519042969,84.54595184326172,172.55877685546875,142.25045776367188,478.13214111328125,231.31898498535156,51.41294860839844,94.45294189453125,129.59518432617188
2023-07-27,29.638628005981445,276.51220703125,71.87516784667969,538.9166259765625,139.49366760253906,330.4549255371094,305.5750732421875,146.05535888671875,57.16394805908203,221.2261505126953,387.525146484375,275.0497741699219,83.83190155029297,169.79388427734375,140.55941772460938,475.5250244140625,228.7238311767578,51.22626495361328,94.74954986572266,128.58522033691406
2023-07-28,29.59224510192871,275.8982238769531,70.48633575439453,540.3457641601562,138.80343627929688,329.2618408203125,307.1135559082031,146.8885040283203,57.20058059692383,221.4051055908203,386.0123596191406,273.9688720703125,83.5308609008789,171.39697265625,144.53289794921875,473.34149169921875,230.00192260742188,51.4676628112793,93.6170883178711,129.25537109375
2023-07-31,29.68500518798828,278.7318115234375,71.08287048339844,537.803955078125,142.98841857910156,331.72265625,309.40277099609375,147.8714599609375,56.69705581665039,220.63282775878906,387.3090515136719,273.1955261230469,83.52174377441406,168.8302459716797,144.4312744140625,476.5979919433594,231.93360900878906,51.451568603515625,96.38533782958984,129.94439697265625
2023-08-01,29.332502365112305,279.2418518066406,71.43706512451172,532.8159790039062,141.80020141601562,333.4471435546875,307.7623596191406,147.14125061035156,56.550567626953125,218.8246307373047,390.0496520996094,271.21087646484375,82.95616149902344,168.25381469726562,144.38504028320312,475.0638122558594,233.93362426757812,51.21017837524414,95.82808685302734,128.70790100097656
2023-08-02,28.93360710144043,282.79327392578125,72.27596282958984,529.8231811523438,139.5548095703125,327.27630615234375,304.4537048339844,145.4749298095703,56.72452163696289,216.13107299804688,383.1243591308594,269.8597412109375,81.47840881347656,169.59573364257812,144.69921875,475.1202697753906,231.7677764892578,51.24558639526367,94.6327133178711,127.42422485351562
2023-08-03,29.137693405151367,271.6856384277344,71.38114166259766,534.9454345703125,139.5023651123047,329.1965637207031,305.70489501953125,146.36427307128906,56.431549072265625,213.52235412597656,386.0615234375,271.1641845703125,81.31420135498047,168.5240020751953,145.07806396484375,475.1767578125,232.93849182128906,51.25844955444336,96.27748107910156,128.00946044921875
2023-08-04,29.0356502532959,270.6843566894531,71.08287048339844,529.5257568359375,139.18783569335938,329.25244140625,302.5351867675781,146.05535888671875,55.580142974853516,210.13189697265625,384.4308166503906,267.43719482421875,80.99492645263672,166.25445556640625,143.48870849609375,473.1719970703125,233.1629180908203,50.96235656738281,96.54710388183594,126.8106918334961
2023-08-07,29.573686599731445,275.63372802734375,71.6794204711914,535.635986328125,139.694580078125,331.43365478515625,305.07464599609375,146.74806213378906,56.01957702636719,210.3013916015625,389.85321044921875,271.518310546875,81.25946807861328,168.31686401367188,145.00416564941406,480.7110290527344,235.62142944335938,51.65433883666992,96.3493881225586,127.52806091308594
2023-08-08,29.007822036743164,275.94549560546875,71.14811706542969,533.439453125,139.48489379882812,324.6291198730469,303.81427001953125,145.92430114746094,55.77239227294922,208.050537109375,386.2383117675781,269.82257080078125,80.70301818847656,166.1103515625,145.16127014160156,476.1179504394531,233.45556640625,51.70583724975586,96.82574462890625,126.61250305175781
2023-08-09,28.627483367919922,272.3373107910156,71.29725646972656,536.8734130859375,139.66839599609375,319.43695068359375,304.1849060058594,143.96778869628906,55.90056610107422,206.85446166992188,386.7098388671875,268.564697265625,79.8729019165039,165.69602966308594,144.9764404296875,472.5884094238281,233.91412353515625,51.78951644897461,98.47050476074219,125.80073547363281
2023-08-10,28.701696395874023,272.88519287109375,71.10151672363281,538.5903930664062,140.51585388183594,317.3023681640625,305.2877502441406,143.75247192382812,55.77239227294922,208.00343322753906,390.1184387207031,267.9775695800781,79.9458999633789,165.48892211914062,144.25567626953125,473.8778991699219,234.7449493408203,51.763675689697266,98.97382354736328,126.82958221435547
2023-08-11,29.026376724243164,273.451904296875,71.6794204711914,540.0005493164062,143.41653442382812,317.6099853515625,306.87261962890625,144.58563232421875,56.00127029418945,210.66871643066406,387.9966735839844,268.92803955078125,80.00061798095703,165.75009155273438,145.09658813476562,478.1415710449219,234.6276397705078,52.06729507446289,100.5107421875,126.66910552978516
2023-08-14,28.692419052124023,273.7635803222656,70.57953643798828,538.5712280273438,143.31170654296875,314.82281494140625,305.79754638671875,144.88519287109375,55.73577117919922,212.7406463623047,391.5329895019531,269.1050720214844,79.66311645507812,165.371826171875,143.95997619628906,480.889892578125,237.42318725585938,51.6796989440918,100.59162902832031,127.22599029541016
2023-08-15,27.77404022216797,273.2441101074219,69.5728530883789,535.7320556640625,139.12669372558594,309.6680603027344,307.8271789550781,141.1968231201172,55.36042022705078,210.8099822998047,387.4760437011719,268.6298828125,78.59583282470703,163.3274383544922,143.03590393066406,476.899169921875,234.4224090576172,51.41484069824219,98.00910949707031,125.27217102050781
2023-08-16,27.17106056213379,272.93243408203125,69.36778259277344,536.2499389648438,138.59371948242188,306.7784729003906,308.6520690917969,140.5977325439453,55.36957550048828,209.2183380126953,387.39739990234375,265.92767333984375,78.44074249267578,163.2013702392578,141.57591247558594,473.9532165527344,233.89456176757812,51.440677642822266,96.35990142822266,124.17726135253906
2023-08-17,27.161785125732422,255.52468872070312,68.97630310058594,524.7969360351562,140.91360473632812,305.29632568359375,303.3229675292969,139.1373291015625,55.488590240478516,205.45118713378906,385.6783752441406,262.62921142578125,78.25829315185547,160.7156219482422,140.55941772460938,464.9176025390625,232.01783752441406,50.28757095336914,98.2265853881836,122.62930297851562
2023-08-18,27.004079818725586,260.7007141113281,69.48896789550781,522.7152709960938,141.92800903320312,302.882080078125,303.4063720703125,139.4556121826172,55.79985809326172,206.5813446044922,385.2363586425781,262.5174560546875,77.43731689453125,160.47247314453125,140.9567413330078,469.1342468261719,232.79986572265625,51.01109313964844,99.71266174316406,121.87419128417969
2023-08-21,27.04119110107422,265.6595153808594,68.78987884521484,521.055908203125,141.4517059326172,300.2068176269531,300.3386535644531,139.93304443359375,55.32379913330078,204.9237823486328,386.2481689453125,260.9333801269531,76.8534927368164,159.4547576904297,140.24520874023438,468.4189147949219,234.06072998046875,50.87543487548828,98.50748443603516,121.57215881347656
2023-08-22,26.382553100585938,264.5355529785156,68.51956939697266,516.4133911132812,140.287353515625,297.1587219238281,300.7279357910156,137.0310516357422,54.98506164550781,212.59938049316406,390.8061218261719,261.1849670410156,75.69499969482422,158.23892211914062,140.30067443847656,463.39288330078125,235.14572143554688,50.71393585205078,97.9547348022461,122.1856918334961
2023-08-23,26.391834259033203,266.1978759765625,68.51956939697266,518.8018798828125,140.47259521484375,300.45849609375,302.2200927734375,137.9578094482422,55.17732238769531,213.9649658203125,393.9691467285156,262.6385498046875,76.06900024414062,160.41842651367188,141.6128692626953,460.6633605957031,236.83670043945312,51.06600570678711,97.0938949584961,122.13848876953125
2023-08-24,26.549530029296875,266.71734619140625,68.34245300292969,510.9886779785156,139.31704711914062,298.24932861328125,298.9762878417969,137.82675170898438,55.03083801269531,209.99063110351562,390.63909912109375,263.0858154296875,76.11460876464844,159.5718536376953,140.9567413330078,459.40216064453125,234.07052612304688,50.6751708984375,96.36897277832031,122.27061462402344
2023-08-25,26.438213348388672,263.7420654296875,68.8178482055664,513.1990356445312,140.35791015625,298.42645263671875,299.2265625,137.6582794189453,55.28717041015625,210.08482360839844,395.766845703125,265.1636047363281,75.91393280029297,161.58924865722656,141.88084411621094,460.3622131347656,237.10061645507812,50.97555923461914,98.09065246582031,122.45941925048828
2023-08-28,26.679401397705078,265.93341064453125,68.6407470703125,515.2939453125,141.3193817138672,303.85150146484375,302.05322265625,138.13568115234375,55.44281768798828,209.7551727294922,400.2363586425781,264.3250427246094,76.97209930419922,162.33677673339844,142.1026153564453,462.39520263671875,238.33221435546875,51.26625442504883,98.91526794433594,122.62535858154297
2023-08-29,27.059741973876953,266.01837158203125,68.48229217529297,521.6175537109375,141.098876953125,309.9850158691406,305.2692565917969,139.25901794433594,55.387882232666016,213.2303924560547,404.3719177246094,264.2412414550781,78.03938293457031,162.94918823242188,142.185791015625,463.8540344238281,239.80813598632812,51.69584655761719,99.50424194335938,122.23656463623047
2023-08-30,26.93914794921875,266.99127197265625,68.83647918701172,521.1275024414062,141.29293823242188,308.83831787109375,308.3844909667969,138.6973876953125,55.36042022705078,216.90335083007812,406.5919494628906,264.8468017578125,77.77483367919922,163.0842742919922,142.3428497314453,462.6304626464844,240.6781005859375,52.06729507446289,100.47383117675781,123.37454223632812
2023-08-31,26.817546844482422,260.9368896484375,68.48229217529297,527.8739013671875,142.10443115234375,308.02056884765625,308.0767822265625,136.98422241210938,54.774497985839844,217.0634765625,405.3443908691406,263.3761291503906,77.67449188232422,161.36558532714844,142.62005615234375,448.5594177246094,240.14048767089844,52.52272415161133,100.75473022460938,122.69174194335938
2023-09-01,27.10751724243164,261.32415771484375,68.29586029052734,523.0399169921875,144.92713928222656,307.729248046875,310.6696472167969,137.4429473876953,54.298431396484375,218.9752655029297,408.22265625,263.1794128417969,78.22181701660156,159.00750732421875,142.77719116210938,448.23944091796875,242.51571655273438,52.186805725097656,102.8660659790039,122.93830871582031
2023-09-05,26.798843383789062,264.4644470214844,67.83911895751953,523.501220703125,146.83242797851562,304.2984924316406,305.726318359375,135.92640686035156,53.84983825683594,217.01638793945312,404.2245788574219,261.5119323730469,77.3917007446289,157.9553985595703,140.86436462402344,452.54083251953125,239.80813598632812,51.766910552978516,102.87512969970703,122.02792358398438
2023-09-06,26.55563735961914,261.5043640136719,67.41033935546875,525.3848266601562,146.98240661621094,301.8359680175781,304.0660705566406,135.70175170898438,53.81321716308594,216.24411010742188,405.8749084472656,258.0271301269531,76.77140808105469,158.47239685058594,140.5871124267578,448.8983459472656,240.60968017578125,52.15451431274414,103.7631607055664,120.32096862792969
2023-09-07,26.312437057495117,266.87432861328125,68.56616973876953,527.2395629882812,146.9912109375,302.6160888671875,306.32330322265625,134.54092407226562,53.4012451171875,220.0112762451172,407.2894592285156,260.7343444824219,76.47949981689453,159.98699951171875,141.92703247070312,456.30560302734375,241.5675811767578,52.80050277709961,103.25569915771484,120.61495208740234
2023-09-08,26.527576446533203,267.0545349121094,68.2306137084961,529.70947265625,147.49400329589844,305.962158203125,306.5937194824219,134.64389038085938,53.4012451171875,217.82632446289062,407.5054931640625,261.5680847167969,77.46469116210938,159.86911010742188,141.317138671875,454.2646789550781,241.7141876220703,52.89739990234375,104.75991821289062,119.98906707763672
2023-09-11,26.639822006225586,270.223388671875,68.92969512939453,537.0037841796875,144.4508056640625,305.1444396972656,306.276611328125,135.23367309570312,53.9047737121582,218.41021728515625,409.3228454589844,262.0739440917969,76.17848205566406,162.28163146972656,142.9989776611328,452.9513244628906,241.6457977294922,53.081504821777344,103.44600677490234,120.1882095336914
2023-09-12,27.098163604736328,271.8457946777344,67.59677124023438,537.0133056640625,147.14114379882812,311.01898193359375,304.32720947265625,136.9936065673828,53.373779296875,217.0257568359375,408.91021728515625,262.96392822265625,78.03938293457031,161.68301391601562,140.4854736328125,453.4426574707031,241.72396850585938,53.1396484375,106.46347045898438,121.43997955322266
2023-09-13,27.013975143432617,270.5934143066406,67.88572692871094,537.9454956054688,146.60308837890625,314.85382080078125,303.9541320800781,137.0591278076172,53.50194549560547,215.5001220703125,408.9396667480469,263.9568786621094,79.59013366699219,162.96182250976562,141.46499633789062,453.3859558105469,242.24203491210938,53.152565002441406,105.51202392578125,122.39775848388672
2023-09-14,27.313302993774414,268.7908020019531,68.47296142578125,542.7603759765625,147.51162719726562,323.8676452636719,307.4518127441406,139.71771240234375,53.94487380981445,217.43072509765625,406.0320739746094,266.7579345703125,81.25035095214844,164.3675994873047,143.01744079589844,456.9386901855469,236.05474853515625,53.37544250488281,107.39680480957031,124.88233184814453
2023-09-15,26.9765625,268.7054138183594,68.20263671875,534.6781005859375,146.86769104003906,321.9596252441406,299.77557373046875,139.30584716796875,53.46504211425781,207.21234130859375,406.9848937988281,260.6407165527344,80.6482925415039,163.10694885253906,141.81613159179688,459.8677673339844,235.63446044921875,53.178409576416016,105.74759674072266,121.37359619140625
2023-09-18,26.901731491088867,270.7167053222656,68.83647918701172,540.7901611328125,147.50283813476562,322.69268798828125,295.91412353515625,139.59603881835938,53.79723358154297,205.04623413085938,409.7550354003906,260.1629333496094,80.92193603515625,162.6897430419922,142.3520965576172,459.2630310058594,239.14349365234375,52.78434753417969,106.59940338134766,120.97531127929688
2023-09-19,26.798843383789062,270.0526123046875,68.2492446899414,542.3566284179688,147.4851837158203,321.3486633300781,293.4423828125,139.4181671142578,53.68650436401367,204.83905029296875,406.21868896484375,260.54705810546875,80.739501953125,161.72836303710938,141.93629455566406,454.1607360839844,238.0682830810547,52.77143096923828,106.31849670410156,120.2166748046875
2023-09-20,26.70530128479004,272.604736328125,68.75259399414062,541.8568725585938,147.0353240966797,316.4704895019531,289.9446716308594,138.82838439941406,53.92641830444336,202.39981079101562,403.26190185546875,259.67584228515625,79.48977661132812,161.78277587890625,141.81613159179688,464.9983825683594,236.40663146972656,52.94261932373047,105.47576904296875,120.4822006225586
2023-09-21,26.23760414123535,275.9348449707031,68.2492446899414,533.4479370117188,145.71218872070312,310.3985900878906,286.1205749511719,137.7425079345703,53.09593200683594,198.35011291503906,396.2284240722656,254.0738525390625,77.42819213867188,159.06192016601562,140.5871124267578,473.51171875,231.27499389648438,52.29984664916992,103.98969268798828,118.24418640136719
2023-09-22,25.854095458984375,274.6065979003906,67.53150939941406,536.8212280273438,146.67367553710938,308.1897888183594,285.159912109375,136.4225616455078,53.15129852294922,198.2371368408203,395.1086730957031,255.01063537597656,75.97779083251953,158.962158203125,140.06968688964844,478.19818115234375,229.77952575683594,52.438751220703125,104.15280151367188,118.53816223144531
2023-09-25,25.816686630249023,279.2555236816406,67.317138671875,536.849853515625,148.81715393066406,309.0827331542969,285.8686828613281,137.0965576171875,52.59764099121094,200.13009643554688,395.37384033203125,252.724853515625,75.7406005859375,158.109619140625,139.2195281982422,482.147705078125,228.0982666015625,52.67129898071289,105.32173919677734,118.50971984863281
2023-09-26,25.414464950561523,273.6863708496094,67.11207580566406,531.4105224609375,148.01446533203125,304.3642883300781,282.1845397949219,135.6736297607422,52.16393280029297,196.4005584716797,388.3895568847656,250.795166015625,74.95610046386719,156.46800231933594,137.9812774658203,477.5841064453125,224.471923828125,52.48719024658203,105.48482513427734,117.59933471679688
2023-09-27,25.508007049560547,273.8190612792969,66.2265625,541.568603515625,150.87240600585938,302.6067199707031,281.5129089355469,136.4693603515625,51.62873840332031,194.91256713867188,388.4878234863281,246.97305297851562,74.48175811767578,153.79251098632812,136.15162658691406,475.9589538574219,224.3253173828125,52.23524475097656,108.91912841796875,115.67427825927734
2023-09-28,25.779266357421875,275.44146728515625,66.46892547607422,546.4697875976562,150.4754638671875,305.66143798828125,283.0705261230469,138.16375732421875,51.49954605102539,195.68484497070312,392.3778381347656,248.79977416992188,74.97434997558594,153.72901916503906,135.22756958007812,481.97772216796875,226.43663024902344,52.5001106262207,108.25765991210938,117.66573333740234
2023-09-29,25.610897064208984,271.40936279296875,66.2824935913086,542.9428100585938,148.73776245117188,304.12933349609375,281.830078125,135.75790405273438,51.65642547607422,195.7413787841797,388.91021728515625,246.7857208251953,74.49999237060547,153.6746063232422,134.7840118408203,476.3935546875,224.8238067626953,51.657081604003906,106.54503631591797,118.48126220703125
2023-10-02,24.974836349487305,272.8039245605469,65.95626831054688,549.0453491210938,146.90298461914062,299.3639221191406,279.6568298339844,134.58775329589844,51.19503402709961,193.76361083984375,388.8512268066406,241.45541381835938,73.35063171386719,153.4297332763672,134.16488647460938,486.2012023925781,226.05538940429688,51.711997985839844,104.77803802490234,118.59507751464844
2023-10-03,24.235877990722656,269.83441162109375,65.6859359741211,543.0196533203125,147.2470245361328,287.7278137207031,272.2977294921875,133.5954132080078,50.641380310058594,188.50843811035156,384.1459655761719,238.40150451660156,71.17044830322266,152.0964813232422,134.442138671875,481.3824462890625,223.65086364746094,51.385772705078125,104.95927429199219,116.63207244873047
2023-10-04,24.263940811157227,270.47003173828125,65.76983642578125,549.5162963867188,143.815673828125,290.0587158203125,272.7174072265625,134.19456481933594,50.78902816772461,187.97161865234375,386.7982482910156,239.6380615234375,72.1465072631836,153.19390869140625,134.8856658935547,482.4690246582031,226.0065155029297,52.0026969909668,101.03564453125,117.14415740966797
2023-10-05,24.37618637084961,270.72625732421875,64.56739807128906,547.3252563476562,144.5742950439453,291.8446044921875,272.0738525390625,134.7603759765625,48.33446502685547,188.16940307617188,387.7918395996094,236.2843780517578,72.20123291015625,145.20364379882812,132.88043212890625,487.769775390625,228.21559143066406,51.38254165649414,98.76122283935547,115.54151916503906
2023-10-06,24.385540008544922,273.45867919921875,64.7165298461914,535.8023681640625,143.1011962890625,293.7056884765625,273.1184997558594,136.8350830078125,49.035762786865234,187.92449951171875,391.5005187988281,232.5278778076172,73.27764892578125,145.37594604492188,133.14842224121094,495.876708984375,229.74038696289062,50.52013397216797,97.11200714111328,113.28455352783203
2023-10-09,24.610029220581055,274.8248291015625,64.60468292236328,537.1862182617188,147.06179809570312,293.827880859375,275.487548828125,136.5238494873047,48.795841217041016,189.05465698242188,388.32305908203125,234.1204071044922,72.89454650878906,146.34640502929688,132.473876953125,497.4830322265625,229.1539306640625,50.33603286743164,100.51007843017578,112.76298522949219
2023-10-10,25.264806747436523,276.80767822265625,64.77247619628906,540.1847534179688,146.90298461914062,295.8580017089844,279.0878601074219,137.35374450683594,49.85702896118164,190.94764709472656,393.8614807128906,235.6192626953125,73.09522247314453,149.10353088378906,133.78602600097656,495.3381042480469,231.2652130126953,50.90449905395508,100.08419799804688,114.14752960205078
2023-10-11,25.274158477783203,279.3598327636719,64.19456481933594,543.4810180664062,142.10443115234375,294.2132263183594,277.9966125488281,137.82525634765625,49.561737060546875,191.45623779296875,393.31060791015625,235.05718994140625,71.97320556640625,147.48915100097656,132.14120483398438,495.2342529296875,230.36595153808594,51.10799026489258,96.49583435058594,112.26038360595703
2023-10-12,25.161911010742188,280.64068603515625,64.96820068359375,541.8089599609375,142.21913146972656,291.2336730957031,273.3049621582031,137.50462341308594,48.73125076293945,185.43820190429688,393.39910888671875,230.62625122070312,70.97887420654297,143.37158203125,132.43690490722656,496.5664367675781,231.441162109375,51.340553283691406,96.47772216796875,110.24049377441406
2023-10-13,25.030960083007812,289.45458984375,66.13336181640625,544.7496337890625,144.71542358398438,290.7167053222656,272.2790222167969,139.56988525390625,48.805076599121094,184.35511779785156,391.5595397949219,232.6122283935547,70.96064758300781,145.11294555664062,133.702880859375,509.662353515625,232.31109619140625,51.62479782104492,99.55863189697266,110.83792114257812
2023-10-16,25.246095657348633,296.1338195800781,67.25189208984375,549.939208984375,145.89743041992188,295.5008850097656,277.3250732421875,139.42843627929688,49.303367614746094,186.70960998535156,394.638671875,234.13917541503906,71.818115234375,146.09243774414062,134.97804260253906,508.3680114746094,234.656982421875,52.07052230834961,99.631103515625,112.32674407958984
2023-10-17,25.835390090942383,294.6821594238281,67.18665313720703,551.9573364257812,147.82919311523438,290.7730712890625,276.0285339355469,139.12667846679688,49.8939323425293,186.6154327392578,395.23870849609375,235.2633056640625,73.27764892578125,145.44851684570312,135.1536407470703,507.06402587890625,235.7615203857422,52.13835525512695,100.93596649169922,113.26559448242188
2023-10-18,25.545419692993164,295.95355224609375,68.10943603515625,552.24560546875,149.00238037109375,283.81768798828125,270.7120666503906,137.5989227294922,49.87548065185547,182.19845581054688,386.81787109375,239.84417724609375,68.30611419677734,146.9540557861328,138.6373748779297,506.50653076171875,232.1156005859375,52.17710876464844,102.34956359863281,114.7354507446289
2023-10-19,25.218034744262695,294.27423095703125,68.2212905883789,543.5867309570312,149.1611785888672,281.2141418457031,267.47552490234375,137.01425170898438,50.15230941772461,179.3730926513672,381.5646667480469,242.04562377929688,66.5181884765625,145.6208038330078,137.857177734375,502.3207092285156,228.53814697265625,51.928401947021484,102.41299438476562,114.32768249511719
2023-10-20,24.610029220581055,291.0579833984375,68.74671173095703,531.3817138671875,147.1588134765625,282.0224304199219,267.1397399902344,134.8075408935547,50.35531997680664,179.41075134277344,378.16094970703125,241.79266357421875,66.70975494384766,145.11294555664062,137.67120361328125,497.9743347167969,228.11782836914062,51.279178619384766,100.65506744384766,113.74921417236328
2023-10-23,23.9178466796875,285.6216125488281,67.51758575439453,530.7666015625,141.73394775390625,281.24237060546875,265.8899841308594,132.96861267089844,49.90316390991211,177.4141387939453,377.4329833984375,238.6450653076172,65.40528869628906,145.18548583984375,137.76417541503906,492.81536865234375,226.3095245361328,52.00592041015625,99.17803192138672,112.62073516845703
2023-10-24,23.824304580688477,289.0276794433594,68.34326171875,530.3341064453125,138.1791534423828,281.2047424316406,264.2483215332031,133.1289520263672,51.34267807006836,176.42898559570312,380.62030029296875,241.00575256347656,65.277587890625,147.0991668701172,139.39151000976562,496.0561828613281,229.3592071533203,52.72944259643555,98.21751403808594,113.71128845214844
2023-10-25,23.899137496948242,288.3160705566406,68.8780746459961,528.55615234375,137.49111938476562,278.9302062988281,262.0284729003906,132.4027862548828,51.785606384277344,176.2868194580078,380.030029296875,241.71774291992188,65.13164520263672,147.24427795410156,140.04246520996094,500.9790344238281,231.50961303710938,52.57117462158203,98.39875030517578,114.09061431884766
2023-10-26,24.432310104370117,288.629150390625,68.56845092773438,526.2593994140625,136.50318908691406,279.1463317871094,259.2956237792969,132.74227905273438,51.471866607666016,174.9984893798828,358.6631164550781,239.6568145751953,65.74281311035156,146.3917236328125,139.2985076904297,499.23101806640625,226.065185546875,52.25140380859375,97.50166320800781,112.61125183105469
2023-10-27,23.54368782043457,287.6993408203125,67.35809326171875,521.8675537109375,127.3294677734375,272.4917297363281,257.8592224121094,127.96106719970703,50.973575592041016,173.94696044921875,358.16143798828125,239.59120178222656,64.21942901611328,144.76828002929688,136.84361267089844,495.73492431640625,224.1005096435547,52.05760192871094,95.6440658569336,113.26559448242188
2023-10-30,24.030094146728516,289.5778503417969,69.31906127929688,533.255615234375,128.8643035888672,282.7555847167969,262.54150390625,129.59254455566406,51.813289642333984,177.83099365234375,366.36590576171875,243.70370483398438,65.1797103881836,147.18081665039062,138.79637145996094,500.7712097167969,227.82460021972656,52.6551513671875,95.94307708740234,113.6733627319336
2023-10-31,24.63809585571289,293.35394287109375,70.48252868652344,530.9107055664062,128.5467529296875,285.3685607910156,265.53546142578125,131.1390838623047,52.12702560424805,180.53082275390625,370.23199462890625,245.5960235595703,65.39210510253906,148.08773803710938,139.5124053955078,506.03411865234375,229.79905700683594,52.781124114990234,95.9158935546875,114.61216735839844
2023-11-01,24.6942195892334,293.5531921386719,70.30424499511719,535.1007690429688,127.00310516357422,288.7052917480469,267.3450012207031,131.02593994140625,52.080894470214844,181.21290588378906,371.6780700683594,245.40858459472656,65.51212310791016,149.52978515625,139.1218719482422,502.2923889160156,233.20059204101562,53.252708435058594,95.72560119628906,115.02943420410156
2023-11-02,25.835390090942383,302.5473327636719,70.1822509765625,535.2837524414062,131.21946716308594,294.90875244140625,274.71343994140625,133.3647003173828,52.680686950683594,184.0832977294922,376.4688720703125,249.9801483154297,67.82974243164062,151.30743408203125,140.8235626220703,506.5726013183594,237.76524353027344,53.462646484375,98.8699722290039,117.84589385986328
2023-11-03,26.583702087402344,294.7296142578125,70.20101165771484,540.0304565429688,130.205078125,307.93603515625,275.72076416015625,134.8546600341797,52.35771942138672,184.6706085205078,379.7743225097656,250.93565368652344,70.41514587402344,151.27113342285156,139.5496063232422,501.63104248046875,238.10739135742188,53.18486785888672,97.66477966308594,119.80886840820312
2023-11-06,26.499513626098633,291.1148681640625,70.56695556640625,548.618408203125,129.66697692871094,304.4489440917969,274.75079345703125,135.87319946289062,52.5699577331543,183.998046875,379.88250732421875,251.90989685058594,70.10120391845703,151.18954467773438,140.3585968017578,504.04986572265625,237.99989318847656,53.25593185424805,95.93403625488281,119.85630798339844
2023-11-07,26.340497970581055,279.91009521484375,70.58572387695312,550.0145874023438,127.38238525390625,304.48651123046875,274.937255859375,135.80714416503906,52.76374435424805,184.32960510253906,382.5484313964844,251.68507385253906,69.7226333618164,151.62489318847656,140.03314208984375,508.17889404296875,239.25103759765625,53.504634857177734,94.42982482910156,118.99334716796875
2023-11-08,26.08794593811035,280.2137451171875,70.59510040283203,546.269287109375,125.60938262939453,305.0598449707031,276.0098571777344,136.4767303466797,52.680686950683594,184.42431640625,383.364990234375,250.5796356201172,70.14738464355469,151.81532287597656,139.49378967285156,507.1394958496094,238.91799926757812,53.0685920715332,93.26993560791016,119.11663055419922
2023-11-09,25.751209259033203,274.1037902832031,70.50127410888672,542.3121337890625,125.20362854003906,301.5069885253906,268.50152587890625,136.07119750976562,52.28390121459961,180.45506286621094,381.6532287597656,250.0363006591797,68.50379943847656,150.69976806640625,139.8099822998047,509.2844543457031,236.69442749023438,52.94585037231445,93.29713439941406,118.26315307617188
2023-11-10,25.89151382446289,278.1833801269531,70.77337646484375,555.6468505859375,126.09455108642578,305.9527893066406,271.97119140625,138.0893096923828,52.33926773071289,184.3485565185547,387.9688720703125,250.86074829101562,69.5564193725586,151.38905334472656,140.79566955566406,511.37261962890625,240.23052978515625,53.679054260253906,94.01298522949219,119.43904876708984
2023-11-13,25.91022300720215,279.0467834472656,71.26126861572266,556.7155151367188,127.020751953125,307.2686462402344,268.68804931640625,137.47633361816406,52.53305435180664,183.62855529785156,387.9393615722656,252.18153381347656,69.28865051269531,152.1599884033203,141.7720489501953,512.6575927734375,239.6623992919922,54.16032028198242,95.00068664550781,118.8321304321289
2023-11-14,27.33201026916504,275.2138366699219,71.92744445800781,568.81787109375,127.9469223022461,318.369140625,283.2011413574219,139.9848175048828,52.68990707397461,191.5860595703125,391.1856994628906,254.32681274414062,72.30802154541016,152.46835327148438,141.4558868408203,510.66400146484375,241.88595581054688,54.150630950927734,95.366455078125,120.93736267089844
2023-11-15,27.706165313720703,268.4776916503906,70.81090545654297,574.5753173828125,128.39682006835938,317.31640625,287.4543151855469,141.21080017089844,52.79142379760742,194.05859375,390.3790283203125,253.2963409423828,73.57302856445312,151.6883544921875,140.804931640625,508.7268981933594,243.0320281982422,54.838623046875,94.79036712646484,120.07441711425781
2023-11-16,27.631332397460938,267.775634765625,71.28941345214844,557.052490234375,126.3645248413086,316.4422912597656,285.8220520019531,142.82339477539062,52.73605728149414,191.6239471435547,390.6446533203125,258.6640930175781,73.55455780029297,152.10556030273438,142.11610412597656,510.0592041015625,243.4825897216797,50.4006233215332,93.69303131103516,121.22187042236328
2023-11-17,28.04290008544922,268.0792236328125,70.91412353515625,555.6757202148438,128.76222229003906,318.8109130859375,286.59619140625,144.11534118652344,52.837554931640625,192.96914672851562,393.7926025390625,258.3174133300781,74.12703704833984,151.24391174316406,140.47950744628906,506.7237854003906,244.45233154296875,50.177757263183594,95.97913360595703,121.06065368652344
2023-11-20,28.07096290588379,269.72998046875,70.81090545654297,559.1898193359375,128.69094848632812,319.05523681640625,287.4543151855469,144.55856323242188,52.96674728393555,193.67019653320312,397.8259582519531,261.39013671875,73.59149169921875,151.02626037597656,139.735595703125,505.59930419921875,244.8539581298828,50.16160583496094,95.5584945678711,121.49687957763672
2023-11-21,27.743579864501953,271.80780029296875,71.8429946899414,562.5597534179688,128.38784790039062,314.84442138671875,284.79608154296875,144.25677490234375,53.54808807373047,187.62628173828125,402.302001953125,262.7391357421875,72.45574951171875,152.18719482421875,139.1218719482422,509.8418884277344,247.0676727294922,50.34248352050781,95.52190399169922,121.61067199707031
2023-11-22,27.715518951416016,273.53448486328125,72.5091781616211,567.1619262695312,128.64639282226562,318.2939453125,288.3964538574219,144.5962677001953,53.907962799072266,188.02415466308594,403.6595458984375,264.1067810058594,72.47423553466797,153.47503662109375,140.43301391601562,513.7820434570312,248.52720642089844,49.95811462402344,95.11042785644531,122.27448272705078
2023-11-24,27.809059143066406,273.0981140136719,72.53731536865234,569.3570556640625,129.15443420410156,318.7732238769531,289.7955017089844,144.79434204101562,54.046382904052734,188.58306884765625,405.7942810058594,264.67822265625,72.6219711303711,153.61109924316406,140.7677764892578,516.9378662109375,249.09535217285156,50.40708923339844,95.62249755859375,121.86670684814453
2023-11-27,27.650039672851562,271.5895690917969,72.34967041015625,572.7652587890625,128.67311096191406,317.4197998046875,290.000732421875,144.4642791748047,53.94487380981445,189.2935791015625,402.32171630859375,264.02252197265625,71.97562408447266,152.65878295898438,140.6375732421875,513.621337890625,248.93861389160156,50.636417388916016,95.064697265625,121.661865234375
2023-11-28,27.621984481811523,271.41876220703125,73.06273651123047,571.8988037109375,129.69815063476562,317.3634033203125,292.2578125,144.79434204101562,54.055606842041016,189.5114288330078,402.361083984375,264.2567138671875,70.98762512207031,153.1485595703125,141.6139678955078,510.7301025390625,247.7631378173828,51.24041748046875,95.00984954833984,120.4232406616211
2023-11-29,28.35157585144043,249.39830017089844,73.0721206665039,565.9872436523438,128.27200317382812,322.4427490234375,292.0418701171875,145.5299072265625,53.73263931274414,189.3883056640625,403.1578674316406,262.6547546386719,72.52963256835938,151.60675048828125,140.53529357910156,505.48602294921875,249.02671813964844,50.413543701171875,93.58329772949219,119.59430694580078
2023-11-30,28.74757957458496,249.4077606201172,73.90718078613281,570.6856689453125,127.9957046508789,323.6557312011719,294.3612060546875,147.18966674804688,54.35581970214844,188.355712890625,407.1026611328125,265.6044921875,73.25907897949219,153.79542541503906,142.7577362060547,522.4841918945312,251.42662048339844,50.28757095336914,93.94908905029297,119.62288665771484
2023-12-01,29.190717697143555,255.2331085205078,73.84149169921875,574.0651245117188,129.07420349121094,330.18487548828125,300.1170959472656,147.9063720703125,54.541839599609375,193.17755126953125,407.6240539550781,269.4871520996094,74.6902847290039,154.1610107421875,141.95803833007812,518.7581787109375,251.20132446289062,49.85152816772461,94.17769622802734,121.31886291503906
2023-12-04,29.058719635009766,249.4362335205078,74.10420989990234,576.789794921875,129.12770080566406,331.0946960449219,304.2486572265625,148.99085998535156,54.47672653198242,196.61636352539062,401.59375,269.6473388671875,74.98575592041016,154.57225036621094,141.40008544921875,519.8201293945312,249.23248291015625,49.838600158691406,93.66561126708984,119.7181625366211
2023-12-05,28.83243751525879,245.7187042236328,72.88447570800781,582.8265380859375,127.33610534667969,323.8547058105469,303.7604064941406,148.9720001220703,54.56044006347656,195.07220458984375,402.0462341308594,270.0337829589844,74.02547454833984,153.47561645507812,136.47161865234375,521.6973876953125,249.3989715576172,50.30049514770508,91.84590148925781,118.50811767578125
2023-12-06,28.785293579101562,245.44227600097656,72.68743896484375,584.8290405273438,127.0419692993164,324.0632019042969,306.21112060546875,147.4065704345703,54.504634857177734,197.7057647705078,403.70880126953125,270.3353271484375,73.32372283935547,153.0826416015625,136.3693389892578,521.0052490234375,249.08554077148438,49.75463104248047,90.62969970703125,118.91783142089844
2023-12-07,28.907861709594727,245.8712158203125,72.82817077636719,588.21826171875,126.94390106201172,326.5744323730469,306.2674865722656,147.85919189453125,54.63485336303711,197.32684326171875,406.4337158203125,270.2693786621094,74.1916732788086,153.0369415283203,136.2298583984375,519.8106079101562,250.584228515625,49.427188873291016,89.99872589111328,118.40331268310547
2023-12-08,29.190717697143555,246.6909942626953,72.40593719482422,588.0545654296875,128.62855529785156,332.459228515625,306.5491638183594,149.4906768798828,54.513938903808594,196.881591796875,405.4598083496094,269.0819091796875,75.97374725341797,151.41024780273438,134.97451782226562,521.2327880859375,250.505859375,48.908477783203125,91.03204345703125,118.47002410888672
2023-12-11,29.087003707885742,287.841064453125,72.84693908691406,600.6477661132812,128.6641845703125,333.3405456542969,311.112548828125,150.0376434326172,54.91388702392578,195.4700927734375,408.95208740234375,272.4933776855469,76.47236633300781,153.36593627929688,135.59754943847656,515.458740234375,251.26988220214844,49.03166580200195,91.0960693359375,120.65190124511719
2023-12-12,28.983293533325195,282.82720947265625,73.73828125,606.0780029296875,127.01522064208984,334.1460266113281,312.8684997558594,151.3767547607422,55.2673225402832,197.7057647705078,413.91021728515625,274.63262939453125,77.19258117675781,153.95994567871094,135.70912170410156,517.39306640625,254.2476806640625,49.0705680847168,89.66040802001953,122.02393341064453
2023-12-13,30.208999633789062,283.27520751953125,74.48890686035156,618.11279296875,128.89596557617188,343.73614501953125,322.4460754394531,151.88600158691406,55.74168395996094,204.10015869140625,417.7762756347656,278.88275146484375,79.06700134277344,157.19505310058594,138.16404724121094,520.51220703125,257.0099792480469,49.94266128540039,90.4559326171875,124.74889373779297
2023-12-14,32.000423431396484,284.6669616699219,71.56151580810547,607.3103637695312,133.63784790039062,363.3900146484375,330.3429260253906,154.64907836914062,54.91388702392578,213.6586456298828,411.75579833984375,273.3132629394531,84.06234741210938,153.75889587402344,134.5188446044922,506.5089111328125,253.43467712402344,49.33316421508789,92.88835144042969,124.92041778564453
2023-12-15,31.67984962463379,276.9077453613281,72.2276840209961,634.3070678710938,133.12086486816406,360.5851135253906,332.3993225097656,155.8184814453125,54.504634857177734,213.7059783935547,411.765625,270.72161865234375,84.56095886230469,152.61656188964844,133.86793518066406,503.55096435546875,252.7489776611328,49.51795959472656,92.26653289794922,122.56700897216797
2023-12-18,31.519563674926758,278.40435791015625,73.24101257324219,655.892822265625,133.4149932861328,356.6902770996094,329.4039306640625,156.7615203857422,54.895286560058594,212.256591796875,417.5303955078125,273.51116943359375,83.80381774902344,154.36207580566406,135.92298889160156,499.2181091308594,253.08201599121094,50.24092102050781,92.95234680175781,124.31060791015625
2023-12-19,31.594993591308594,280.54913330078125,73.30667877197266,652.5228881835938,135.1620330810547,362.4234924316406,330.5870666503906,158.85507202148438,54.71855926513672,213.54495239257812,418.5534362792969,273.98236083984375,84.87489318847656,153.48472595214844,135.92298889160156,496.8383483886719,254.66888427734375,50.42247772216797,94.17769622802734,124.09148406982422
2023-12-20,31.09528350830078,282.0074462890625,72.57483673095703,636.4059448242188,133.92306518554688,357.7516784667969,327.3851623535156,157.0632781982422,53.583824157714844,210.3145751953125,412.63134765625,272.34259033203125,84.15467834472656,151.4193878173828,133.8214569091797,489.1493225097656,251.84776306152344,49.832435607910156,92.60486602783203,122.9481201171875
2023-12-21,31.30270767211914,283.3323974609375,73.10026550292969,640.4110107421875,134.33311462402344,360.6419372558594,327.6761779785156,157.95916748046875,53.93727111816406,211.77345275878906,416.5564880371094,274.6043701171875,85.53050231933594,152.58912658691406,134.1468963623047,492.89434814453125,254.2280731201172,50.18579864501953,93.02552032470703,123.84375762939453
2023-12-22,31.519563674926758,284.142578125,73.65384674072266,646.6114501953125,134.63613891601562,360.7177429199219,327.3193664550781,157.86483764648438,54.24420166015625,211.25245666503906,417.20574951171875,274.8964538574219,85.32734680175781,153.23800659179688,135.09539794921875,493.30194091796875,253.14083862304688,50.78557586669922,93.19011688232422,123.86279296875
2023-12-26,31.924991607666016,286.07769775390625,74.1604995727539,649.5191650390625,135.8483428955078,361.62750244140625,327.99542236328125,158.7984619140625,54.46743392944336,211.0819091796875,416.78271484375,275.9896545410156,85.72439575195312,154.3163604736328,135.70912170410156,493.0365295410156,253.85585021972656,50.70777130126953,93.40042877197266,124.11052703857422
2023-12-27,31.90613555908203,285.1435241699219,74.2168197631836,656.5890502929688,135.40269470214844,364.34722900390625,327.26312255859375,159.75094604492188,54.6069450378418,211.1482391357422,417.46148681640625,277.582275390625,86.4815444946289,154.80982971191406,135.82069396972656,495.6531982421875,253.63055419921875,51.18434524536133,92.96150207519531,124.66316223144531
2023-12-28,31.943849563598633,285.391357421875,74.3481674194336,652.9458618164062,133.4952392578125,366.1761474609375,326.1644287109375,160.5996551513672,54.6441535949707,211.15771484375,419.3896484375,278.7979431152344,86.46307373046875,154.80072021484375,135.51385498046875,497.6536865234375,255.07044982910156,51.083839416503906,91.6172866821289,124.35826110839844
2023-12-29,31.745847702026367,285.43896484375,74.78914642333984,649.9721069335938,132.95152282714844,365.5696716308594,325.40386962890625,160.41107177734375,54.81156921386719,210.82614135742188,419.57659912109375,279.4294128417969,86.10297393798828,155.21192932128906,136.2670440673828,499.1422119140625,255.02151489257812,51.109771728515625,91.4252700805664,124.49163818359375
2024-01-02,31.962705612182617,295.5907287597656,75.73680114746094,640.6863403320312,133.23675537109375,367.96722412109375,324.0235595703125,162.27830505371094,55.639373779296875,207.13156127929688,415.03173828125,279.9288330078125,86.70314025878906,158.01756286621094,138.3128204345703,511.3442077636719,253.57180786132812,51.64146041870117,93.60160064697266,122.93860626220703
2024-01-03,31.61385154724121,289.45208740234375,74.95801544189453,634.8177490234375,135.7770538330078,361.798095703125,317.6197204589844,161.57102966308594,55.769588470458984,201.0876922607422,411.9623718261719,277.4315185546875,84.86568450927734,158.05409240722656,137.47592163085938,513.8945922851562,252.7000274658203,51.64469909667969,94.38803100585938,123.00531768798828
2024-01-04,31.868425369262695,291.89227294921875,75.3802490234375,638.4216918945312,134.28854370117188,362.8973693847656,317.92962646484375,162.6432342529297,55.583560943603516,200.093017578125,412.9461669921875,274.9342041015625,85.0872802734375,156.70155334472656,138.22914123535156,517.1085815429688,254.29660034179688,51.14543914794922,93.56503295898438,122.6146469116211
2024-01-05,32.46241760253906,298.9174499511719,75.04248046875,645.9644775390625,134.05677795410156,366.20458984375,322.0141906738281,163.459228515625,55.499855041503906,201.31504821777344,412.6018371582031,272.34259033203125,86.09373474121094,154.38946533203125,137.0853729248047,509.4859619140625,254.37503051757812,50.80503845214844,93.84850311279297,122.28116607666016
2024-01-08,32.207855224609375,298.9555358886719,75.43655395507812,651.5574340820312,133.25457763671875,368.49786376953125,326.69970703125,163.22201538085938,55.90910720825195,205.70114135742188,415.77447509765625,275.0849304199219,86.34304809570312,154.54481506347656,138.26634216308594,508.67059326171875,257.1667175292969,51.304290771484375,92.28482818603516,122.56700897216797
2024-01-09,31.708139419555664,298.23114013671875,75.83061981201172,656.9632568359375,129.86749267578125,363.64593505859375,325.0658874511719,161.93157958984375,55.80679702758789,205.57798767089844,416.3853759765625,274.11431884765625,85.00418090820312,152.77191162109375,138.8336181640625,510.424560546875,257.94049072265625,51.647945404052734,91.14176177978516,122.16683959960938
2024-01-10,31.67984962463379,293.322021484375,75.57730102539062,662.4580078125,128.79791259765625,361.95916748046875,335.0284729003906,162.27317810058594,55.99281692504883,208.6094207763672,421.9719543457031,277.1487731933594,84.46863555908203,152.54345703125,139.42874145507812,509.73236083984375,259.1453857421875,52.28985595703125,90.2456283569336,123.10057830810547
2024-01-11,31.255571365356445,293.0075378417969,75.58666229248047,663.2652587890625,129.49314880371094,359.8648986816406,334.7749328613281,161.58999633789062,55.630069732666016,208.5620880126953,420.4447326660156,277.205322265625,83.5729751586914,151.82150268554688,139.958740234375,511.66650390625,258.62615966796875,52.23149871826172,90.22733306884766,122.91001892089844
2024-01-12,30.925567626953125,290.7388916015625,75.91507720947266,672.7774047851562,131.2668914794922,357.9696350097656,334.0049133300781,160.40390014648438,56.169532775878906,207.37789916992188,422.7897644042969,276.5645446777344,82.82505798339844,152.86331176757812,140.04246520996094,494.439697265625,258.7633361816406,52.29958724975586,91.39781188964844,123.03389739990234
2024-01-16,30.2844295501709,292.57855224609375,75.4646987915039,671.0542602539062,128.07591247558594,360.5282287597656,336.5589904785156,159.3981475830078,55.79749298095703,208.8177947998047,422.05078125,274.3216857910156,79.38093566894531,151.8580322265625,139.2892303466797,492.2022399902344,259.8114013671875,52.46491622924805,89.3311996459961,123.68177795410156
2024-01-17,29.982717514038086,294.0464782714844,75.96196746826172,673.712890625,127.5678482055664,357.4294128417969,333.99554443359375,158.54417419433594,55.79749298095703,206.5631866455078,421.1344909667969,274.3876037597656,77.94051361083984,152.10479736328125,139.42874145507812,497.6916198730469,261.1730041503906,52.218528747558594,88.68193817138672,122.98624420166016
2024-01-18,29.91671371459961,294.6184387207031,75.84000396728516,676.7850952148438,126.40911102294922,357.1736145019531,336.061279296875,158.85728454589844,55.95561599731445,206.7337188720703,424.3859558105469,277.4032287597656,77.46958923339844,152.77191162109375,138.6248779296875,489.5380859375,262.65203857421875,52.92204666137695,88.5173568725586,124.30109405517578
2024-01-19,30.37871551513672,287.92694091796875,75.86832427978516,684.3278198242188,126.7834701538086,362.1866149902344,340.2961120605469,161.5994873046875,55.648681640625,208.4199676513672,430.3568420410156,283.21783447265625,78.7992172241211,151.50164794921875,138.09152221679688,477.4214172363281,265.35552978515625,52.643226623535156,88.65451049804688,126.05422973632812
2024-01-22,30.689855575561523,290.7579345703125,75.90608215332031,681.9054565429688,127.00633239746094,365.7496643066406,334.9251708984375,161.40968322753906,55.40684509277344,208.27784729003906,433.28314208984375,281.219970703125,79.15933990478516,150.88934326171875,138.36288452148438,486.3619384765625,265.6493835449219,52.6464729309082,88.53563690185547,124.87275695800781
2024-01-23,30.89728546142578,290.1573791503906,76.84051513671875,677.0607299804688,126.64974975585938,360.8314514160156,329.3757629394531,160.34698486328125,55.66727066040039,204.19342041015625,432.3076477050781,282.76544189453125,80.09190368652344,153.20144653320312,144.08978271484375,488.7606201171875,265.70819091796875,52.77939224243164,89.53236389160156,125.53019714355469
2024-01-24,31.09528350830078,290.2527160644531,75.58515167236328,675.9973754882812,129.17222595214844,359.5331726074219,326.0799865722656,161.77975463867188,54.79297637939453,200.46124267578125,432.2486267089844,283.1330261230469,80.85830688476562,151.33714294433594,142.3492431640625,486.58941650390625,266.0901794433594,52.03373718261719,91.07776641845703,123.32926177978516
2024-01-25,31.48185157775879,284.60015869140625,76.66117095947266,669.488525390625,132.4256134033203,362.6603698730469,329.55419921875,164.094970703125,55.02549743652344,201.91795349121094,430.37652587890625,280.0890808105469,81.27381134033203,152.21446228027344,145.62445068359375,467.7887878417969,267.030517578125,52.792354583740234,93.39128112792969,124.07241821289062
2024-01-26,31.519563674926758,283.8852844238281,78.18080139160156,676.3616333007812,132.93368530273438,358.0075378417969,333.61993408203125,163.46873474121094,55.22081756591797,201.8227081298828,432.0810546875,275.4242248535156,81.00605010986328,153.40249633789062,146.1110076904297,477.08013916015625,262.4561462402344,53.25596237182617,94.18684387207031,122.99577331542969
2024-01-29,31.68927574157715,284.8957214355469,79.24737548828125,683.3825073242188,132.88023376464844,360.6324462890625,333.99554443359375,163.89569091796875,55.5556640625,201.68943786621094,434.1009521484375,275.4713134765625,80.90447998046875,153.66751098632812,146.12974548339844,478.3505554199219,268.0591125488281,53.50559616088867,94.30571746826172,124.38685607910156
2024-01-30,32.80184555053711,284.96246337890625,79.50221252441406,690.0093994140625,133.8072052001953,366.612060546875,335.3101806640625,167.25465393066406,55.71377944946289,204.2410430908203,438.6430969238281,277.6764831542969,81.697021484375,155.0109100341797,147.3743133544922,477.46881103515625,271.4776611328125,53.68390655517578,95.8785400390625,124.45352935791016
2024-01-31,32.06641387939453,286.86883544921875,79.47390747070312,684.2391357421875,131.40948486328125,363.9018249511719,331.4227294921875,165.4423370361328,55.332435607910156,202.64154052734375,442.62371826171875,275.85772705078125,81.34269714355469,154.0147705078125,147.04681396484375,485.1767578125,267.66729736328125,53.573673248291016,94.01309204101562,123.37689971923828
2024-02-01,31.632707595825195,292.9407653808594,81.28614044189453,694.7118530273438,131.8195037841797,363.75018310546875,338.0989074707031,164.84454345703125,56.71830368041992,209.6774139404297,454.1418151855469,280.9089660644531,80.95109558105469,156.91175842285156,148.9557647705078,480.8155822753906,271.37969970703125,54.56571960449219,93.6290283203125,124.29155731201172
2024-02-02,31.557281494140625,308.6878356933594,79.87033081054688,699.6425170898438,135.69683837890625,367.5501708984375,335.4322204589844,165.79344177246094,56.30905532836914,208.97288513183594,453.8067932128906,279.93829345703125,81.37066650390625,156.24462890625,147.93577575683594,483.7452087402344,271.5069885253906,54.974212646484375,93.24497985839844,122.67182159423828
2024-02-05,31.104713439941406,306.2380676269531,79.37007141113281,701.2993774414062,135.7770538330078,362.9635925292969,333.4696960449219,165.5751953125,55.843994140625,207.5637969970703,450.04302978515625,269.4965515136719,80.0839614868164,156.19895935058594,148.04808044433594,476.8525390625,269.93975830078125,54.679195404052734,92.86090850830078,120.36608123779297
2024-02-06,31.15185546875,312.2528381347656,79.03972625732422,700.9343872070312,135.79490661621094,364.8304748535156,334.51202392578125,166.1444854736328,55.75098419189453,207.66854858398438,453.72802734375,268.25262451171875,80.27976989746094,156.65586853027344,148.74993896484375,484.1623229980469,271.09564208984375,55.05201721191406,93.50102233886719,121.26168823242188
2024-02-07,31.283851623535156,315.08392333984375,79.15299224853516,709.7997436523438,135.59878540039062,366.41302490234375,340.5589904785156,166.45761108398438,55.79749298095703,211.06748962402344,455.1173400878906,270.77825927734375,80.1865234375,156.70155334472656,148.89959716796875,492.42974853515625,273.6717529296875,54.91261672973633,93.47359466552734,123.51981353759766
2024-02-08,31.227279663085938,316.742431640625,79.53054809570312,714.1190185546875,137.31906127929688,364.8778991699219,341.5262145996094,165.85983276367188,55.648681640625,209.82977294921875,451.52093505859375,275.11328125,79.86019134521484,158.8765869140625,148.45045471191406,493.0934753417969,270.6394348144531,54.90937423706055,95.0738525390625,124.243896484375
2024-02-09,31.18014144897461,319.2589416503906,78.77545166015625,713.3695068359375,134.6272430419922,364.1387634277344,340.9909362792969,166.05908203125,55.39754867553711,211.6101531982422,451.1465759277344,272.79498291015625,80.0839614868164,153.22885131835938,147.30882263183594,491.3204040527344,271.2772521972656,54.88019561767578,93.06208038330078,124.12007904052734
2024-02-12,31.69870948791504,321.47039794921875,78.86982727050781,712.3931884765625,135.55418395996094,372.0799255371094,343.1506042480469,166.79917907714844,55.52775955200195,218.84597778320312,451.9643249511719,272.76666259765625,80.99771881103516,155.91561889648438,147.01873779296875,490.7705993652344,269.9426574707031,55.21087646484375,94.34228515625,125.15861511230469
2024-02-13,30.878427505493164,321.6324768066406,78.78488159179688,704.3463745117188,134.2350311279297,358.9172668457031,335.7702331542969,165.34744262695312,55.202213287353516,214.6282196044922,453.68853759765625,270.5708923339844,78.29374694824219,154.33465576171875,146.23268127441406,490.0215759277344,270.6688537597656,54.834808349609375,93.53011322021484,125.01569366455078
2024-02-14,31.236719131469727,322.7667541503906,79.01142120361328,712.1664428710938,134.6004638671875,358.2444763183594,336.3711853027344,167.02691650390625,55.14641189575195,216.056396484375,458.3490295410156,271.56982421875,78.32173156738281,153.09176635742188,145.63381958007812,490.10687255859375,272.38623046875,54.65974044799805,93.06864929199219,127.68351745605469
2024-02-15,32.122989654541016,323.3291320800781,78.8792724609375,714.4642333984375,139.17787170410156,365.238037109375,339.0472717285156,170.67051696777344,55.24872970581055,217.3893280029297,464.3494567871094,275.0472412109375,79.87882232666016,153.40249633789062,146.92515563964844,493.8423767089844,275.74249267578125,54.88343811035156,95.73592376708984,129.0078887939453
2024-02-16,32.141849517822266,325.1307067871094,78.7943344116211,713.951416015625,139.3310546875,364.309326171875,340.2397766113281,169.8734893798828,55.239418029785156,215.980224609375,461.2458190917969,275.197998046875,80.65272521972656,151.99514770507812,147.39303588867188,494.4775695800781,273.3675842285156,55.23032760620117,95.73592376708984,128.19798278808594
2024-02-20,32.0192756652832,325.37860107421875,79.86090087890625,715.6278076171875,138.7633819580078,364.38507080078125,340.4463806152344,170.5376739501953,56.45787048339844,214.70443725585938,445.1066589355469,275.791748046875,79.5804672241211,154.1244354248047,148.32879638671875,494.0129699707031,270.0211181640625,57.0134162902832,94.83145141601562,128.26502990722656
2024-02-21,31.77413558959961,327.3135681152344,80.52159881591797,712.994873046875,140.0609130859375,367.9387512207031,341.91119384765625,171.64784240722656,56.96013259887695,216.87518310546875,452.2992858886719,276.97918701171875,79.68302917480469,154.28895568847656,150.09742736816406,494.8757629394531,271.60113525390625,56.313148498535156,96.76961517333984,129.49070739746094
2024-02-22,31.68927574157715,326.150634765625,81.1728744506836,724.2171020507812,140.0519256591797,370.0235290527344,348.6812438964844,173.70687866210938,56.87641906738281,219.46482849121094,464.6253356933594,278.8734436035156,80.0466537475586,153.75889587402344,150.24713134765625,499.170654296875,278.46087646484375,56.867530822753906,96.6865463256836,131.5015869140625
2024-02-23,31.981569290161133,328.1333312988281,81.4088363647461,727.6981201171875,139.35806274414062,370.5731201171875,349.26336669921875,174.579833984375,56.92292785644531,221.4166259765625,466.4580078125,280.5979309082031,80.69935607910156,154.99266052246094,150.68695068359375,499.8721923828125,278.31365966796875,56.91615295410156,95.83744812011719,132.44956970214844
2024-02-26,31.68927574157715,326.2936706542969,81.314453125,735.0151977539062,139.16883850097656,369.7866516113281,348.9253234863281,173.98204040527344,56.4671745300293,220.2360382080078,467.531982421875,280.0042419433594,79.87882232666016,153.76803588867188,149.928955078125,498.0518493652344,278.8534240722656,57.96656036376953,96.21585083007812,132.2006072998047
2024-02-27,32.32099533081055,324.797119140625,81.55986785888672,734.3842163085938,137.10545349121094,370.3457336425781,352.6437072753906,174.0674285888672,56.12303161621094,224.11102294921875,467.7684631347656,276.8378601074219,79.71099090576172,153.67665100097656,149.0680694580078,486.76959228515625,277.8917236328125,57.956825256347656,96.01280212402344,131.22389221191406
2024-02-28,32.349281311035156,319.4495544433594,81.93742370605469,737.5890502929688,137.26759338378906,375.2320251464844,354.5686340332031,174.9498748779297,56.17884063720703,227.3576202392578,471.8081359863281,278.1854248046875,80.23314666748047,152.64395141601562,149.76991271972656,472.4154968261719,280.30584716796875,57.98600387573242,96.28045654296875,132.71771240234375
2024-02-29,32.77655029296875,320.412353515625,81.66368865966797,733.5753784179688,136.97027587890625,371.2905578613281,357.38555908203125,176.54396057128906,55.82538986206055,229.1380157470703,467.7783203125,277.01025390625,80.22382354736328,152.2526092529297,148.731201171875,467.9783935546875,277.3715515136719,57.00368881225586,96.46503448486328,132.54531860351562
2024-03-01,32.615135192871094,317.381103515625,81.6353759765625,739.0485229492188,137.6911163330078,370.3839416503906,360.99127197265625,175.81332397460938,55.36963653564453,232.9654083251953,469.6208190917969,275.5411682128906,80.63408660888672,151.5619659423828,148.64700317382812,464.1196594238281,277.8818054199219,57.14958572387695,97.68330383300781,131.58775329589844
2024-03-04,33.374725341796875,321.0414123535156,81.95628356933594,748.6535034179688,134.1499481201172,374.344482421875,357.16021728515625,177.13221740722656,55.630069732666016,230.49949645996094,461.6004638671875,275.7402038574219,83.95341491699219,152.28025817871094,149.31138610839844,456.8572692871094,275.3008728027344,57.674781799316406,96.3173828125,132.6697998046875
2024-03-05,33.60261154174805,318.48577880859375,81.86190032958984,749.412841796875,134.78968811035156,373.065673828125,355.3573913574219,178.9065704345703,55.360328674316406,229.2808380126953,460.6447448730469,277.2566223144531,83.10494232177734,149.2138214111328,149.08680725097656,448.5899353027344,274.17230224609375,58.394493103027344,97.49873352050781,132.8134307861328
2024-03-06,33.6310920715332,325.272216796875,82.2866439819336,762.5184936523438,133.65435791015625,371.786865234375,356.5286560058594,179.8364715576172,55.388240814208984,229.56643676757812,464.6648254394531,277.6262512207031,79.8695068359375,150.09783935546875,149.32073974609375,448.0684509277344,275.2027282714844,58.90996551513672,98.54164123535156,133.6273651123047
2024-03-07,33.83048629760742,328.0671691894531,83.19276428222656,774.697265625,134.59144592285156,370.6988525390625,355.68798828125,178.26136779785156,55.285926818847656,230.1376953125,460.66448974609375,275.9013671875,80.31706237792969,150.1991424560547,150.3032684326172,453.9276428222656,273.07318115234375,58.705726623535156,99.09542083740234,134.42214965820312
2024-03-08,33.802001953125,327.15789794921875,83.1266860961914,715.4996948242188,135.05104064941406,369.3245849609375,352.6652526855469,178.5934600830078,55.360328674316406,230.35667419433594,462.35919189453125,277.2660827636719,81.15621948242188,150.14389038085938,150.05062866210938,453.6136169433594,274.8199768066406,58.47230529785156,100.02757263183594,133.63694763183594
2024-03-11,34.077354431152344,327.6173400878906,83.18331909179688,704.1788940429688,136.96127319335938,368.53253173828125,350.9366455078125,178.65989685058594,56.03002166748047,229.4141082763672,462.26068115234375,279.41754150390625,81.06298828125,151.69088745117188,151.17356872558594,465.5875549316406,275.33026123046875,58.997501373291016,100.61824798583984,134.13487243652344
2024-03-12,34.14381790161133,329.2158508300781,83.77796173095703,726.66259765625,136.86215209960938,370.4602966308594,353.7893371582031,180.13059997558594,56.271846771240234,231.60389709472656,465.9160461425781,278.9342041015625,81.16554260253906,151.51593017578125,151.52914428710938,465.7779846191406,278.627685546875,59.726951599121094,99.97218322753906,134.766845703125
2024-03-13,34.25775909423828,333.7912292480469,84.19325256347656,724.0198974609375,138.6642608642578,374.4017639160156,357.9927978515625,181.59185791015625,56.84851837158203,235.55506896972656,468.6158142089844,268.0823669433594,83.31006622314453,152.2157745361328,151.87539672851562,464.4930114746094,279.8249816894531,59.60051345825195,101.08893585205078,132.48785400390625
2024-03-14,33.8874626159668,334.5473937988281,83.39096069335938,721.801025390625,140.29518127441406,370.8706359863281,354.4788513183594,178.3562469482422,56.72195053100586,232.90829467773438,472.4289245605469,267.01141357421875,83.07698059082031,151.7369384765625,151.12673950195312,465.4447937011719,281.0713195800781,59.549766540527344,102.87944793701172,131.33880615234375
2024-03-15,33.62160110473633,336.9786682128906,83.48535919189453,715.5687255859375,140.16000366210938,369.5345764160156,352.5519104003906,180.5670623779297,56.14067077636719,233.00344848632812,468.83251953125,264.55670166015625,82.4056396484375,151.62644958496094,151.01446533203125,467.17718505859375,277.76409912109375,59.217960357666016,102.6948471069336,131.03236389160156
2024-03-18,34.1912956237793,337.5338439941406,83.31546020507812,721.3966674804688,140.03387451171875,366.8241882324219,351.3050842285156,182.80638122558594,56.375057220458984,231.8134002685547,471.8475646972656,264.0259704589844,82.01403045654297,157.70401000976562,150.85540771484375,463.5887145996094,279.7366027832031,59.393619537353516,103.64547729492188,130.486572265625
2024-03-19,34.21028137207031,337.2849426269531,83.78739166259766,722.0180053710938,141.12416076660156,370.9183349609375,358.38958740234375,183.87860107421875,56.468807220458984,236.13583374023438,476.8824157714844,268.0918273925781,82.44293212890625,158.2012939453125,151.43557739257812,469.5567321777344,281.9937744140625,59.403385162353516,104.37458801269531,131.4632568359375
2024-03-20,34.893924713134766,338.68243408203125,83.39096069335938,730.4494018554688,139.2589569091797,378.3718566894531,363.112548828125,186.28866577148438,56.95634078979492,239.88706970214844,480.8630065917969,269.5893249511719,85.17488098144531,158.25653076171875,151.58529663085938,470.42291259765625,283.8877868652344,59.77422332763672,104.28228759765625,130.7163848876953
2024-03-21,35.615535736083984,338.5771789550781,83.78739166259766,732.263916015625,139.53831481933594,394.8248596191406,373.30474853515625,188.87905883789062,56.69383239746094,248.49388122558594,481.45416259765625,268.7173156738281,87.08629608154297,158.79981994628906,151.46363830566406,468.0052185058594,284.95745849609375,59.96940612792969,104.74375915527344,130.77383422851562
2024-03-22,35.17877197265625,336.72021484375,84.19325256347656,724.6115112304688,139.35806274414062,388.2493591308594,368.6573181152344,186.5638427734375,56.71257781982422,246.11366271972656,474.5867004394531,267.8644104003906,85.73430633544922,158.4038543701172,151.27647399902344,466.4632873535156,277.9800109863281,59.403385162353516,104.74375915527344,130.44825744628906
2024-03-25,34.99836349487305,340.3287658691406,83.66470336914062,720.8247680664062,140.98899841308594,386.4552001953125,362.26239013671875,184.85589599609375,56.62820053100586,241.8292999267578,469.0394592285156,264.06390380859375,84.97906494140625,158.9379425048828,149.90090942382812,462.4751281738281,275.96820068359375,59.11060333251953,105.81436157226562,128.90658569335938
2024-03-26,35.21675491333008,342.4154968261719,83.91012573242188,720.844482421875,139.90773010253906,387.6385803222656,358.88067626953125,185.7193603515625,56.759456634521484,239.37290954589844,469.7882995605469,264.06390380859375,85.10958862304688,159.05764770507812,150.23780822753906,468.5953674316406,275.36962890625,59.05205154418945,105.02064514160156,129.07896423339844
2024-03-27,35.900386810302734,347.7853088378906,84.90116882324219,721.92919921875,140.88087463378906,396.2945556640625,364.5105285644531,189.31553649902344,57.21885299682617,241.19140625,470.92138671875,267.2862548828125,87.1795425415039,159.8311767578125,152.16546630859375,469.3473815917969,273.81903076171875,59.256996154785156,106.10971069335938,131.4920196533203
2024-03-28,36.00482940673828,347.6417541503906,84.99555969238281,722.4716796875,142.1333465576172,398.6232604980469,362.3473815917969,190.0556182861328,57.3594856262207,242.52432250976562,474.4881896972656,267.2198791503906,87.79491424560547,161.15716552734375,151.82859802246094,470.8702697753906,273.8778381347656,58.72023391723633,107.28182983398438,132.7655487060547
2024-04-01,35.625030517578125,348.4936218261719,84.06111907958984,711.2395629882812,143.34080505371094,394.634033203125,347.6400451660156,188.76519775390625,56.890708923339844,237.33544921875,471.36474609375,265.580322265625,87.2074966430664,159.28787231445312,150.26589965820312,466.1111145019531,273.0927734375,58.554344177246094,107.9740219116211,134.50833129882812
2024-04-02,35.416141510009766,347.5460205078125,84.06111907958984,701.4373779296875,143.97149658203125,391.4273681640625,342.8887023925781,188.68927001953125,56.3938102722168,232.73687744140625,472.37957763671875,263.2298583984375,86.44293212890625,157.86976623535156,150.2565155029297,436.07135009765625,273.2498779296875,57.734580993652344,110.08755493164062,134.73814392089844
2024-04-03,35.549072265625,345.6125183105469,83.1550064086914,695.9051513671875,144.5662078857422,395.1016540527344,339.96044921875,188.1579132080078,56.09379577636719,229.1665802001953,470.399169921875,261.144775390625,86.71332550048828,156.24905395507812,146.1204071044922,437.59423828125,271.7974548339844,57.99807357788086,110.10600280761719,133.1102752685547
2024-04-04,35.05533218383789,344.9424743652344,82.49430084228516,695.1063232421875,144.79148864746094,387.7054138183594,337.8634338378906,186.72634887695312,55.596885681152344,226.60546875,462.86163330078125,255.97950744628906,86.04200744628906,156.22146606445312,145.46533203125,433.4443054199219,268.8926086425781,58.06639099121094,110.49363708496094,130.49615478515625
2024-04-05,35.235740661621094,346.9334716796875,82.94734954833984,703.8237915039062,145.6114501953125,389.44232177734375,338.0428771972656,188.44422912597656,55.79376983642578,227.85269165039062,470.1331787109375,252.75717163085938,86.21915435791016,155.7518310546875,146.07362365722656,433.7869567871094,271.97406005859375,58.40795135498047,112.0164794921875,130.3237762451172
2024-04-08,35.606040954589844,342.6548156738281,82.79634094238281,701.9403076171875,145.31410217285156,391.7995910644531,341.9913024902344,189.42727661132812,55.56875991821289,230.9660186767578,472.4616394042969,253.58168029785156,86.90914154052734,156.1570281982422,146.0174560546875,434.034423828125,272.58251953125,58.33964157104492,111.25968170166016,129.48114013671875
2024-04-09,35.82442855834961,342.17620849609375,82.73025512695312,708.6263427734375,145.97186279296875,391.9618225097656,341.396240234375,188.1579132080078,55.99066162109375,232.67974853515625,465.8609313964844,255.3634796142578,87.7203369140625,157.10546875,146.59764099121094,437.5751953125,271.5618896484375,58.34940719604492,111.84111785888672,131.2047576904297
2024-04-10,34.798973083496094,342.520751953125,81.70143127441406,712.56103515625,146.5756072998047,382.4660339355469,331.13787841796875,186.55455017089844,55.24061584472656,225.79620361328125,462.91082763671875,254.63368225097656,85.45458984375,155.57687377929688,147.14036560058594,428.3710632324219,269.3636779785156,59.159400939941406,112.78251647949219,132.0952606201172
2024-04-11,34.514122009277344,337.96453857421875,81.1728744506836,722.1953735351562,145.8727264404297,379.33575439453125,328.1246643066406,186.516357421875,55.36249542236328,224.15859985351562,462.062255859375,254.58633422851562,80.9697265625,155.03358459472656,145.83030700683594,420.44232177734375,270.541259765625,58.642173767089844,112.40409851074219,132.4591522216797
2024-04-12,33.9824104309082,334.86322021484375,81.03129577636719,721.169921875,143.23265075683594,371.71044921875,323.87396240234375,174.45286560058594,54.64057922363281,220.93104553222656,459.1713562011719,253.4205780029297,80.36369323730469,154.79415893554688,145.35308837890625,418.0437316894531,270.8160400390625,58.69096755981445,111.09355163574219,131.95164489746094
2024-04-15,34.13432693481445,333.9635009765625,81.33333587646484,708.3206176757812,141.99818420410156,382.58050537109375,319.2076110839844,174.54832458496094,54.50932693481445,218.9888153076172,453.6559753417969,252.3211669921875,81.10958862304688,153.73513793945312,145.46533203125,424.16400146484375,266.2232971191406,58.48602294921875,110.45671844482422,131.82716369628906
2024-04-16,32.92847442626953,332.0012512207031,81.33333587646484,706.04248046875,140.8177947998047,378.7440185546875,316.2793884277344,172.5536346435547,54.434322357177734,217.40835571289062,453.6855163574219,251.56292724609375,83.11427307128906,154.24160766601562,145.93324279785156,446.3034973144531,266.29193115234375,58.398197174072266,109.54301452636719,132.14315795898438
2024-04-17,33.450687408447266,331.26422119140625,81.88078308105469,705.2734375,140.92591857910156,385.4722595214844,314.3901672363281,171.8665008544922,54.85621643066406,217.89390563964844,454.02099609375,255.84678649902344,83.99071502685547,156.06491088867188,146.87838745117188,455.9170227050781,267.6070556640625,58.212772369384766,109.48763275146484,131.98036193847656
2024-04-18,33.963417053222656,333.84869384765625,81.84302520751953,701.3881225585938,141.9801788330078,384.7087097167969,314.4468994140625,172.98312377929688,55.23125076293945,217.82723999023438,448.6338806152344,256.82305908203125,84.15855407714844,158.63409423828125,148.1375732421875,469.4234619140625,266.31158447265625,57.83217239379883,109.38611602783203,132.01866149902344
2024-04-19,35.10280990600586,337.30419921875,82.71641540527344,699.672119140625,144.16973876953125,385.55816650390625,316.780029296875,177.32557678222656,56.412559509277344,219.20779418945312,449.31463623046875,257.7802429199219,84.53150939941406,160.34683227539062,148.93809509277344,476.99053955078125,264.7512512207031,58.095664978027344,110.64131164550781,132.62193298339844
2024-04-22,35.82442855834961,338.060302734375,83.85564422607422,705.5396728515625,145.89979553222656,398.2987060546875,317.4884948730469,180.7709503173828,56.768829345703125,220.1503448486328,450.6564636230469,261.1826477050781,85.8648452758789,162.492431640625,151.19845581054688,467.56744384765625,267.2536926269531,58.69096755981445,111.2688980102539,133.1581573486328
2024-04-23,36.43210220336914,337.5529479980469,84.09296417236328,712.6595458984375,146.73777770996094,404.6451416015625,320.2183532714844,183.37643432617188,56.85321044921875,223.43162536621094,456.6454772949219,262.414794921875,87.42196655273438,157.66720581054688,152.1025848388672,462.76068115234375,269.0005187988281,57.66626739501953,111.70268249511719,134.154052734375
2024-04-24,36.38462448120117,337.19879150390625,84.3682861328125,713.852783203125,147.38656616210938,403.72894287109375,314.5602722167969,184.27354431152344,57.70637512207031,220.30340576171875,456.329833984375,262.2915344238281,87.50587463378906,163.3672332763672,153.13858032226562,463.8266906738281,269.8935546875,58.4274787902832,111.72113800048828,135.7914276123047
2024-04-25,35.99533462524414,339.3332824707031,84.76700592041016,712.9934692382812,148.92735290527344,400.87548828125,313.5872802734375,184.55030822753906,57.884517669677734,219.9877166748047,455.9449462890625,261.2016906738281,86.30307006835938,162.69500732421875,153.0915069580078,470.0707092285156,270.031005859375,58.75927734375,111.97956848144531,135.55203247070312
2024-04-26,35.91938018798828,339.2950439453125,86.3998794555664,720.2235717773438,149.4770050048828,408.0522155761719,316.5249938964844,184.6648712158203,57.884517669677734,219.901611328125,456.2508544921875,258.8227844238281,86.5548324584961,161.6820831298828,151.9048309326172,471.48895263671875,269.4028625488281,58.710487365722656,108.86927795410156,135.75315856933594
2024-04-29,35.65351867675781,341.1806945800781,85.90621948242188,717.4086303710938,149.87347412109375,411.144287109375,318.1402282714844,184.4644317626953,58.1657829284668,220.9252166748047,451.0018310546875,259.25872802734375,86.6771469116211,162.19775390625,152.25328063964844,465.4733581542969,266.7728271484375,58.78855895996094,110.4197998046875,137.11285400390625
2024-04-30,35.140785217285156,341.7550354003906,87.26377868652344,714.0208129882812,145.31410217285156,407.2314453125,315.70318603515625,182.9946746826172,57.91264343261719,218.1031494140625,445.1805419921875,258.775390625,85.48206329345703,161.9859619140625,153.70364379882812,460.4001159667969,263.6030578613281,57.920005798339844,109.15538024902344,135.25523376464844
2024-05-01,35.08381652832031,341.8890380859375,87.24478912353516,713.3490600585938,143.8363494873047,407.46051025390625,313.57781982421875,183.1092071533203,58.062652587890625,217.65353393554688,436.17236328125,260.0927734375,86.1407699584961,161.28611755371094,153.8920440673828,460.7903137207031,262.3371276855469,57.432044982910156,107.08800506591797,129.5864715576172
2024-05-02,35.017356872558594,329.75189208984375,88.2036361694336,723.443603515625,144.8275146484375,412.8239440917969,316.94061279296875,182.91830444335938,58.11890411376953,219.62420654296875,435.21527099609375,259.00286865234375,87.18531036376953,161.56236267089844,154.3064422607422,469.22357177734375,262.6217346191406,58.27132797241211,107.28182983398438,129.33750915527344
2024-05-03,35.36867141723633,326.88031005859375,88.17516326904297,734.7628173828125,144.39498901367188,418.1778259277344,323.85504150390625,181.82077026367188,58.287662506103516,222.06361389160156,437.6622314453125,256.197509765625,88.1169204711914,162.2069549560547,154.89036560058594,468.7286682128906,263.48529052734375,58.3786735534668,107.06031799316406,128.63848876953125
2024-05-06,35.78644561767578,327.7513427734375,88.4599609375,747.1586303710938,146.24220275878906,423.417236328125,323.32611083984375,183.24281311035156,58.4564208984375,221.65225219726562,443.375,255.23077392578125,89.1990966796875,161.90309143066406,154.8715362548828,470.5657043457031,267.58740234375,58.4274787902832,107.75252532958984,130.400390625
2024-05-07,35.92887496948242,331.857666015625,89.31437683105469,761.8362426757812,146.5756072998047,423.5412902832031,321.81475830078125,183.0041961669922,58.70956039428711,221.42266845703125,447.01568603515625,253.52479553222656,90.14009857177734,163.92893981933594,156.11474609375,476.82867431640625,271.30670166015625,59.159400939941406,107.21723175048828,130.14186096191406
2024-05-08,35.80543899536133,332.47991943359375,88.73526000976562,754.0330810546875,146.4584503173828,426.5475769042969,320.0577697753906,186.72634887695312,58.92519760131836,222.00624084472656,448.7029113769531,254.46307373046875,89.99896240234375,163.3672332763672,155.46487426757812,478.9703369140625,272.0231628417969,58.847110748291016,107.19877624511719,131.1472930908203
2024-05-09,36.34664535522461,335.9449157714844,89.31437683105469,769.47119140625,149.08053588867188,434.7644958496094,328.1907958984375,188.4919891357422,58.953330993652344,225.89016723632812,449.4132995605469,253.95132446289062,92.3232650756836,163.9657745361328,156.37843322753906,482.60626220703125,273.3479309082031,59.18790054321289,109.31228637695312,132.0952606201172
2024-05-10,36.50806427001953,333.475341796875,90.2826919555664,777.5211181640625,149.41395568847656,433.9723815917969,327.2366943359375,189.7040557861328,59.30959701538086,224.83786010742188,450.8834533691406,260.6329345703125,92.48323059082031,165.55882263183594,157.14129638671875,488.10791015625,275.5069274902344,59.22707748413086,108.86927795410156,131.77926635742188
2024-05-13,36.28018569946289,334.1932678222656,89.67512512207031,765.6289672851562,148.25155639648438,432.8558044433594,322.0697937011719,189.6658477783203,59.609615325927734,222.87673950195312,451.6530456542969,257.145263671875,92.7467041015625,166.5809783935547,156.21829223632812,487.0893859863281,274.18206787109375,59.15852737426758,108.8231201171875,130.59190368652344
2024-05-14,36.54604721069336,331.5897216796875,89.779541015625,768.3451538085938,147.42259216308594,437.5416564941406,321.63525390625,192.31906127929688,59.15959167480469,221.53749084472656,448.1405029296875,256.51971435546875,93.51834869384766,165.63250732421875,156.11474609375,489.1263732910156,272.5628967285156,58.61991882324219,109.4837417602539,131.65480041503906
2024-05-15,36.944828033447266,328.5840759277344,89.74156188964844,777.3729248046875,146.91799926757812,444.8138122558594,329.3526306152344,192.89169311523438,59.18770980834961,225.84230041503906,451.88983154296875,259.5620422363281,94.59111022949219,165.25497436523438,156.82107543945312,492.61956787109375,276.2527770996094,58.590545654296875,110.33042907714844,132.46873474121094
2024-05-16,37.23917770385742,324.7362060546875,89.74156188964844,783.328857421875,146.61764526367188,443.3155212402344,323.74169921875,193.2352752685547,59.36585235595703,222.18797302246094,452.7481994628906,259.22088623046875,93.70655059814453,168.6160430908203,158.09254455566406,496.1603698730469,275.13201904296875,62.6839485168457,109.66981506347656,135.64781188964844
2024-05-17,37.305633544921875,324.2097473144531,89.3618392944336,786.03515625,148.05569458007812,446.36944580078125,325.1396789550781,195.44947814941406,59.093955993652344,221.08786010742188,454.1295471191406,258.14984130859375,94.3088150024414,167.76885986328125,157.8853302001953,499.3584899902344,275.3876037597656,63.31068420410156,111.3166732788086,135.64781188964844
2024-05-20,36.859371185302734,319.0983581542969,89.60865783691406,783.2597045898438,146.6631622314453,441.8076171875,319.103759765625,186.6595458984375,58.66267776489258,219.2319793701172,453.52764892578125,253.87548828125,94.41231536865234,166.03768920898438,157.57452392578125,492.31494140625,273.8538818359375,62.850425720214844,110.41415405273438,133.74227905273438
2024-05-21,37.647457122802734,321.9795227050781,90.34915924072266,791.09228515625,145.59825134277344,448.9366149902344,317.5262756347656,190.4198455810547,58.98145294189453,215.10890197753906,452.9751281738281,251.97996520996094,95.54154968261719,166.74673461914062,158.5540313720703,498.3305358886719,271.3074035644531,63.80034637451172,109.65120697021484,133.3879852294922
2024-05-22,37.751895904541016,322.065673828125,89.95992279052734,792.0108032226562,143.4138641357422,441.273193359375,312.2743225097656,189.26499938964844,59.06583023071289,211.5406494140625,450.4295349121094,251.88519287109375,94.79813385009766,167.6767578125,158.04541015625,496.2364807128906,270.943603515625,63.898258209228516,107.44609832763672,133.22518920898438
2024-05-23,37.19169235229492,323.367431640625,88.98210144042969,786.5586547851562,142.84048461914062,437.2362976074219,308.7793273925781,187.93841552734375,58.21266174316406,208.0489044189453,445.19036865234375,244.4547576904297,93.08548736572266,165.07997131347656,155.86044311523438,491.93426513671875,269.6163330078125,63.49674987792969,105.6131591796875,131.19515991210938
2024-05-24,37.69493103027344,318.3708801269531,88.57389068603516,799.7841796875,143.5777130126953,440.1279602050781,307.0885009765625,191.55555725097656,58.1282844543457,205.8773651123047,445.1608581542969,244.62538146972656,93.13253784179688,163.9013214111328,155.70974731445312,483.6914367675781,269.8719177246094,64.02557373046875,105.52940368652344,132.45571899414062
2024-05-28,37.3341178894043,318.9451599121094,87.28276824951172,803.1820068359375,144.75181579589844,438.8205261230469,310.4890441894531,190.40072631835938,57.95951461791992,206.0303955078125,439.14215087890625,240.29412841796875,92.85023498535156,159.6562042236328,153.61892700195312,479.41766357421875,266.4210510253906,63.6926155090332,106.86922454833984,130.73326110839844
2024-05-29,36.76442337036133,318.6676025390625,86.66568756103516,796.6136474609375,142.8040771484375,436.301025390625,307.85357666015625,189.07415771484375,57.847007751464844,204.97811889648438,436.5669860839844,236.3419647216797,91.5328140258789,157.6027069091797,152.24386596679688,461.37103271484375,264.33673095703125,63.57509994506836,105.72478485107422,129.5881805419922
2024-05-30,36.67897033691406,316.82977294921875,86.32392883300781,805.3253173828125,144.0418701171875,432.278076171875,313.1040344238281,190.23849487304688,58.100154876708984,206.1165313720703,436.201904296875,238.9009552001953,91.49518585205078,156.98577880859375,153.11976623535156,458.4488220214844,266.73565673828125,63.54572296142578,106.05973815917969,129.75177001953125
2024-05-31,37.97028732299805,329.8667297363281,88.25110626220703,799.9423217773438,147.71893310546875,438.3172607421875,318.5161437988281,193.38800048828125,59.00020217895508,211.69369506835938,441.10565185546875,245.3646697998047,92.0691909790039,159.2141876220703,154.9656982421875,471.50799560546875,267.8760986328125,64.39769744873047,109.10225677490234,132.24403381347656
2024-06-03,37.8658447265625,326.8706970214844,87.78591918945312,805.374755859375,143.31373596191406,436.8386535644531,311.9912109375,192.6149139404297,59.00020217895508,207.33143615722656,437.27740478515625,247.7780303955078,91.66455078125,157.67637634277344,155.0692901611328,473.4782409667969,265.83111572265625,64.4564437866211,106.48774719238281,134.07232666015625
2024-06-04,37.67594528198242,323.9584655761719,89.05803680419922,817.2273559570312,142.10324096679688,437.1459045410156,312.2289733886719,190.07627868652344,59.9471321105957,207.14013671875,438.8363342285156,250.6111297607422,90.88351440429688,160.12583923339844,157.29196166992188,481.1405029296875,267.8367919921875,65.22029876708984,104.83158111572266,136.1989288330078
2024-06-05,37.94179916381836,321.1904602050781,88.91564178466797,824.0523071289062,141.0565643310547,443.2715148925781,314.1313171386719,188.26290893554688,59.92837905883789,209.95262145996094,440.7010803222656,248.00697326660156,90.95879364013672,159.75750732421875,156.3878631591797,478.8847351074219,269.8818664550781,65.70013427734375,105.25028228759766,135.22706604003906
2024-06-06,37.69493103027344,324.7754821777344,89.21943664550781,832.2899780273438,141.92120361328125,439.8342590332031,314.9302673339844,187.9288787841797,60.144020080566406,208.9768524169922,442.6941223144531,248.70333862304688,91.13758087158203,159.49046325683594,158.6670379638672,477.742431640625,272.3790588378906,65.75889587402344,106.04113006591797,135.51573181152344
2024-06-07,38.000614166259766,324.95806884765625,89.13399505615234,835.19384765625,142.0577392578125,436.77142333984375,311.05902099609375,190.83021545410156,59.919010162353516,207.2740478515625,443.78936767578125,244.40118408203125,91.41047668457031,158.74334716796875,157.3390655517578,467.05340576171875,273.981689453125,64.51519012451172,104.9060287475586,134.6881866455078
2024-06-10,37.895530700683594,325.4866943359375,89.14348602294922,837.9199829101562,142.658447265625,435.4656677246094,316.3189697265625,190.5057373046875,59.618988037109375,208.64202880859375,443.2565612792969,242.11181640625,90.70471954345703,153.9728546142578,157.61219787597656,471.15582275390625,270.4127197265625,65.57283020019531,105.21305847167969,132.6096954345703
2024-06-11,37.121768951416016,324.8043518066406,89.20045471191406,838.8780517578125,142.43092346191406,426.5556640625,319.3246765136719,185.4951629638672,59.581485748291016,208.88121032714844,443.04937744140625,242.5601348876953,89.80134582519531,153.20252990722656,157.73464965820312,472.3170471191406,270.0489501953125,65.34760284423828,104.36637115478516,131.83987426757812
2024-06-12,37.64716720581055,322.98773193359375,88.50743103027344,837.396484375,140.36485290527344,430.8091125488281,327.3334655761719,182.7942657470703,58.953330993652344,215.261962890625,437.0899353027344,242.75094604492188,90.00836181640625,152.0516815185547,155.56846618652344,469.31878662109375,265.7721252441406,64.93630981445312,103.21263122558594,132.1189422607422
2024-06-13,37.503875732421875,321.1616516113281,89.95992279052734,835.5692749023438,139.1088409423828,428.55279541015625,330.89080810546875,184.8271026611328,59.056461334228516,217.02218627929688,439.063232421875,242.00685119628906,89.59431457519531,151.587646484375,156.72689819335938,473.344970703125,266.6275939941406,65.3182144165039,102.3845443725586,132.80213928222656
2024-06-14,37.484771728515625,320.3350524902344,89.82701873779297,845.159912109375,138.8630828857422,428.6583557128906,329.90155029296875,184.94161987304688,59.098976135253906,213.6643829345703,438.6982116699219,241.89239501953125,89.8672103881836,152.0331268310547,157.0847625732422,473.1736755371094,266.1064147949219,65.63159942626953,101.51925659179688,131.62818908691406
2024-06-17,37.74269485473633,320.9213562011719,91.08964538574219,857.2495727539062,139.4273681640625,432.23004150390625,332.4316711425781,186.08689880371094,59.16511154174805,216.93606567382812,442.1316833496094,241.8256378173828,91.31636810302734,154.19561767578125,157.7534637451172,467.63922119140625,266.6078796386719,66.02330780029297,100.82144165039062,131.75326538085938
2024-06-18,38.20122528076172,321.78631591796875,92.09595489501953,860.0546875,139.55479431152344,439.1909484863281,336.5882568359375,188.0147705078125,59.174560546875,217.8927001953125,444.1050720214844,239.23097229003906,91.81510925292969,154.5111541748047,158.7517852783203,459.82025146484375,269.0166320800781,66.19957733154297,101.77046966552734,130.30987548828125
2024-06-20,38.20122528076172,324.74658203125,92.03898620605469,851.8468017578125,142.56744384765625,439.7862243652344,336.1792907714844,189.6085968017578,58.749385833740234,217.6630859375,446.47308349609375,242.10226440429688,91.69278717041016,154.69677734375,157.91357421875,463.1370544433594,272.162841796875,66.60108184814453,103.96627807617188,129.08778381347656
2024-06-21,37.723594665527344,326.7650451660156,92.3427734375,837.890380859375,141.32960510253906,432.23004150390625,338.4239807128906,187.34669494628906,59.30683517456055,218.67715454101562,448.7818603515625,247.4346466064453,90.48828887939453,155.253662109375,158.46923828125,461.2922668457031,270.58966064453125,66.50315856933594,103.0544662475586,129.2224884033203
2024-06-24,38.229881286621094,329.8022155761719,93.97565460205078,837.7421264648438,144.99754333496094,443.6651611328125,333.7442626953125,189.8090362548828,60.44063949584961,218.48582458496094,450.8636779785156,248.37899780273438,91.37284088134766,155.99615478515625,158.648193359375,468.3561096191406,271.65155029296875,67.47265625,106.11558532714844,128.93385314941406
2024-06-25,37.618507385253906,325.6308288574219,93.7003402709961,845.001953125,144.2239227294922,439.1429443359375,321.7976989746094,189.0359649658203,60.31779861450195,207.82888793945312,449.5711364746094,245.5172576904297,92.03154754638672,155.31863403320312,157.14129638671875,463.11798095703125,268.9281005859375,66.02330780029297,106.41331481933594,127.33649444580078
2024-06-26,37.25550842285156,324.458251953125,93.25414276123047,846.3155517578125,141.9394073486328,437.6835632324219,325.12677001953125,188.42514038085938,60.51622009277344,209.29254150390625,446.34478759765625,245.94650268554688,91.17522430419922,154.7524871826172,157.7063751220703,462.67828369140625,268.9969787597656,66.87528228759766,106.45053100585938,126.98046875
2024-06-27,37.49432373046875,321.1616516113281,93.19718170166016,840.1719360351562,142.27618408203125,428.1783142089844,324.8128356933594,190.0857696533203,60.38393783569336,210.268310546875,436.8432922363281,246.27085876464844,90.12127685546875,154.30697631835938,156.92466735839844,464.97235107421875,262.10491943359375,66.4737777709961,106.90645599365234,127.60592651367188
2024-06-28,37.99106216430664,317.7207946777344,92.12443542480469,839.549560546875,142.36720275878906,434.28472900390625,327.4284973144531,193.03485107421875,60.13828659057617,210.89968872070312,435.2745056152344,243.0943145751953,91.45751190185547,153.07261657714844,155.3236083984375,486.7852783203125,258.0542297363281,66.30728912353516,107.11113739013672,127.46159362792969
2024-07-01,38.220333099365234,313.587890625,90.7004165649414,835.2827758789062,142.45819091796875,445.17254638671875,319.77166748046875,196.079345703125,59.7886962890625,204.2989044189453,431.7718200683594,238.46786499023438,93.31133270263672,151.1792449951172,153.25160217285156,472.8200378417969,258.81121826171875,66.08206176757812,106.96226501464844,124.80572509765625
2024-07-02,39.099178314208984,313.2419128417969,91.25103759765625,848.8045043945312,142.6675567626953,447.0447692871094,318.6112365722656,199.30520629882812,59.66586685180664,204.43284606933594,438.7178955078125,236.3692626953125,93.7724380493164,151.81967163085938,154.36294555664062,476.2515869140625,263.71728515625,66.65984344482422,106.23652648925781,125.12327575683594
2024-07-03,39.070518493652344,312.78057861328125,91.0326919555664,852.0640258789062,142.6311492919922,449.2626953125,317.34625244140625,199.17156982421875,59.8359375,204.05018615722656,442.2008361816406,238.47740173339844,94.28997802734375,150.91014099121094,154.29702758789062,468.2701110839844,264.46453857421875,66.82632446289062,106.77617645263672,124.69025421142578
2024-07-05,38.60243606567383,306.7157897949219,92.1339111328125,874.7914428710938,140.44674682617188,446.2191162109375,318.2403259277344,196.53248596191406,60.24221420288086,204.61459350585938,443.4933166503906,239.5171661376953,93.71595764160156,152.57144165039062,155.59674072265625,466.47308349609375,265.81146240234375,68.58902740478516,105.4828872680664,124.24761199951172
2024-07-08,38.803043365478516,311.1947021484375,92.63706970214844,870.0208129882812,140.4649658203125,446.2863464355469,323.01513671875,196.8971405029297,59.48635482788086,207.73321533203125,440.28668212890625,236.426513671875,94.65699005126953,150.46461486816406,156.8305206298828,467.74432373046875,261.9180908203125,68.23648834228516,104.37567138671875,123.11214447021484
2024-07-09,39.5672607421875,315.60626220703125,92.12443542480469,875.9569091796875,139.23622131347656,453.9769287109375,320.62774658203125,199.25796508789062,59.23124694824219,206.9488067626953,439.417236328125,234.49008178710938,96.55784606933594,150.2604522705078,156.02053833007812,470.3921203613281,260.9742736816406,68.4519271850586,103.22193908691406,121.88043975830078
2024-07-10,39.87294006347656,317.08636474609375,92.45670318603516,873.4481811523438,141.1930694580078,459.7953186035156,327.3714904785156,199.4210968017578,59.363525390625,211.16754150390625,428.4885559082031,238.94480895996094,97.35771179199219,151.8289337158203,157.0941925048828,478.8228759765625,258.5752868652344,68.95137786865234,104.1337661743164,124.29573059082031
2024-07-11,39.93981170654297,320.59454345703125,92.80796813964844,836.19140625,141.3114013671875,460.1217346191406,336.5122375488281,199.08522033691406,59.61863327026367,219.78683471679688,431.2355041503906,243.05618286132812,98.46810913085938,152.16307067871094,155.90753173828125,482.1014709472656,258.1328430175781,68.35400390625,105.3712387084961,124.63251495361328
2024-07-12,39.729652404785156,321.7767333984375,93.10225677490234,832.5467529296875,141.6117706298828,460.7458801269531,342.2000732421875,196.67642211914062,60.18552780151367,223.9290313720703,434.8816833496094,242.19766235351562,97.95054626464844,154.4183807373047,156.91526794433594,488.955078125,261.2691955566406,67.80559539794922,105.38984680175781,126.35498046875
2024-07-15,40.016231536865234,318.5377197265625,92.32379150390625,838.30517578125,143.84164428710938,472.6033935546875,340.9541015625,201.58038330078125,59.91152572631836,222.1018524169922,438.7254943847656,239.9368896484375,99.05154418945312,152.0795440673828,155.00338745117188,492.6256103515625,263.9336242675781,68.16793823242188,107.19486999511719,123.06403350830078
2024-07-16,42.156044006347656,326.5054931640625,92.46620178222656,840.3201904296875,143.59588623046875,482.9631652832031,351.093505859375,205.0064239501953,60.72406768798828,230.520263671875,438.26104736328125,245.41232299804688,99.9549331665039,152.91482543945312,157.2354736328125,524.6471557617188,264.7201843261719,68.5400619506836,107.9671401977539,124.05516815185547
2024-07-17,42.01274871826172,331.35919189453125,94.35538482666016,835.8853759765625,146.74505615234375,482.15667724609375,353.72821044921875,208.1253662109375,61.61221694946289,232.50048828125,445.80047607421875,248.9704132080078,100.65127563476562,157.67604064941406,159.5806121826172,547.9799194335938,268.1120910644531,69.55850982666016,109.45581817626953,124.44969177246094
2024-07-18,41.08613204956055,327.28399658203125,93.51995849609375,829.0601806640625,147.4185791015625,466.8233947753906,348.2019348144531,201.51318359375,61.593318939208984,228.98963928222656,443.389404296875,247.55857849121094,98.62808227539062,158.1215057373047,158.63877868652344,539.4345092773438,264.6217956542969,69.35285949707031,110.5351333618164,123.46818542480469
2024-07-19,40.98105239868164,322.7859191894531,93.5867691040039,827.8353881835938,144.8519287109375,465.594482421875,345.6147766113281,201.32125854492188,61.68780517578125,228.17654418945312,438.4191589355469,245.421875,96.06851959228516,157.18411254882812,159.13812255859375,540.380859375,260.99395751953125,69.28431701660156,107.99504089355469,122.14026641845703
2024-07-22,40.407894134521484,322.7378845214844,93.46272277832031,837.0112915039062,142.88597106933594,467.620361328125,345.51019287109375,201.80108642578125,61.19648361206055,229.85061645507812,442.61871337890625,247.5777130126953,96.39787292480469,155.60635375976562,159.41287231445312,533.8807373046875,263.2060546875,68.9219741821289,107.25069427490234,123.75686645507812
2024-07-23,40.51297378540039,323.10308837890625,92.1268539428711,841.6436767578125,140.2465057373047,472.5265808105469,342.0574645996094,201.84909057617188,61.37600326538086,227.9756317138672,436.4725341796875,242.3407440185547,97.39534759521484,154.32557678222656,157.8684844970703,530.219970703125,260.335205078125,69.18639373779297,105.52009582519531,121.68799591064453
2024-07-24,40.302818298339844,328.9082946777344,92.17455291748047,820.6151733398438,141.13848876953125,467.2939147949219,333.2021484375,200.17922973632812,62.17911148071289,222.69822692871094,427.3127136230469,241.69207763671875,95.9555892944336,156.07968139648438,159.17601013183594,535.0469970703125,249.89382934570312,69.13742065429688,107.0087890625,121.19723510742188
2024-07-25,39.81562423706055,327.8895568847656,92.0696029663086,805.9278564453125,143.38658142089844,472.1041564941406,336.0365905761719,200.25601196289062,62.42477035522461,225.67819213867188,424.4965515136719,239.87010192871094,97.45181274414062,158.72479248046875,158.13375854492188,534.9801025390625,249.47108459472656,68.56944274902344,109.26044464111328,122.33270263671875
2024-07-26,39.80607604980469,330.2827453613281,94.83675384521484,808.7071533203125,143.65960693359375,479.1322326660156,341.95281982421875,203.6820831298828,63.350704193115234,229.61940002441406,432.974609375,240.38522338867188,98.04466247558594,160.3303985595703,160.22772216796875,544.5769653320312,255.09481811523438,68.33441162109375,109.16738891601562,123.21798706054688
2024-07-29,39.25202178955078,333.0699768066406,96.25849151611328,806.6893310546875,142.53103637695312,473.07379150390625,344.00732421875,202.34811401367188,63.14284896850586,230.5133819580078,436.05755615234375,249.37106323242188,96.4355239868164,160.75735473632812,161.004638671875,541.738037109375,257.1988220214844,68.17772674560547,108.02295684814453,125.50817108154297
2024-07-30,39.43351745605469,339.05780029296875,95.8863525390625,801.2195434570312,145.23416137695312,485.5075378417969,345.9286804199219,206.51309204101562,63.94594955444336,232.05140686035156,442.13446044921875,254.15969848632812,97.64002990722656,160.72947692871094,153.20689392089844,550.8953857421875,258.673583984375,67.75664520263672,109.94894409179688,127.1825180053711
2024-07-31,38.50690841674805,335.11724853515625,94.64590454101562,813.0593872070312,146.05332946777344,488.7335510253906,350.1803894042969,204.219482421875,63.057804107666016,236.0022430419922,458.2013244628906,253.16758728027344,97.9960708618164,160.25616455078125,152.31625366210938,550.7327270507812,261.20037841796875,67.2180404663086,110.3397216796875,127.81761169433594
2024-08-01,37.7331428527832,319.671875,96.30619812011719,808.0049438476562,138.90858459472656,480.17877197265625,341.0682067871094,199.5746612548828,64.21047973632812,232.01296997070312,456.91680908203125,256.36322021484375,96.61932373046875,162.38153076171875,156.98733520507812,547.4924926757812,261.45599365234375,68.34420013427734,108.8138198852539,129.42459106445312
2024-08-02,35.899024963378906,324.2179870605469,98.10006713867188,813.138427734375,135.20423889160156,451.874267578125,338.07208251953125,191.1102752685547,65.5049057006836,231.10935974121094,456.5314025878906,263.93731689453125,91.00788879394531,165.24009704589844,161.146728515625,563.7996215820312,262.0950622558594,67.04175567626953,108.74869537353516,130.07891845703125
2024-08-05,35.010623931884766,313.0496520996094,96.34436798095703,793.1087646484375,131.66371154785156,440.71759033203125,332.9167785644531,187.04122924804688,64.34276580810547,227.8410186767578,436.74920654296875,256.07708740234375,87.41883850097656,161.5276336669922,159.23284912109375,544.8064575195312,252.12564086914062,66.18978118896484,106.78547668457031,128.28912353515625
2024-08-06,35.26854705810547,316.49053955078125,97.95693969726562,807.9949951171875,130.3621826171875,451.4710388183594,336.6263427734375,192.2618865966797,64.29552459716797,231.33045959472656,442.9743957519531,257.6128234863281,88.27337646484375,160.089111328125,159.2612762451172,543.2674560546875,253.9150848388672,66.33667755126953,106.21792602539062,131.68594360351562
2024-08-07,35.63154983520508,316.2214050292969,97.73748016357422,801.4866333007812,129.61585998535156,454.1497497558594,325.6784362792969,192.31948852539062,64.68290710449219,222.62132263183594,444.49609375,256.9546813964844,87.4568099975586,159.4394073486328,161.08993530273438,541.09765625,252.20431518554688,65.52388763427734,107.63217163085938,131.2721405029297
2024-08-08,36.5008430480957,321.9977722167969,98.00464630126953,830.2997436523438,131.50897216796875,466.4009704589844,331.3283386230469,195.8319091796875,64.9380111694336,227.17774963378906,450.1679382324219,258.69073486328125,89.8495101928711,159.97769165039062,161.895263671875,541.2505493164062,255.4586181640625,66.25833892822266,109.68841552734375,131.92649841308594
2024-08-09,36.567710876464844,323.0742492675781,97.39395904541016,845.6312255859375,131.96405029296875,470.7119445800781,331.6136779785156,197.50173950195312,64.89076232910156,226.69712829589844,451.3536682128906,255.5619659423828,89.93496704101562,159.9962921142578,161.5825653076172,534.1006469726562,255.90196228027344,66.54232025146484,110.58164978027344,131.62818908691406
2024-08-12,36.46263122558594,315.3468017578125,96.64015197753906,854.1771240234375,131.99139404296875,466.1417541503906,328.921875,197.87603759765625,64.4089126586914,222.12147521972656,450.276611328125,257.0404968261719,90.04890441894531,159.09600830078125,158.04847717285156,540.3424682617188,256.030029296875,67.27678680419922,110.72120666503906,130.511962890625
2024-08-13,36.73966598510742,319.7872009277344,95.98177337646484,855.4136352539062,131.19952392578125,472.324951171875,332.973876953125,199.55543518066406,64.68290710449219,227.04318237304688,453.90301513671875,257.8512878417969,91.82442474365234,159.97769165039062,158.50328063964844,548.8975830078125,256.2664489746094,66.71859741210938,109.66050720214844,132.39797973632812
2024-08-14,37.07400894165039,321.8824768066406,97.4989242553711,853.32666015625,131.67279052734375,478.81549072265625,338.2908630371094,201.76272583007812,64.79629516601562,228.43702697753906,454.69354248046875,258.652587890625,94.41654205322266,161.2213897705078,159.93399047851562,554.087890625,257.261474609375,67.23763275146484,110.67467498779297,132.08045959472656
2024-08-15,37.28416442871094,323.6125183105469,96.79283142089844,867.8073120117188,133.6114501953125,479.1226806640625,342.4854736328125,203.01988220214844,64.86243438720703,230.76329040527344,463.1419372558594,262.2011413574219,95.55590057373047,160.11692810058594,159.10018920898438,554.030517578125,262.83734130859375,71.66397857666016,111.35938262939453,132.6096954345703
2024-08-16,37.58029556274414,329.0140380859375,97.31763458251953,861.120849609375,134.03921508789062,484.1537780761719,344.3782958984375,205.34231567382812,65.36316680908203,231.81109619140625,463.3099365234375,265.654296875,96.31549835205078,160.20973205566406,159.07177734375,552.1856689453125,263.4087219238281,72.13340759277344,110.8341293334961,132.2151641845703
2024-08-19,37.895530700683594,329.0236511230469,97.18404388427734,862.8616943359375,135.13442993164062,484.5570068359375,345.3390197753906,206.76263427734375,65.17420959472656,233.7913360595703,461.4324951171875,274.2967224121094,96.6098403930664,161.323486328125,159.57394409179688,553.2372436523438,262.5122375488281,72.39856719970703,111.17178344726562,131.53195190429688
2024-08-20,36.95936965942383,329.28314208984375,98.33861541748047,866.6698608398438,133.16490173339844,477.50970458984375,349.3338317871094,205.87013244628906,65.55215454101562,231.0228729248047,463.5469970703125,272.4652404785156,95.68882751464844,163.20755004882812,161.4594268798828,555.0247192382812,264.0589599609375,73.20387268066406,107.46700286865234,131.78213500976562
2024-08-21,37.016693115234375,329.0909118652344,98.7298355102539,871.8329467773438,133.74472045898438,476.66473388671875,352.3680725097656,205.94691467285156,65.7316665649414,232.98385620117188,462.4403991699219,276.3571472167969,95.60338592529297,162.61354064941406,161.22254943847656,552.55859375,264.2165832519531,73.89131927490234,106.78231811523438,132.5519561767578
2024-08-22,37.484771728515625,333.0027160644531,99.18783569335938,868.0149536132812,134.1220703125,477.9032897949219,347.51708984375,207.89505004882812,65.5049057006836,231.00363159179688,463.2506408691406,275.88018798828125,95.47994232177734,163.10545349121094,161.2130584716797,553.1798706054688,263.96044921875,74.22523498535156,107.60768127441406,131.59930419921875
2024-08-23,37.99106216430664,340.23040771484375,99.43592834472656,869.6471557617188,135.8614959716797,489.1080017089844,357.24755859375,209.50730895996094,65.93952941894531,240.38565063476562,460.8988952636719,276.1759338378906,96.74275207519531,163.22608947753906,160.2845458984375,558.7142333984375,263.4678955078125,74.34306335449219,109.09896850585938,130.4061279296875
2024-08-26,38.13434982299805,340.182373046875,100.2756118774414,882.8024291992188,136.67140197753906,487.6197509765625,355.83978271484375,210.33265686035156,66.93159484863281,240.79901123046875,463.0727844238281,275.37457275390625,97.16053009033203,163.3189239501953,161.40255737304688,561.2186279296875,264.2264404296875,74.66716766357422,111.43439483642578,129.8576202392578
2024-08-27,37.895530700683594,340.13433837890625,101.06758880615234,899.01416015625,135.24488830566406,487.0340881347656,354.9552001953125,211.3018798828125,67.55518341064453,238.9437713623047,469.3473205566406,276.2904052734375,96.92316436767578,162.6970672607422,160.36033630371094,561.4290161132812,266.69915771484375,74.76537322998047,110.37455749511719,130.0703887939453
2024-08-28,38.16301727294922,344.01727294921875,100.94355010986328,878.3909912109375,134.3705596923828,483.26080322265625,354.4891662597656,212.3671417236328,67.79138946533203,239.29945373535156,466.19525146484375,273.81976318359375,97.03710174560547,161.41629028320312,160.18031311035156,562.5664672851562,265.1918640136719,74.71626281738281,109.28654479980469,131.1824951171875
2024-08-29,38.3731689453125,347.025634765625,100.96263122558594,876.9863891601562,135.67742919921875,489.7608947753906,351.25469970703125,213.25006103515625,68.07484436035156,237.2134552001953,475.0882873535156,274.59234619140625,97.41688537597656,159.71783447265625,161.099365234375,565.4627685546875,270.2456970214844,75.05017852783203,110.79661560058594,130.79566955566406
2024-08-30,38.92723083496094,347.7464904785156,101.62102508544922,882.673828125,136.1652069091797,492.80316162109375,352.6327209472656,215.73562622070312,68.47167205810547,238.87646484375,477.5981750488281,275.3555908203125,98.37586975097656,160.4510498046875,162.53004455566406,564.1531372070312,272.26519775390625,75.84565734863281,110.61841583251953,130.47654724121094
2024-09-03,38.879459381103516,351.2738342285156,102.8423843383789,869.0140991210938,133.1372833251953,470.7924499511719,349.03460693359375,211.4170684814453,68.98188018798828,235.95420837402344,476.3926086425781,273.94512939453125,94.2551040649414,164.77603149414062,165.35353088378906,572.2589111328125,274.40301513671875,75.78672790527344,108.30174255371094,129.083984375
2024-09-04,38.688411712646484,353.7438049316406,103.78701782226562,880.3394775390625,130.75360107421875,473.8636779785156,348.9676208496094,210.48617553710938,68.55670166015625,235.944580078125,477.4005126953125,276.3533935546875,95.09066009521484,165.6855926513672,166.66104125976562,577.5162353515625,276.3240051269531,75.85546875,106.9792709350586,130.3701629638672
2024-09-05,38.34450912475586,342.6289978027344,103.55802154541016,876.3433227539062,129.70437622070312,471.19805908203125,346.26904296875,208.85475158691406,67.2433853149414,234.65646362304688,471.6891784667969,276.29583740234375,94.53045654296875,166.4095001220703,166.253662109375,569.2097778320312,274.4818115234375,75.58050537109375,106.14453125,130.0703887939453
2024-09-06,37.267635345458984,341.0563049316406,102.91870880126953,867.14453125,127.5231704711914,463.2108154296875,344.5465087890625,203.89321899414062,67.21504974365234,234.36810302734375,470.4638671875,277.7734069824219,91.71050262451172,165.84371948242188,166.36734008789062,570.538330078125,275.2206726074219,75.2662353515625,105.64742279052734,129.46112060546875
2024-09-09,37.95030212402344,345.0313415527344,102.20307159423828,886.7391357421875,129.1245880126953,471.8644714355469,349.7810363769531,208.0677947998047,67.88587188720703,235.25245666503906,481.3035888671875,279.4812316894531,93.22018432617188,166.6386260986328,166.81263732910156,567.8810424804688,281.3680114746094,75.95368194580078,107.87030792236328,128.658447265625
2024-09-10,37.76761245727539,345.504150390625,101.9454345703125,884.5630493164062,127.21945190429688,451.15753173828125,354.900634765625,197.27142333984375,67.60243225097656,237.7998504638672,482.22259521484375,279.4620666503906,91.73898315429688,166.2832489013672,168.45179748535156,572.593505859375,281.1020202636719,77.39732360839844,103.9404067993164,128.51339721679688
2024-09-11,37.49839782714844,345.1954040527344,101.26795959472656,890.6067504882812,126.89736938476562,455.0594482421875,354.5369873046875,198.87408447265625,67.15835571289062,237.7998504638672,482.3806457519531,278.4642333984375,92.12825775146484,164.3848419189453,164.78506469726562,563.7230834960938,279.74249267578125,77.42679595947266,102.90870666503906,129.61585998535156
2024-09-12,37.286865234375,349.4310302734375,101.46834564208984,905.0774536132812,128.1214141845703,457.8505859375,358.3074035644531,198.2694854736328,67.30007934570312,242.2889862060547,486.2639465332031,280.4982604980469,91.75796508789062,165.7595672607422,164.3586883544922,562.4517822265625,281.1316223144531,78.23209381103516,104.32495880126953,129.0162811279297
2024-09-13,37.161869049072266,351.8913269042969,100.88629913330078,906.036865234375,129.40988159179688,462.6120300292969,363.6279296875,196.08143615722656,67.93270874023438,245.5188751220703,487.49908447265625,284.5088195800781,93.2866439819336,165.8624267578125,164.9366455078125,568.0913696289062,283.08221435546875,79.15524291992188,104.24993133544922,129.2483673095703
2024-09-16,37.59455490112305,353.9464111328125,100.60004425048828,897.995361328125,130.77198791503906,468.571044921875,365.5609130859375,199.4786834716797,68.58909606933594,246.70123291015625,491.7973937988281,284.6623229980469,95.03368377685547,165.72215270996094,167.9307098388672,565.1369018554688,286.1656188964844,79.11595916748047,105.71308898925781,130.12840270996094
2024-09-17,38.0272216796875,343.6999206542969,99.7698974609375,887.5106811523438,131.9868621826172,468.7932434082031,366.7379455566406,200.8126220703125,68.30370330810547,246.77813720703125,495.0384826660156,281.8414611816406,94.79631042480469,165.4041748046875,166.64210510253906,554.412353515625,287.2296447753906,77.19109344482422,107.0918197631836,127.99118041992188
2024-09-18,38.09452438354492,342.8895263671875,98.453125,882.8123168945312,132.4930419921875,468.0108642578125,367.474853515625,199.16200256347656,68.25614166259766,246.69161987304688,488.88250732421875,280.19122314453125,94.28359985351562,163.851806640625,164.78506469726562,556.9927978515625,284.1953430175781,77.61339569091797,107.46700286865234,126.29883575439453
2024-09-19,39.29639434814453,344.6936950683594,97.33671569824219,890.9429931640625,133.44100952148438,486.6026306152344,373.5323181152344,201.9930419921875,67.18116760253906,250.89234924316406,487.1532287597656,281.9375,95.64136505126953,163.33743286132812,162.53004455566406,553.55859375,281.00347900390625,76.64112854003906,108.79884338378906,126.7726821899414
2024-09-20,38.7194938659668,343.61309814453125,98.33861541748047,897.114990234375,134.0760498046875,481.3873291015625,373.07293701171875,202.5784454345703,68.1514892578125,250.065673828125,486.8864440917969,284.7966003417969,97.29344940185547,160.0830535888672,165.0692901611328,551.5729370117188,280.54046630859375,77.6428451538086,108.11415100097656,125.4381332397461
2024-09-23,38.33489227294922,342.4553527832031,98.57716369628906,907.105224609375,135.7878875732422,480.4021911621094,375.0824890136719,202.91433715820312,68.23712158203125,252.13246154785156,491.2342224121094,286.93621826171875,97.29344940185547,160.9527587890625,164.64292907714844,550.0477294921875,284.3431701660156,78.89009094238281,110.07441711425781,126.07638549804688
2024-09-24,37.931068420410156,340.74755859375,99.0351791381836,891.7342529296875,135.70504760742188,480.9913635253906,383.40789794921875,203.0582733154297,67.85659790039062,255.7372589111328,481.61981201171875,288.09716796875,97.39789581298828,158.90472412109375,164.14077758789062,551.7551879882812,268.72857666015625,79.22399139404297,109.78366088867188,129.3934326171875
2024-09-25,37.73876953125,336.58917236328125,98.99700164794922,898.5393676757812,132.5022735595703,474.3466491699219,379.8385009765625,201.71473693847656,67.97074127197266,254.70860290527344,483.6356201171875,288.2890930175781,97.17002868652344,158.41844177246094,163.2122344970703,552.8295288085938,265.6253356933594,79.94091796875,107.64519500732422,128.70681762695312
2024-09-26,37.99837112426758,332.85528564453125,98.33861541748047,891.6353149414062,130.67996215820312,479.928955078125,379.6184387207031,201.32125854492188,67.92317962646484,255.3238067626953,485.43389892578125,291.34014892578125,99.31585693359375,158.6896514892578,164.11236572265625,551.3907470703125,267.6547546386719,78.4874267578125,105.79750061035156,133.52279663085938
2024-09-27,37.88299560546875,335.469970703125,98.91112518310547,875.9874267578125,133.9011993408203,481.4645690917969,382.32659912109375,202.01223754882812,68.29417419433594,256.79461669921875,487.77581787109375,291.3785400390625,98.8506088256836,158.97955322265625,164.43447875976562,558.143798828125,271.0830993652344,78.34994506835938,108.63002014160156,135.31190490722656
2024-09-30,38.15221405029297,334.2542724609375,99.05426025390625,876.8776245117188,135.5393829345703,478.18084716796875,387.7524108886719,202.3577117919922,68.36077880859375,260.3609313964844,487.933837890625,292.165283203125,98.97402954101562,159.0263214111328,164.10287475585938,560.8585815429688,270.8663330078125,79.30255889892578,109.94309997558594,135.1088104248047
2024-10-01,37.70992660522461,335.8462219238281,97.64205169677734,867.8369750976562,137.77581787109375,473.4097595214844,391.4366455078125,198.69171142578125,68.21808624267578,262.0816345214844,490.4832458496094,290.6972961425781,99.14494323730469,160.27008056640625,163.95126342773438,559.5348510742188,273.4769592285156,79.813232421875,112.48487854003906,134.65428161621094
2024-10-02,37.71953582763672,328.7257995605469,97.3844223022461,868.9745483398438,138.92625427246094,475.16748046875,393.551513671875,198.93167114257812,67.55217742919922,261.331787109375,489.682861328125,291.4457092285156,99.23989868164062,158.5587158203125,162.8900909423828,568.1776123046875,272.8858642578125,78.98828887939453,113.97615814208984,134.94439697265625
2024-10-03,37.73876953125,328.58111572265625,95.39018249511719,866.1455688476562,139.20237731933594,469.4789123535156,393.857666015625,196.9547119140625,67.0860366821289,259.7456970214844,489.0899658203125,291.1482849121094,99.28736877441406,157.60484313964844,161.1846160888672,568.5997924804688,272.7479553222656,78.98828887939453,114.97037506103516,132.69114685058594
2024-10-04,38.5656623840332,329.6809997558594,94.50276947021484,873.504638671875,138.73301696777344,478.2291259765625,390.7763366699219,203.9453582763672,66.7530746459961,257.3906555175781,491.78759765625,291.4457092285156,102.4301528930664,157.08114624023438,160.00978088378906,567.1129150390625,273.80206298828125,79.48916625976562,117.0806884765625,132.07220458984375
2024-10-07,38.42143630981445,328.30126953125,94.0543212890625,864.0881958007812,139.0827178955078,477.7076110839844,390.4892578125,203.6653594970703,65.64956665039062,258.140380859375,485.46356201171875,288.6536560058594,102.2022933959961,156.3704071044922,158.3422088623047,559.7841796875,269.72357177734375,77.68212890625,117.58716583251953,131.4049530029297
2024-10-08,38.39259338378906,331.8325500488281,95.97222900390625,880.7351684570312,136.90150451660156,479.5909423828125,396.3457336425781,203.49154663085938,65.811279296875,262.6872253417969,491.1551208496094,289.66107177734375,102.05985260009766,159.372314453125,159.32757568359375,557.8848876953125,270.87615966796875,78.28121948242188,114.46387481689453,130.2831268310547
2024-10-09,38.642578125,334.5244445800781,96.37298583984375,899.2119750976562,137.7298126220703,487.906494140625,398.15435791015625,206.069580078125,66.18228912353516,266.44580078125,494.6676330566406,291.5128479003906,103.53155517578125,161.35487365722656,160.37930297851562,567.132080078125,272.8169250488281,78.9588394165039,114.51078033447266,130.32180786132812
2024-10-10,38.43104934692383,338.1714782714844,94.69361877441406,883.9102783203125,138.62254333496094,486.4964599609375,392.3074645996094,205.50958251953125,65.87787628173828,262.6295166015625,492.7580261230469,291.71435546875,102.62004852294922,161.7757110595703,160.07608032226562,573.3480834960938,273.3489074707031,78.18299865722656,115.49559783935547,128.88088989257812
2024-10-11,40.334815979003906,337.9784851074219,95.51422119140625,879.3602294921875,139.35882568359375,498.6463317871094,394.1639099121094,214.6341094970703,66.18228912353516,265.0807800292969,496.9532470703125,292.6737976074219,104.87982177734375,163.4777374267578,162.1036834716797,573.683837890625,273.71337890625,78.66421508789062,115.9364242553711,129.606201171875
2024-10-14,40.296356201171875,339.08807373046875,96.1153564453125,880.0823974609375,139.69015502929688,504.8757019042969,397.5323181152344,213.85202026367188,66.91480255126953,269.8583068847656,501.30670166015625,297.2792053222656,106.60787963867188,164.68411254882812,163.44912719726562,580.734375,276.51116943359375,78.85081481933594,116.37725067138672,130.21542358398438
2024-10-15,40.51750183105469,336.5698547363281,96.89781188964844,884.879638671875,135.96275329589844,504.5184631347656,397.68548583984375,214.73065185546875,66.91480255126953,270.91571044921875,501.8707275390625,300.6373291015625,106.5509033203125,164.4970703125,164.45346069335938,533.625244140625,275.1418762207031,80.1864242553711,112.87879943847656,128.83255004882812
2024-10-16,41.15208435058594,345.96722412109375,96.55429077148438,877.7282104492188,136.88311767578125,511.7426452636719,400.5849609375,215.9376220703125,67.13360595703125,273.04974365234375,508.63848876953125,300.2344055175781,113.47264099121094,163.16909790039062,163.32594299316406,548.0620727539062,283.24957275390625,79.7641372680664,113.16957092285156,128.95826721191406
2024-10-17,40.95978546142578,340.6993408203125,95.92451477050781,875.6609497070312,139.15634155273438,510.9119873046875,397.7046203613281,216.69073486328125,66.49623107910156,270.41583251953125,508.3317565917969,301.94219970703125,113.40618133544922,163.3468017578125,163.231201171875,542.9684448242188,286.07708740234375,79.4400405883789,112.87879943847656,129.32571411132812
2024-10-18,40.6905632019043,324.1814880371094,96.33687591552734,879.884521484375,138.7421875,510.4291687011719,397.1304626464844,217.6080322265625,67.00994110107422,270.7331237792969,510.884521484375,303.726806640625,114.94432830810547,163.71151733398438,163.2378692626953,546.4024658203125,286.3035583496094,79.8525161743164,112.55990600585938,129.84793090820312
2024-10-21,40.15212631225586,308.9662170410156,95.28202056884766,877.1249389648438,138.86184692382812,500.09503173828125,388.9007263183594,215.31964111328125,66.0681381225586,266.1189270019531,509.568603515625,302.1245422363281,112.30477905273438,163.66473388671875,161.57955932617188,548.186767578125,282.5895690917969,79.36148071289062,112.62556457519531,129.5868377685547
2024-10-22,40.67133712768555,306.2936096191406,95.57929992675781,883.7717895507812,138.8986358642578,500.577880859375,384.5466613769531,216.4010772705078,66.0681381225586,261.6778869628906,507.59954833984375,301.9325866699219,112.34275817871094,163.06622314453125,161.7320556640625,546.6422729492188,280.5602111816406,80.54978942871094,113.20707702636719,128.96792602539062
2024-10-23,40.70979690551758,306.3997802734375,94.91761016845703,889.3900146484375,138.49371337890625,499.5154724121094,382.4318542480469,215.71554565429688,64.69825744628906,260.7510986328125,508.302001953125,286.466064453125,112.30477905273438,161.73828125,161.61767578125,541.6350708007812,279.5455017089844,81.77737426757812,112.80376434326172,129.606201171875
2024-10-24,41.00786590576172,307.0461730957031,95.64641571044922,883.7025146484375,138.46609497070312,506.56591796875,385.3409118652344,217.2314453125,64.0228271484375,261.9577941894531,505.2248840332031,289.3540954589844,113.14981842041016,160.99954223632812,161.65579223632812,537.9609985351562,279.01348876953125,81.55149841308594,112.16597747802734,128.77450561523438
2024-10-25,40.277122497558594,305.7051086425781,91.68592834472656,881.5264892578125,138.7974090576172,495.0727844238281,381.7333068847656,214.65342712402344,63.66134262084961,258.36676025390625,501.9992980957031,280.7476806640625,110.97550201416016,160.6534881591797,160.32156372070312,541.5582275390625,277.5456237792969,81.03101348876953,112.07218170166016,128.658447265625
2024-10-28,40.97901916503906,303.8429870605469,91.81059265136719,881.2693481445312,138.54891967773438,505.6773986816406,385.5418701171875,217.73353576660156,63.42350387573242,258.68524169921875,502.84039306640625,284.75830078125,113.11183166503906,158.8299102783203,161.350830078125,542.2105712890625,279.9691162109375,81.2667007446289,111.51881408691406,130.4185333251953
2024-10-29,40.89248275756836,297.3882751464844,90.83245849609375,877.342529296875,136.6898193359375,506.35345458984375,378.0586242675781,215.2230987548828,62.3675651550293,253.8585205078125,500.9307556152344,283.04083251953125,113.27323913574219,156.6416015625,159.32086181640625,539.2272338867188,277.6933898925781,80.23553466796875,109.99938201904297,129.55783081054688
2024-10-30,40.68095779418945,301.8843994140625,90.77493286132812,869.5284423828125,136.25723266601562,506.4693908691406,375.6183776855469,216.68109130859375,62.71002960205078,252.3332977294922,508.26239013671875,279.7018737792969,111.96295166015625,155.43524169921875,158.35829162597656,540.0235595703125,285.8504638671875,79.93108367919922,109.44601440429688,128.99693298339844
2024-10-31,40.20981979370117,303.7368469238281,89.8639144897461,864.671875,136.96592712402344,500.08526611328125,376.7954406738281,214.27682495117188,62.12972640991211,252.7580108642578,494.31146240234375,280.2679748535156,111.25,155.31365966796875,157.4242706298828,541.5007934570312,285.5450744628906,80.48104858398438,109.5304183959961,126.84040069580078
2024-11-01,40.15212631225586,305.35772705078125,89.49951171875,868.9208374023438,140.8773956298828,501.5920104980469,375.6854248046875,215.26171875,61.8443489074707,252.86419677734375,502.7117919921875,283.2423400878906,111.8241958618164,154.8554229736328,157.34803771972656,544.4360961914062,286.4217834472656,80.71674346923828,107.81401824951172,127.98149108886719
2024-11-04,39.73868942260742,301.33441162109375,89.76801300048828,877.596923828125,141.7056884765625,493.9814453125,378.5370788574219,212.2105255126953,61.93947219848633,255.7988739013672,500.2381896972656,280.9779968261719,111.14472961425781,155.55679321289062,157.32896423339844,535.0450439453125,287.51531982421875,80.97209167480469,111.24681091308594,128.38766479492188
2024-11-05,40.26750946044922,307.1909484863281,90.39134216308594,881.6578369140625,141.1903076171875,508.94171142578125,382.8624267578125,213.86167907714844,62.18682098388672,259.8533935546875,500.2183532714844,285.2667541503906,112.74290466308594,156.96890258789062,157.97705078125,543.9276123046875,288.9339294433594,82.18003845214844,111.57508850097656,130.2831268310547
2024-11-06,43.661590576171875,304.13238525390625,86.51715087890625,890.6510009765625,145.156982421875,575.6018676757812,371.6470947265625,238.55099487304688,60.59813690185547,252.66148376464844,515.623779296875,282.0813903808594,125.83451843261719,154.03248596191406,153.48818969726562,572.3792114257812,302.8343811035156,81.9443359375,113.48845672607422,129.9446563720703
2024-11-07,43.04623794555664,308.252197265625,87.0445785522461,905.190673828125,144.28268432617188,562.2640991210938,382.24041748046875,228.2388458251953,60.56008529663086,257.0730895996094,512.408203125,282.714599609375,122.91570281982422,153.36851501464844,155.7373809814453,580.7824096679688,301.2580871582031,82.34697723388672,113.62913513183594,132.5460662841797
2024-11-08,43.39237976074219,308.52239990234375,88.77070617675781,934.7749633789062,144.429931640625,569.1116333007812,388.4222717285156,228.8181610107422,60.80741882324219,261.70684814453125,519.2155151367188,286.8498840332031,123.95883178710938,154.40655517578125,159.83551025390625,590.72021484375,303.2973937988281,83.3094253540039,113.59162902832031,132.69114685058594
2024-11-11,44.30580520629883,330.99322509765625,88.18572998046875,923.95947265625,144.03419494628906,581.7444458007812,390.7093811035156,231.04861450195312,60.27469253540039,264.9986877441406,524.5189208984375,289.30609130859375,127.7772216796875,153.6116180419922,158.234375,599.775634765625,306.3020935058594,82.7005386352539,112.99134063720703,132.1205291748047
2024-11-12,44.094268798828125,327.91534423828125,87.74461364746094,923.4642333984375,142.92054748535156,572.3277587890625,385.7236633300781,231.30931091308594,60.12247848510742,260.5484313964844,523.5789794921875,286.5428771972656,126.6192398071289,153.68646240234375,158.05328369140625,589.626708984375,305.8283386230469,83.46656036376953,112.87879943847656,130.1767578125
2024-11-13,44.1038818359375,320.36077880859375,87.3322525024414,924.8013305664062,146.07736206054688,573.9020385742188,392.52752685546875,232.8542022705078,59.93221664428711,262.88458251953125,516.365966796875,285.29559326171875,127.04988861083984,154.06051635742188,158.75852966308594,581.1851806640625,305.463134765625,83.96742248535156,113.92928314208984,130.80532836914062
2024-11-14,44.132728576660156,312.4878234863281,87.69666290283203,915.0553588867188,148.91201782226562,568.48388671875,388.25,233.5397491455078,59.50413131713867,260.98284912109375,514.901611328125,286.4565124511719,126.73410034179688,154.44395446777344,159.2350616455078,568.9834594726562,304.2491149902344,82.95588684082031,114.00492095947266,132.23660278320312
2024-11-15,44.95000457763672,310.2107849121094,89.72006225585938,898.396240234375,148.5623016357422,573.2452392578125,390.6041259765625,236.86123657226562,58.73358154296875,260.06573486328125,516.3758544921875,280.76690673828125,128.29397583007812,148.33726501464844,161.57955932617188,568.1010131835938,305.62103271484375,82.73982238769531,112.82288360595703,129.19032287597656
2024-11-18,44.92116165161133,311.1081237792969,90.736572265625,910.7172241210938,149.464111328125,567.8850708007812,392.76678466796875,236.59092712402344,58.84773254394531,262.3536071777344,516.1185302734375,279.2989501953125,128.02603149414062,148.06605529785156,162.73277282714844,565.6260986328125,308.10833740234375,82.57286071777344,113.76852416992188,129.5965118408203
2024-11-19,44.62309265136719,311.1564025878906,89.76801300048828,921.2554931640625,148.38565063476562,561.5010375976562,389.28350830078125,234.71771240234375,59.54219055175781,250.277099609375,513.9714965820312,278.9439697265625,126.55226135253906,146.56044006347656,162.74227905273438,553.4915161132812,307.8023376464844,85.0477066040039,112.17984771728516,127.7881088256836
2024-11-20,44.28657150268555,312.0151062011719,90.05570983886719,919.2052612304688,149.9940948486328,562.0322265625,382.7763366699219,232.4873046875,59.92271423339844,253.91647338867188,507.1246032714844,279.1166687011719,126.02592468261719,148.44949340820312,162.8661651611328,576.0339965820312,303.4002380371094,85.6173095703125,113.77796936035156,128.50375366210938
2024-11-21,44.671165466308594,318.4600524902344,90.38174438476562,946.5115966796875,150.27301025390625,575.727294921875,392.7763671875,236.33021545410156,60.65522003173828,256.03057861328125,509.657470703125,276.77557373046875,129.1840057373047,149.9457550048828,164.6388397216797,573.1466064453125,305.877685546875,86.80561065673828,115.30043029785156,129.7996063232422
2024-11-22,45.190372467041016,316.8970642089844,91.02424621582031,954.791748046875,150.9517059326172,582.1693725585938,401.9151306152344,239.98968505859375,60.80741882324219,255.50924682617188,515.3567504882812,278.51220703125,128.8968963623047,151.49815368652344,168.0030975341797,566.7962646484375,305.8974304199219,88.81887817382812,115.16803741455078,130.8150177001953
2024-11-25,45.67112350463867,321.296630859375,91.42700958251953,951.7015991210938,149.09222412109375,582.4107666015625,410.2118225097656,241.6697540283203,61.245018005371094,265.7806396484375,521.0361328125,284.1825866699219,127.91120910644531,152.48008728027344,169.0609893798828,581.1469116210938,309.1249694824219,87.89571380615234,113.44700622558594,132.53640747070312
2024-11-26,45.9114990234375,323.2166748046875,92.61611938476562,962.2101440429688,151.10975646972656,584.79638671875,411.02520751953125,241.36077880859375,61.40674591064453,264.9600524902344,522.896240234375,284.31689453125,125.63356018066406,151.64779663085938,170.89080810546875,582.0677490234375,307.7727355957031,89.67326354980469,111.55574798583984,134.06436157226562
2024-11-27,45.930728912353516,324.6639099121094,92.78872680664062,952.3553466796875,150.7192840576172,584.7286987304688,410.9482727050781,241.1869659423828,61.2925910949707,263.7243957519531,526.7549438476562,283.1175842285156,125.56656646728516,152.17147827148438,170.93850708007812,583.5929565429688,310.6153564453125,90.2330551147461,111.26260375976562,134.7412872314453
2024-11-29,45.68074035644531,325.918212890625,92.6640625,962.5864868164062,150.5519256591797,587.7613525390625,412.81451416015625,241.11940002441406,61.42198944091797,262.9907531738281,527.3091430664062,284.0098571777344,125.9493637084961,152.8541717529297,170.84317016601562,585.3388061523438,310.99041748046875,90.84194946289062,111.54630279541016,134.36415100097656
2024-12-02,45.22883987426758,325.2042236328125,93.1243667602539,965.6766967773438,150.812255859375,584.0149536132812,410.7269592285156,237.76889038085938,61.00982666015625,262.6238708496094,525.745849609375,282.2724914550781,125.39430236816406,152.48008728027344,171.26251220703125,583.727294921875,312.5400390625,90.97943878173828,111.4422607421875,135.10269165039062
2024-12-03,45.01730728149414,323.1202087402344,90.72697448730469,972.75830078125,150.54263305664062,584.3739624023438,413.0261535644531,236.38816833496094,60.88521957397461,264.8828125,520.6204833984375,284.2608642578125,124.82968139648438,151.2176055908203,167.18348693847656,580.5712890625,308.947265625,91.83383178710938,111.27205657958984,133.82969665527344
2024-12-04,44.584632873535156,319.84539794921875,90.91876983642578,981.4443969726562,147.19557189941406,581.1030883789062,411.6505126953125,235.0170440673828,59.629554748535156,262.8363037109375,515.6337890625,284.8303527832031,124.39906311035156,149.79612731933594,166.8880615234375,585.9046630859375,305.877685546875,92.75698852539062,108.06637573242188,134.2572784423828
2024-12-05,45.190372467041016,312.56915283203125,91.19685363769531,972.8671875,148.13462829589844,579.249267578125,410.322998046875,237.02540588378906,60.31010437011719,260.7125549316406,519.2254638671875,289.0580139160156,124.7148666381836,150.08604431152344,167.76483154296875,555.3811645507812,305.0682678222656,93.59175872802734,108.5391845703125,134.2281036376953
2024-12-06,45.20004653930664,307.91851806640625,90.3625717163086,983.1182250976562,144.3319854736328,582.0445556640625,414.9693298339844,238.84066772460938,59.936275482177734,263.9560546875,522.9852905273438,288.5850830078125,124.3703384399414,148.8175048828125,165.6586151123047,527.22705078125,306.9732666015625,93.98458099365234,107.39498901367188,133.7422332763672
2024-12-09,44.38789367675781,309.2168273925781,89.12551879882812,978.4136352539062,146.042724609375,576.6480712890625,412.8626403808594,235.41293334960938,60.00337600708008,264.651123046875,517.2960815429688,290.8919982910156,123.0496826171875,150.40199279785156,162.77085876464844,539.8413696289062,304.2984619140625,92.14810180664062,106.76140594482422,135.15127563476562
2024-12-10,44.23320007324219,301.678955078125,90.0365219116211,983.9007568359375,145.9683380126953,567.8253784179688,406.52313232421875,234.49566650390625,60.30051803588867,260.7510986328125,523.4205322265625,290.2549133300781,121.33667755126953,150.75094604492188,164.19091796875,544.2420043945312,308.32550048828125,92.85519409179688,106.54391479492188,134.31558227539062
2024-12-11,44.55226135253906,284.878662109375,88.9529037475586,985.1783447265625,145.23382568359375,575.1339721679688,405.35919189453125,235.142578125,60.041717529296875,258.61767578125,528.80322265625,285.8052062988281,122.10224914550781,147.85552978515625,162.618408203125,513.7554931640625,309.7171630859375,93.25784301757812,105.83470153808594,134.62652587890625
2024-12-12,44.55226135253906,274.1531982421875,89.72006225585938,978.9385986328125,143.8392333984375,574.2118530273438,398.66375732421875,233.21145629882812,61.19194412231445,254.3701934814453,526.7846069335938,286.3168029785156,122.40851593017578,149.86439514160156,162.82806396484375,496.6441650390625,310.1514587402344,92.4034194946289,105.74012756347656,134.7237091064453
2024-12-13,44.155853271484375,273.08740234375,89.60498809814453,979.8894653320312,143.05824279785156,568.2621459960938,401.12646484375,231.6762237548828,60.50180435180664,253.29864501953125,523.4107666015625,286.2878112792969,121.9204330444336,148.98728942871094,163.02818298339844,501.1892395019531,310.65484619140625,92.7656478881836,104.81340789794922,133.13002014160156
2024-12-16,43.96247863769531,264.755126953125,89.10633087158203,983.3758544921875,138.8651580810547,569.087158203125,395.0948486328125,231.32862854003906,59.955448150634766,251.08795166015625,524.7069702148438,287.3592224121094,123.48033142089844,147.14816284179688,163.10443115234375,480.0238952636719,311.7898864746094,93.3758773803711,102.57228088378906,131.23512268066406
2024-12-17,43.5564079284668,257.3238525390625,89.65293884277344,972.6888427734375,137.70297241210938,557.7797241210938,392.9399719238281,230.150634765625,60.77019500732422,248.81939697265625,525.3994140625,285.7859191894531,122.24581146240234,147.26133728027344,162.3324737548828,467.5249328613281,314.1686096191406,93.91722869873047,102.13729858398438,130.9241485595703
2024-12-18,42.057796478271484,273.6203308105469,88.94331359863281,955.5147094726562,133.95616149902344,534.0682373046875,378.84698486328125,222.43580627441406,60.24300765991211,241.1544952392578,514.4662475585938,280.7666931152344,115.833984375,145.64857482910156,161.1411590576172,481.1986389160156,305.7592468261719,92.07667541503906,100.63374328613281,127.74652862548828
2024-12-19,41.9417724609375,266.24713134765625,89.10633087158203,945.6697387695312,131.23202514648438,537.6981811523438,370.38153076171875,224.93661499023438,59.85960388183594,236.04779052734375,517.7510986328125,280.13934326171875,115.31721496582031,142.8568878173828,161.2460174560547,471.1166687011719,310.79302978515625,91.92903137207031,99.77320861816406,126.67759704589844
2024-12-20,42.70558166503906,268.30120849609375,88.25285339355469,944.9468383789062,132.8125762939453,549.4520874023438,377.6733703613281,229.4168243408203,59.955448150634766,239.1369171142578,522.4510498046875,282.5041198730469,118.1307601928711,144.10183715820312,160.16905212402344,481.5934753417969,313.5863037109375,90.78729248046875,100.11365509033203,128.62109375
2024-12-23,42.43486404418945,272.8645935058594,88.13778686523438,940.8264770507812,132.92416381835938,553.9944458007812,377.5290832519531,230.17959594726562,59.792503356933594,238.79904174804688,523.3711547851562,281.1624450683594,119.0973129272461,142.68711853027344,160.2167205810547,487.57330322265625,313.1026306152344,88.92707824707031,100.520263671875,130.0787353515625
2024-12-24,42.90861892700195,271.34344482421875,88.59807586669922,949.6513061523438,133.7330322265625,565.6512451171875,381.0788269042969,233.964599609375,60.23341751098633,241.55027770996094,530.0498046875,283.7685241699219,121.59506225585938,144.1206817626953,161.0077362060547,487.3421630859375,316.4881286621094,91.22037506103516,100.61481475830078,131.1865234375
2024-12-26,43.07297897338867,272.8161315917969,88.57891845703125,946.9970092773438,133.86318969726562,564.1370239257812,380.1167907714844,234.76600646972656,59.9746208190918,240.7876434326172,530.4852294921875,284.5503845214844,122.52333068847656,143.77174377441406,162.17047119140625,492.2049865722656,316.7447814941406,91.3286361694336,100.69993591308594,132.1582794189453
2024-12-27,42.86994171142578,270.0354919433594,88.04190063476562,930.7142333984375,133.8817596435547,559.2356567382812,377.9234924316406,232.86386108398438,59.85960388183594,239.73541259765625,526.576904296875,283.4114685058594,121.30797576904297,144.19613647460938,161.5700225830078,491.08795166015625,314.52398681640625,90.2164535522461,100.69048309326172,131.41001892089844
2024-12-30,42.45420455932617,266.5765686035156,87.06376647949219,913.3914794921875,133.0171356201172,556.6829833984375,374.6239013671875,231.0775909423828,59.45701599121094,238.18121337890625,519.9971923828125,279.5312194824219,120.3414077758789,143.09268188476562,159.24459838867188,488.97918701171875,311.2174072265625,89.14360809326172,100.00963592529297,129.74835205078125
2024-12-31,42.49287796020508,267.54547119140625,87.17882537841797,907.5081787109375,134.66275024414062,555.7803344726562,374.2005920410156,231.4541473388672,59.67747497558594,238.248779296875,521.0064086914062,279.8111572265625,120.31269836425781,143.41336059570312,159.77830505371094,487.11102294921875,311.9379577636719,88.92707824707031,101.7212142944336,130.37025451660156
2025-01-02,42.82160186767578,265.9468078613281,86.83360290527344,901.1100463867188,136.4013671875,558.0612182617188,373.69073486328125,231.73414611816406,59.274898529052734,238.4225616455078,516.8804321289062,282.34002685546875,119.41313171386719,141.66854858398438,158.18670654296875,485.81109619140625,310.3192138671875,88.58256530761719,101.475341796875,129.78720092773438
2025-01-03,43.324363708496094,271.9635314941406,86.45002746582031,907.8153076171875,137.4612579345703,563.0695190429688,374.38336181640625,234.9011993408203,59.18863296508789,239.87057495117188,515.8513793945312,284.5311584472656,120.52323150634766,141.140380859375,157.3766326904297,493.98638916015625,310.8226013183594,89.35028839111328,101.99543762207031,129.6705780029297
2025-01-06,43.894805908203125,270.9559020996094,83.94715118408203,913.88671875,136.91270446777344,566.233642578125,374.566162109375,233.75595092773438,58.287628173828125,241.0869140625,506.5210876464844,282.021484375,123.10710906982422,137.9525909423828,153.059326171875,494.631591796875,308.9768981933594,89.99005889892578,101.88196563720703,126.49295043945312
2025-01-07,44.55226135253906,271.21746826171875,83.80330657958984,912.5595703125,139.07899475097656,563.059814453125,369.62158203125,236.00759887695312,58.31637954711914,238.0267791748047,505.99664306640625,279.2802429199219,121.42279815673828,137.13206481933594,153.72647094726562,495.19012451171875,307.62469482421875,89.37982940673828,102.83704376220703,124.9187240600586
2025-01-08,44.67794418334961,270.6264953613281,83.87042999267578,918.5020751953125,139.7390899658203,562.9627075195312,372.47869873046875,235.96878051757812,59.15028762817383,238.33567810058594,510.94384765625,276.9250793457031,122.36064147949219,138.2072296142578,154.48887634277344,505.0794982910156,308.5426330566406,90.35423278808594,101.11601257324219,124.13159942626953
2025-01-10,43.61442184448242,270.3067626953125,82.81556701660156,927.9805908203125,142.3795623779297,543.5314331054688,375.06646728515625,232.80479431152344,58.536842346191406,239.3106689453125,500.0737609863281,272.4946594238281,118.14032745361328,134.5290069580078,151.1151123046875,501.39141845703125,303.7160949707031,91.53533172607422,100.7472152709961,119.76844024658203
2025-01-13,43.566078186035156,273.65911865234375,83.52520751953125,915.857666015625,144.4342803955078,546.3947143554688,374.38336181640625,237.01695251464844,59.0927848815918,240.04434204101562,500.3114929199219,273.7687683105469,118.65709686279297,136.2832489013672,151.38197326660156,521.0833740234375,302.93634033203125,90.08848571777344,103.34770202636719,120.23489379882812
2025-01-14,44.26219940185547,276.1587829589844,84.07179260253906,908.4590454101562,145.87535095214844,554.722412109375,377.8465270996094,240.18093872070312,59.46660232543945,242.48667907714844,504.384033203125,271.7900390625,119.26000213623047,136.7076416015625,152.2397003173828,523.5870971679688,305.07818603515625,89.36014556884766,103.75431823730469,121.18720245361328
2025-01-15,45.5384407043457,275.7227783203125,84.25401306152344,914.6691284179688,147.20489501953125,588.1010131835938,390.65045166015625,244.91722106933594,59.207801818847656,247.8250732421875,517.5927124023438,272.4849853515625,124.9349594116211,136.5473175048828,152.15394592285156,523.2789306640625,312.1748352050781,89.90147399902344,105.44699096679688,122.21723937988281
2025-01-16,45.093692779541016,272.22509765625,84.92527770996094,910.9549560546875,148.18109130859375,594.9630737304688,393.7672424316406,246.78065490722656,59.66789627075195,249.81370544433594,518.37548828125,270.0140075683594,129.96871948242188,138.2072296142578,152.96401977539062,491.66571044921875,313.13226318359375,89.86209869384766,105.26731872558594,122.6739730834961
2025-01-17,44.98733901977539,275.151123046875,85.04994201660156,934.1708374023438,150.12423706054688,607.5322875976562,393.81536865234375,251.5266571044922,60.10881423950195,252.0146942138672,519.9213256835938,271.18194580078125,131.9401092529297,139.8199920654297,153.564453125,490.8664855957031,315.4714660644531,90.49201965332031,106.21294403076172,121.77995300292969
2025-01-21,45.11302947998047,279.60797119140625,85.0885238647461,938.6674194335938,147.1212158203125,616.0735473632812,402.52130126953125,255.28262329101562,59.830841064453125,255.1907196044922,523.250732421875,272.78424072265625,131.39463806152344,140.10292053222656,154.12673950195312,505.5320739746094,319.42950439453125,91.61408233642578,105.40917205810547,122.14922332763672
2025-01-22,44.271873474121094,280.04400634765625,84.43272399902344,935.6663818359375,145.4197998046875,614.12255859375,394.508056640625,255.09823608398438,59.21738815307617,250.14894104003906,522.3787231445312,271.5680236816406,130.1505584716797,139.6691131591797,157.00494384765625,500.45733642578125,319.3603210449219,91.76171112060547,103.57463836669922,122.65453338623047
2025-01-23,44.85197830200195,285.8087463378906,84.77991485595703,933.1505737304688,145.0478973388672,620.6935424804688,398.6348876953125,258.1166687011719,58.97775650024414,253.36788940429688,529.3544921875,274.54095458984375,131.8731231689453,140.16896057128906,158.34873962402344,510.1349792480469,323.9499816894531,92.33258056640625,104.16094207763672,123.42223358154297
2025-01-24,44.97766876220703,284.5008239746094,84.75096893310547,930.6943969726562,144.7131805419922,618.1699829101562,398.7406921386719,257.0393371582031,59.35157775878906,254.22117614746094,528.6312255859375,275.53515625,131.89227294921875,140.64053344726562,157.36781311035156,512.7733154296875,325.9141845703125,93.26760864257812,102.75193786621094,124.63691711425781
2025-01-27,45.52877426147461,296.204833984375,87.96241760253906,956.0198364257812,146.1821746826172,614.6565551757812,408.7164306640625,258.0196533203125,61.22069549560547,260.2518615722656,542.6524047851562,282.89984130859375,130.7725830078125,145.81834411621094,162.67991638183594,523.3753051757812,330.1978454589844,95.86603546142578,104.17984771728516,127.192626953125
2025-01-28,45.28705978393555,293.3951110839844,86.66046905517578,949.5028076171875,145.23382568359375,619.0435180664062,402.9060974121094,259.2715759277344,59.773338317871094,256.3638916015625,542.3748779296875,281.02734375,132.581298828125,141.70626831054688,159.3526611328125,522.3738403320312,330.1386413574219,95.75776672363281,102.16566467285156,125.5892333984375
2025-01-29,45.20004653930664,293.86981201171875,86.38080596923828,954.8016967773438,144.75038146972656,618.6358642578125,397.70184326171875,258.7281188964844,60.223838806152344,253.76544189453125,543.8018798828125,280.0234680175781,132.74400329589844,141.81944274902344,159.39100646972656,518.1561279296875,331.5204772949219,95.96446990966797,102.76139831542969,125.52120208740234
2025-01-30,45.17103958129883,274.1725769042969,87.65380096435547,969.6483154296875,145.33612060546875,626.711181640625,398.7406921386719,260.3294982910156,61.39323806762695,255.96632385253906,560.8550415039062,280.2261962890625,133.92108154296875,143.26243591308594,160.52247619628906,525.3493041992188,338.597412109375,97.09635925292969,103.61248016357422,127.03713989257812
2025-01-31,44.76496124267578,285.05303955078125,83.61299133300781,970.5099487304688,138.70712280273438,621.5670776367188,396.3165283203125,259.4268798828125,60.84687805175781,252.12686157226562,550.3713989257812,278.6625061035156,133.35752868652344,142.12123107910156,159.16087341308594,522.3834838867188,337.3636474609375,96.61407470703125,101.02145385742188,126.81362915039062
2025-02-03,44.67794418334961,283.3575439453125,83.93124389648438,996.2118530273438,138.84654235839844,613.773193359375,393.218994140625,258.9512939453125,60.722267150878906,248.69459533691406,558.8139038085938,279.9655456542969,132.13406372070312,141.7251434326172,161.81690979003906,527.862548828125,341.3314514160156,97.97234344482422,101.26730346679688,127.785400390625
2025-02-04,45.1613655090332,282.38861083984375,83.42012023925781,1012.0885009765625,142.4539337158203,615.5299072265625,395.84515380859375,260.0480041503906,60.070472717285156,249.40240478515625,554.0178833007812,279.6952819824219,131.75836181640625,135.33067321777344,161.2128448486328,525.2337036132812,340.6701354980469,99.18295288085938,103.98125457763672,127.7562484741211
2025-02-05,45.5481071472168,284.18109130859375,83.53583526611328,1032.90771484375,142.24009704589844,626.4685668945312,398.08660888671875,262.4646911621094,60.50180435180664,250.60464477539062,561.1325073242188,278.7879943847656,133.83917236328125,137.37725830078125,162.056640625,519.8027954101562,344.90447998046875,100.84635162353516,103.9056167602539,127.54244995117188
2025-02-06,46.157222747802734,278.2903137207031,82.62931060791016,1040.9400634765625,141.22669982910156,638.8629760742188,398.4136657714844,268.7441101074219,60.73185348510742,249.13092041015625,561.9945678710938,284.1257019042969,135.91041564941406,137.0849151611328,161.93199157714844,510.3948059082031,342.9698791503906,101.2302017211914,102.53445434570312,139.9420166015625
2025-02-07,45.828495025634766,277.7864685058594,83.67086029052734,1034.970947265625,141.8960723876953,636.6112670898438,391.8818054199219,267.67645263671875,61.19194412231445,244.27334594726562,557.6248168945312,284.0677795410156,134.85072326660156,136.35870361328125,161.05943298339844,507.4964599609375,343.5028381347656,99.5569839477539,102.96943664550781,139.5047149658203
2025-02-10,45.1226921081543,283.7063293457031,82.89933776855469,1052.9276123046875,144.8247528076172,631.399169921875,398.2501220703125,263.0567321777344,61.87248992919922,248.63644409179688,560.33984375,297.6969299316406,132.278564453125,136.1417694091797,160.6375274658203,513.6015014648438,346.6712341308594,101.29911041259766,104.93634033203125,143.96505737304688
2025-02-11,45.23872375488281,286.0509948730469,84.25914764404297,1049.3778076171875,146.37741088867188,628.2058715820312,400.5299987792969,266.890380859375,64.79598236083984,249.20846557617188,559.5570068359375,299.42462158203125,132.740966796875,137.35841369628906,162.45933532714844,514.131103515625,346.7503356933594,100.85618591308594,105.59829711914062,142.50741577148438
2025-02-12,44.67794418334961,283.5803527832031,83.64192199707031,1056.1004638671875,144.01588439941406,629.9141235351562,391.66058349609375,267.33685302734375,65.85993957519531,242.6444854736328,559.4578857421875,296.9053649902344,132.0858917236328,135.80224609375,162.60316467285156,507.8527526855469,347.5115661621094,101.97824096679688,102.42118072509766,142.37136840820312
2025-02-13,44.79397201538086,290.4884948730469,84.62561798095703,1067.7410888671875,144.92703247070312,629.8656005859375,396.7494201660156,268.18121337890625,66.61717224121094,244.97145080566406,561.15234375,299.2412414550781,131.82577514648438,136.35870361328125,163.98394775390625,511.4925842285156,351.6047668457031,103.39556121826172,103.16536712646484,144.54811096191406
2025-02-14,45.403076171875,283.221923828125,82.97649383544922,1062.7734375,146.02688598632812,641.12451171875,393.9308166503906,268.4432373046875,66.01331329345703,244.12791442871094,559.616455078125,297.82232666015625,133.85845947265625,135.23635864257812,156.18841552734375,504.1069641113281,349.80535888671875,102.40145874023438,103.27031707763672,143.73184204101562
2025-02-18,44.98733901977539,285.57623291015625,83.31403350830078,1047.08740234375,146.7977294921875,652.422119140625,387.9761657714844,271.7043151855469,66.18584442138672,243.08079528808594,563.4313354492188,294.2316589355469,135.55397033691406,135.90597534179688,158.62393188476562,482.17120361328125,352.6922912597656,102.14556121826172,105.08308410644531,142.97386169433594
2025-02-19,44.48457336425781,287.9790954589844,84.30735778808594,1053.5423583984375,147.80357360839844,648.5009765625,380.39581298828125,271.02490234375,67.16352844238281,239.17343139648438,563.3223266601562,291.4421691894531,135.5347137451172,137.51873779296875,159.64031982421875,492.0990905761719,351.20928955078125,102.36209106445312,105.23573303222656,144.10110473632812
2025-02-20,43.798118591308594,290.35284423828125,84.74134063720703,1026.06689453125,149.27005004882812,623.3723754882812,379.6358337402344,258.94158935546875,67.13477325439453,238.92132568359375,558.14990234375,292.5135803222656,129.41737365722656,140.62167358398438,160.33070373535156,483.798583984375,346.52288818359375,95.67902374267578,106.85768127441406,146.69569396972656
2025-02-21,43.324363708496094,290.478759765625,86.28436279296875,1026.26513671875,147.5121612548828,607.2023315429688,370.65093994140625,256.4570007324219,68.39042663574219,231.89195251464844,552.4324951171875,294.21240234375,126.86449432373047,144.77146911621094,163.2264404296875,449.13287353515625,344.5850830078125,93.28729248046875,105.60784149169922,145.23117065429688
2025-02-24,42.985965728759766,291.65106201171875,86.90158081054688,1026.83056640625,148.4239959716797,607.7264404296875,367.8804626464844,253.6424102783203,67.66194915771484,229.8655548095703,553.908935546875,296.87646484375,125.20752716064453,145.10157775878906,163.523681640625,444.4144287109375,345.9000549316406,92.19478607177734,106.16120147705078,146.67616271972656
2025-02-25,42.48320007324219,304.1302185058594,89.00395202636719,1046.720703125,147.04212951660156,596.8265991210938,378.337158203125,249.81846618652344,68.52462005615234,235.0139923095703,558.8931884765625,299.9169006347656,124.85106658935547,147.5254364013672,165.54689025878906,452.94610595703125,348.1048583984375,96.15147399902344,104.69190216064453,150.50341796875
2025-02-26,42.48320007324219,295.836669921875,86.95942687988281,1023.2310791015625,145.83888244628906,599.6026000976562,375.6339416503906,251.1675567626953,67.86323547363281,239.5515594482422,556.1582641601562,293.691162109375,126.2479476928711,142.8946075439453,164.25242614746094,446.4077453613281,346.66131591796875,94.6849365234375,104.4343032836914,147.91612243652344
2025-02-27,42.6572380065918,293.4919738769531,86.98836517333984,1013.0581665039062,147.2771453857422,590.119873046875,375.4320068359375,251.41986083984375,67.93033599853516,238.0293426513672,559.6759643554688,299.1736755371094,124.5042724609375,143.37562561035156,164.89486694335938,451.1934814453125,351.7135009765625,95.26565551757812,105.09262084960938,150.07383728027344
2025-02-28,44.571590423583984,299.2373962402344,87.923828125,1039.73046875,149.1102294921875,606.984619140625,381.52130126953125,256.8549499511719,68.25623321533203,241.0737762451172,571.061279296875,297.6100158691406,128.23245239257812,144.74319458007812,166.68792724609375,457.3563232421875,358.6046447753906,97.0569839477539,106.21843719482422,152.67091369628906
2025-03-03,44.04949951171875,301.81463623046875,89.50543975830078,1037.9853515625,143.91175842285156,590.3734741210938,374.8740234375,252.943603515625,69.3201904296875,238.6692657470703,569.6838989257812,295.4062805175781,124.39830017089844,147.119873046875,168.3659210205078,449.739501953125,357.7247314453125,96.05304718017578,102.8123550415039,153.21763610839844
2025-03-04,41.25531005859375,299.2470703125,87.8177490234375,1028.0899658203125,142.8871307373047,566.8467407226562,367.1685485839844,242.8790740966797,67.27854919433594,232.55125427246094,550.0147094726562,296.84307861328125,117.25981903076172,145.4222412109375,166.05506896972656,457.019287109375,348.2432556152344,93.47431945800781,102.60245513916016,154.6626739501953
2025-03-05,40.88791275024414,301.66168212890625,88.4831771850586,1038.8775634765625,141.76849365234375,578.4832763671875,371.6610107421875,244.1213836669922,67.17311096191406,235.56663513183594,553.2152709960938,298.4740295410156,119.21543884277344,145.12985229492188,167.42623901367188,458.33856201171875,348.6881408691406,94.4684066772461,100.59888458251953,155.5999298095703
2025-03-06,40.08543014526367,307.3088073730469,89.96834564208984,1017.926513671875,143.78018188476562,553.7080078125,367.2166442871094,239.27835083007812,67.53734588623047,236.09019470214844,544.8125,301.3087463378906,114.99593353271484,145.81834411621094,167.47418212890625,469.64337158203125,340.26458740234375,93.14950561523438,102.67878723144531,155.4925537109375
2025-03-07,40.28002166748047,312.55670166015625,93.2955093383789,956.1441650390625,146.96693420410156,545.9047241210938,362.47406005859375,235.14382934570312,68.46710205078125,235.27574157714844,541.790283203125,311.9099426269531,114.91886138916016,146.94583129882812,168.7111053466797,475.18994140625,341.4114685058594,90.27549743652344,104.01449584960938,158.6851806640625
2025-03-10,38.75249099731445,318.0674743652344,94.02845764160156,926.497314453125,148.12318420410156,518.5836181640625,360.4057922363281,225.38014221191406,68.48628234863281,235.00428771972656,532.2282104492188,307.9878845214844,107.59735107421875,148.66799926757812,169.00836181640625,464.3975830078125,337.6148986816406,86.4369125366211,106.6668701171875,154.3502197265625
2025-03-11,38.53844451904297,309.48974609375,90.74950408935547,922.610595703125,144.84243774414062,518.3593139648438,354.1625671386719,222.39085388183594,68.0932846069336,225.58975219726562,521.01123046875,297.80419921875,107.93452453613281,144.938232421875,165.99754333496094,470.02581787109375,328.380615234375,86.06291198730469,104.14807891845703,152.9930877685547
2025-03-12,38.8303337097168,302.84954833984375,87.58629608154297,919.2294921875,143.51695251464844,522.5341186523438,350.8630065917969,221.1873779296875,67.03893280029297,221.38182067871094,519.86181640625,290.6590576171875,109.82270812988281,140.9801025390625,161.4429473876953,465.2582702636719,329.07269287109375,83.8581771850586,104.11946105957031,150.74749755859375
2025-03-13,38.59681701660156,303.76470947265625,87.29696655273438,883.0781860351562,144.4005889892578,511.9021911621094,336.1674499511719,218.55718994140625,66.73218536376953,215.8843536376953,515.0956420898438,288.8144836425781,107.58771514892578,141.14183044433594,161.65390014648438,465.6547546386719,324.8312683105469,83.16919708251953,103.68057250976562,149.7906951904297
2025-03-14,39.7838134765625,304.6507568359375,86.62189483642578,896.2655029296875,147.60618591308594,528.0938720703125,340.097900390625,225.59365844726562,66.78047180175781,217.61019897460938,522.8345336914062,291.0765075683594,111.11360168457031,141.37969970703125,161.05943298339844,472.5498352050781,328.0444641113281,84.00580596923828,106.76227569580078,151.38214111328125
2025-03-17,40.31893539428711,308.44793701171875,87.4802017211914,908.8480224609375,149.20423889160156,537.7796630859375,342.827880859375,227.0397491455078,67.70744323730469,218.977294921875,527.1448364257812,295.09564208984375,113.6375961303711,143.99627685546875,162.77577209472656,482.5781555175781,330.76336669921875,86.08258056640625,108.5368881225586,153.41293334960938
2025-03-18,40.523258209228516,313.92950439453125,86.30365753173828,890.4452514648438,151.16893005371094,538.2088623046875,338.4134216308594,228.0491180419922,66.99290466308594,216.16552734375,525.3613891601562,294.7364196777344,113.7821044921875,141.7602996826172,160.81015014648438,487.20068359375,330.9808349609375,84.24203491210938,108.4223861694336,153.5789031982422
2025-03-19,41.06810760498047,312.3717041015625,87.2198257446289,896.3944091796875,154.21470642089844,543.632080078125,342.1405944824219,232.06719970703125,66.8963394165039,218.64761352539062,531.2075805664062,297.9595031738281,115.45834350585938,140.9230194091797,161.63475036621094,486.6204528808594,336.02313232421875,84.97037506103516,110.11112976074219,153.783935546875
2025-03-20,41.330806732177734,312.9169616699219,87.06551361083984,887.8176879882812,154.89154052734375,548.8407592773438,344.1735534667969,231.97012329101562,67.31153869628906,219.3748016357422,531.494873046875,298.03717041015625,116.05561828613281,140.00958251953125,160.65670776367188,494.4535827636719,335.6573181152344,84.45855712890625,110.57862091064453,154.1549530029297
2025-03-21,41.321075439453125,308.3018798828125,87.0848159790039,901.560302734375,154.8727264404297,551.240234375,339.9429931640625,234.51296997070312,66.30733489990234,220.16015625,530.8112182617188,296.522705078125,115.73770904541016,138.39205932617188,159.8321075439453,499.82073974609375,331.86077880859375,84.85828399658203,110.19698333740234,153.04193115234375
2025-03-24,41.904842376708984,311.9530334472656,87.66344451904297,918.1981811523438,155.1265411376953,565.832275390625,352.16021728515625,240.75357055664062,66.57769012451172,225.80307006835938,538.7184448242188,296.74603271484375,119.71638488769531,139.3435516357422,158.8348846435547,499.48223876953125,339.97784423828125,86.34857940673828,110.48322296142578,152.13394165039062
2025-03-25,42.109161376953125,308.48687744140625,86.40008544921875,922.382568359375,155.99139404296875,571.5286865234375,349.46893310546875,243.733154296875,66.44251251220703,223.67001342773438,540.1950073242188,297.9595031738281,120.6123046875,138.4777069091797,156.1500701904297,496.513427734375,340.7193908691406,83.65420532226562,111.23693084716797,152.11439514160156
2025-03-26,41.66160583496094,312.76116943359375,88.75321960449219,921.8768310546875,157.89967346191406,559.8042602539062,350.57257080078125,243.63607788085938,67.61087799072266,224.98863220214844,544.0693969726562,304.4250793457031,117.72223663330078,141.42727661132812,159.7266082763672,501.1262512207031,340.28436279296875,84.09832763671875,112.83979797363281,154.92625427246094
2025-03-27,41.40864181518555,316.1786193847656,89.87191772460938,930.800537109375,156.65879821777344,545.1731567382812,351.15338134765625,240.81178283691406,68.30610656738281,225.10496520996094,552.4920043945312,303.5610656738281,114.63948059082031,142.40728759765625,161.7689971923828,498.7279357910156,345.9000549316406,84.51284790039062,112.47724151611328,153.9206085205078
2025-03-28,40.13407897949219,316.470703125,89.51508331298828,921.7875366210938,156.1323699951172,529.7619018554688,346.7195739746094,235.69703674316406,67.94884490966797,221.4690704345703,535.6864013671875,298.1245422363281,111.10396575927734,142.0267333984375,161.11695861816406,499.03741455078125,338.9693603515625,84.03911590576172,112.32460021972656,152.07534790039062
2025-03-31,40.60109329223633,320.3262939453125,90.3637466430664,937.7711791992188,157.26043701171875,532.8538208007812,354.79339599609375,238.07485961914062,69.15583038330078,226.13270568847656,543.1279907226562,303.2503662109375,112.39485931396484,142.66419982910156,163.4086456298828,506.4933776855469,346.4932556152344,86.64466094970703,113.46949768066406,153.63748168945312
2025-04-01,40.367584228515625,322.2735595703125,90.556640625,946.318115234375,158.40731811523438,534.960693359375,353.8544006347656,236.48318481445312,69.39722442626953,226.8889923095703,543.5144653320312,304.4736328125,111.49894714355469,142.40728759765625,163.54286193847656,505.88409423828125,342.42974853515625,87.67111206054688,113.57445526123047,155.16058349609375
2025-04-02,40.71784210205078,323.1693115234375,90.21910095214844,956.9076538085938,156.48959350585938,549.2503662109375,359.0530090332031,238.57955932617188,68.87580871582031,228.1203155517578,542.394775390625,302.4834289550781,114.89958953857422,141.8839874267578,162.5264892578125,505.96148681640625,342.4100036621094,88.58897399902344,113.221435546875,154.48690795898438
2025-04-03,36.21310043334961,329.52716064453125,92.58186340332031,958.8906860351562,146.76011657714844,498.65618896484375,344.5511169433594,221.95411682128906,70.66215515136719,215.74862670898438,525.718017578125,308.97808837890625,103.97513580322266,144.0248260498047,165.29759216308594,522.6334838867188,335.548583984375,86.12158203125,107.26795196533203,157.6307373046875
2025-04-04,33.45966339111328,313.90032958984375,88.39639282226562,908.7191772460938,134.68992614746094,459.2303161621094,342.6051940917969,205.3434295654297,67.52397918701172,216.49517822265625,485.3094177246094,291.3482971191406,96.17193603515625,139.4958038330078,157.0130615234375,507.75048828125,309.5857849121094,82.10469055175781,99.54937744140625,144.3329315185547
2025-04-07,34.61746597290039,307.0751647949219,86.01434326171875,900.4398193359375,131.74755859375,454.0606689453125,330.6106872558594,209.40576171875,66.01764678955078,210.3384246826172,481.0981140136719,291.134765625,97.22200012207031,136.2417449951172,153.6378631591797,507.4120178222656,308.78497314453125,82.736328125,98.21365356445312,141.50152587890625
2025-04-08,34.08234405517578,305.56597900390625,85.44534301757812,901.0545654296875,128.7206268310547,450.8515930175781,324.540771484375,211.77871704101562,66.06592559814453,205.24818420410156,475.5491943359375,291.0765075683594,96.63434600830078,133.4919891357422,151.87355041503906,534.8569946289062,304.7807922363281,80.72295379638672,96.1432876586914,138.03550720214844
2025-04-09,36.144996643066406,311.55389404296875,87.01730346679688,957.0167236328125,137.27503967285156,504.1574401855469,344.0476989746094,228.83860778808594,67.54328155517578,216.40794372558594,511.54583740234375,295.08587646484375,107.60697937011719,138.52528381347656,155.6418914794922,559.439453125,328.6673583984375,88.43106079101562,100.94235229492188,142.0092315673828
2025-04-10,34.880157470703125,318.6419372558594,88.53141021728516,956.1441650390625,126.88752746582031,477.7532043457031,342.3341369628906,221.7783203125,68.32542419433594,214.4687957763672,495.5770263671875,297.82354736328125,102.67459869384766,137.14566040039062,156.83084106445312,574.815673828125,320.93585205078125,89.42788696289062,95.34185791015625,142.05804443359375
2025-04-11,34.97745895385742,321.4849853515625,90.653076171875,955.251708984375,127.49855041503906,482.27911376953125,342.5665283203125,230.65492248535156,68.97235870361328,213.6446533203125,505.9085998535156,300.8524475097656,104.15816497802734,137.4215545654297,160.0430450439453,579.7185668945312,329.6263427734375,91.58930206298828,98.40447998046875,141.56988525390625
2025-04-14,35.677974700927734,320.5210876464844,91.59817504882812,971.0271606445312,127.20716857910156,491.58447265625,345.7999267578125,229.2096710205078,69.95726776123047,217.31932067871094,508.5981750488281,306.84234619140625,105.11189270019531,139.62899780273438,162.1717071533203,567.7174072265625,331.38616943359375,93.494140625,98.64299774169922,142.5462188720703
2025-04-15,36.9622688293457,319.966064453125,90.90382385253906,968.6473999023438,126.47391510009766,495.3983459472656,342.80853271484375,227.65701293945312,69.38756561279297,213.79978942871094,513.4810791015625,303.357177734375,106.39315795898438,135.90872192382812,161.53884887695312,564.36181640625,332.00909423828125,92.74404907226562,98.3663101196289,141.2672119140625
2025-04-16,36.320125579833984,320.7546691894531,90.16123962402344,959.5549926757812,127.24475860595703,486.7757263183594,334.94769287109375,224.21963500976562,69.2137680053711,207.88540649414062,509.56085205078125,300.0758361816406,103.9076919555664,133.29217529296875,159.54441833496094,565.7640380859375,327.5798034667969,90.00032043457031,99.4062728881836,139.19737243652344
2025-04-17,36.397953033447266,321.426513671875,92.61479949951172,986.0784912109375,129.60427856445312,496.9589538574219,343.7281799316406,226.5144805908203,70.48834228515625,212.3357391357422,513.4315185546875,302.2115783691406,105.17932891845703,135.90872192382812,163.61000061035156,439.14788818359375,325.8792724609375,92.00382995605469,102.01091766357422,139.9198455810547
2025-04-21,35.92121124267578,316.20782470703125,91.83895874023438,949.6595458984375,125.71247100830078,489.0289001464844,335.8286437988281,223.6141815185547,70.26625061035156,206.29534912109375,505.48187255859375,299.7069091796875,102.40486145019531,134.8525848388672,159.9214324951172,411.3161315917969,316.4768981933594,91.20439910888672,100.51300811767578,137.1860809326172
2025-04-22,37.2833366394043,328.1835632324219,92.9154281616211,970.9378662109375,129.0684356689453,507.20068359375,343.1183166503906,230.0592498779297,71.35738372802734,212.40362548828125,523.356201171875,309.7644348144531,106.3353500366211,136.49862670898438,161.97653198242188,413.10516357421875,327.6489562988281,93.61256408691406,103.32756805419922,141.61871337890625
2025-04-23,37.70171356201172,327.8135681152344,91.05343627929688,967.5765991210938,128.485595703125,516.2914428710938,345.0447998046875,235.2250518798828,70.77802276611328,212.24765014648438,526.0159301757812,309.1820068359375,108.19463348388672,135.3568572998047,159.90213012695312,413.8594665527344,330.58538818359375,93.72113037109375,102.44026184082031,142.70245361328125
2025-04-24,38.509254455566406,326.84967041015625,89.89938354492188,967.2196044921875,130.73231506347656,531.9564208984375,348.16204833984375,238.89678955078125,70.02486419677734,216.42904663085938,531.4248046875,306.9880065917969,111.36407470703125,128.74411010742188,153.920166015625,410.271728515625,331.9101867675781,94.58963775634766,103.64241027832031,144.0888671875
2025-04-25,38.61627960205078,326.5186462402344,91.07283020019531,968.8853149414062,130.41270446777344,531.4590454101562,346.16778564453125,237.83238220214844,69.43585968017578,215.3179168701172,529.4597778320312,307.4928283691406,111.7590560913086,126.90779113769531,155.35777282714844,404.8465576171875,331.3763122558594,93.84942626953125,103.58515930175781,143.8154754638672
2025-04-28,38.70384216308594,325.9928894042969,88.21194458007812,970.2536010742188,131.70059204101562,532.961181640625,345.52886962890625,237.51014709472656,69.3199691772461,215.55181884765625,530.462158203125,307.5607604980469,111.58565521240234,127.26931762695312,156.1585693359375,406.1617431640625,333.6898193359375,93.97772979736328,103.64241027832031,144.25485229492188
2025-04-29,38.90816879272461,328.3198547363281,89.54057312011719,983.3023071289062,130.94854736328125,535.4191284179688,347.5424499511719,238.8772430419922,69.86071014404297,217.61817932128906,535.6130981445312,305.3182067871094,111.95172119140625,127.7926254272461,156.5541534423828,395.7466125488281,337.65447998046875,94.78704071044922,103.38481903076172,144.1962432861328
2025-04-30,38.80113983154297,331.07525634765625,89.40479278564453,986.0784912109375,127.90277862548828,534.0828857421875,348.98492431640625,238.8772430419922,70.0538330078125,217.90081787109375,543.9298706054688,310.31781005859375,112.08281707763672,129.0010223388672,156.85325622558594,397.8837890625,341.58941650390625,95.98126220703125,100.7801513671875,146.88119506835938
2025-05-01,39.08329391479492,326.3433837890625,87.95011138916016,990.580078125,128.0907745361328,540.2084350585938,346.8647766113281,241.09397888183594,68.8371810913086,216.69223022460938,542.5106201171875,304.4833068847656,113.38407135009766,127.06952667236328,154.35433959960938,387.4783020019531,338.57391357421875,96.13916778564453,100.92326354980469,145.08474731445312
2025-05-02,39.95895004272461,325.9247131347656,87.7464599609375,1001.064208984375,130.19650268554688,552.1766357421875,352.8862609863281,246.58204650878906,69.18479919433594,221.43893432617188,555.174560546875,302.8523254394531,116.74404907226562,127.25981140136719,154.87533569335938,386.7433776855469,343.6656494140625,97.46168518066406,101.3335189819336,145.6119384765625
2025-05-05,40.007591247558594,324.2305908203125,87.99859619140625,1007.60693359375,127.37635040283203,545.7974853515625,350.1853332519531,246.63084411621094,69.23307037353516,219.4895782470703,556.8914184570312,306.5025634765625,116.1419677734375,125.5852279663086,153.24478149414062,391.47222900390625,344.69390869140625,98.03412628173828,98.52851104736328,143.1125030517578
2025-05-06,39.73516845703125,325.0192565917969,88.25074768066406,1003.2484130859375,127.47036743164062,535.8483276367188,347.91033935546875,243.3985595703125,69.25238800048828,217.36476135253906,554.7775268554688,307.5413513183594,114.90867614746094,124.39588928222656,153.65000915527344,381.5115966796875,343.7645263671875,97.26429748535156,99.90238952636719,144.7722930908203
2025-05-07,39.82273483276367,325.6228942871094,88.13436889648438,999.922607421875,127.64896392822266,538.3453979492188,351.1727600097656,243.53529357910156,69.90899658203125,217.85208129882812,562.0621948242188,308.84222412109375,115.65641784667969,125.51861572265625,153.6885986328125,378.1752624511719,345.89019775390625,97.54063415527344,99.80699157714844,145.9438934326172
2025-05-08,40.474605560302734,324.32794189453125,88.08588409423828,1000.4784545898438,128.8240203857422,551.7864990234375,353.2154235839844,247.51950073242188,68.7213134765625,218.79754638671875,562.8462524414062,304.337646484375,118.35604095458984,125.05238342285156,153.07110595703125,372.8467712402344,347.2940979003906,96.15890502929688,101.19995880126953,144.47938537597656
2025-05-09,40.65947341918945,324.668701171875,87.09668731689453,1000.8558349609375,130.1870880126953,553.1519775390625,351.1340637207031,247.13864135742188,68.09367370605469,216.6337432861328,564.3549194335938,304.52215576171875,118.18124389648438,124.11042785644531,152.1158905029297,368.0986022949219,348.5497741699219,95.68896484375,102.38301086425781,143.6494903564453
2025-05-12,42.18699645996094,307.4158630371094,86.44693756103516,1008.8579711914062,133.1294403076172,576.7958984375,364.571044921875,253.94500732421875,67.13773345947266,226.88743591308594,573.9122314453125,302.81353759765625,123.38626861572266,125.29024505615234,155.24197387695312,366.2708435058594,351.822265625,95.71864318847656,104.14807891845703,143.32728576660156
2025-05-13,43.08211135864258,293.9310302734375,85.22499084472656,991.86083984375,133.81568908691406,588.9590454101562,361.6764831542969,256.8355712890625,66.58735656738281,224.92832946777344,572.244873046875,299.67779541015625,125.61005401611328,123.98673248291016,153.14828491210938,301.12060546875,352.69378662109375,94.85792541503906,104.4343032836914,142.27284240722656
2025-05-14,43.529666900634766,295.3525695800781,84.92436981201172,984.424560546875,133.1764373779297,596.5574951171875,360.9117126464844,259.40380859375,66.78047180175781,222.72552490234375,568.9598999023438,298.5225524902344,127.25118255615234,122.21700286865234,152.4632568359375,297.86163330078125,353.0106506347656,95.79779815673828,103.49929809570312,141.72610473632812
2025-05-15,43.179405212402344,300.7172546386719,86.92212677001953,1003.2186889648438,133.73104858398438,600.7518310546875,366.5459899902344,261.2103576660156,69.14617156982422,226.56578063964844,577.8126831054688,305.29876708984375,128.67868041992188,125.1189956665039,156.69886779785156,265.3106689453125,358.79412841796875,95.32291412353516,104.548828125,143.57138061523438
2025-05-16,43.48101043701172,312.4787902832031,88.47379302978516,1018.4684448242188,133.58067321777344,603.8048706054688,368.6273193359375,261.2787170410156,69.52275085449219,228.30072021484375,578.884521484375,309.3081970214844,128.3582305908203,125.57569885253906,157.5382843017578,282.2920837402344,361.5868225097656,97.19275665283203,104.17332458496094,144.5672607421875
2025-05-19,43.55885314941406,313.4718933105469,88.9683837890625,1026.9173583984375,131.7728271484375,597.2402954101562,367.27203369140625,258.6615905761719,69.45515441894531,228.49566650390625,581.9908447265625,311.8517150878906,127.0569839477539,125.39492797851562,158.97589111328125,305.48199462890625,364.3399353027344,97.07404327392578,102.51716613769531,146.10986328125
2025-05-20,43.48101043701172,316.4317932128906,89.21083068847656,1029.3795166015625,130.61199951171875,591.6024780273438,365.016357421875,259.4428405761719,69.22341918945312,225.3961639404297,576.7307739257812,310.46343994140625,125.39642333984375,125.40444946289062,159.81529235839844,310.9844665527344,363.2901611328125,96.75746154785156,101.05359649658203,145.50453186035156
2025-05-21,42.0799674987793,308.73028564453125,88.90049743652344,1017.9423217773438,128.9849395751953,578.8637084960938,359.00457763671875,254.91175842285156,69.37792205810547,221.6143798828125,565.248046875,307.2015380859375,121.67716217041016,123.83450317382812,159.6126708984375,292.99737548828125,354.83282470703125,95.40205383300781,99.81149291992188,142.96604919433594
2025-05-22,42.13835144042969,304.43658447265625,88.15376281738281,1010.8237915039062,128.72801208496094,583.5164184570312,354.4449157714844,254.55047607421875,68.69234466552734,218.0860137939453,565.8435668945312,305.13372802734375,122.60940551757812,123.80596160888672,159.2267608642578,286.895263671875,354.50604248046875,94.90739440917969,99.14710998535156,142.05804443359375
2025-05-23,42.03132629394531,307.6592712402344,89.79269409179688,1001.2628784179688,129.91738891601562,583.8187866210938,351.1340637207031,254.58950805664062,69.30066680908203,215.473876953125,559.3329467773438,305.38616943359375,122.42489624023438,123.06380462646484,160.02755737304688,285.83148193359375,350.118896484375,95.3130111694336,99.20487976074219,142.0092315673828
2025-05-27,43.02373504638672,306.9680480957031,89.63754272460938,1010.4861450195312,131.1448211669922,600.5859375,358.57861328125,259.06201171875,69.3103256225586,220.0938720703125,570.22021484375,305.7550964355469,125.47410583496094,124.99529266357422,161.86074829101562,285.2802734375,355.82318115234375,96.53980255126953,99.67668151855469,141.37147521972656
2025-05-28,42.86806106567383,302.66455078125,88.98777770996094,1005.8695678710938,129.42263793945312,593.4752197265625,356.31329345703125,257.30426025390625,68.70199584960938,218.83653259277344,571.5800170898438,303.7066650390625,123.8232650756836,124.32927703857422,161.47482299804688,288.2878112792969,356.2490234375,96.20342254638672,98.31903839111328,140.44923400878906
2025-05-29,43.04319381713867,303.82318115234375,89.511474609375,1001.5010986328125,131.22096252441406,589.9832763671875,356.53594970703125,258.1636047363281,69.0302963256836,219.2361602783203,573.426025390625,302.7552490234375,124.45446014404297,125.51861572265625,162.63259887695312,288.34588623046875,358.8931884765625,96.0649185180664,98.87751007080078,141.3224334716797
2025-05-30,42.9361686706543,308.2922058105469,90.13214111328125,1032.7154541015625,130.0696258544922,588.6011962890625,356.53594970703125,257.8022766113281,69.61930847167969,220.01589965820312,581.18701171875,304.6871643066406,124.32821655273438,125.07142639160156,163.9158477783203,291.96258544921875,361.6561584472656,97.66764068603516,98.50199127197266,141.22433471679688
2025-06-02,42.88752365112305,306.6856994628906,89.15264892578125,1049.265869140625,131.15432739257812,586.9052124023438,356.2164611816406,258.4468078613281,69.52275085449219,219.81121826171875,576.8399658203125,305.2729187011719,124.68751525878906,124.55763244628906,161.8800506591797,294.6800231933594,361.7849426269531,98.7064437866211,99.22413635253906,141.90130615234375
2025-06-03,43.44209671020508,304.9149475097656,87.88223266601562,1048.014892578125,132.7814178466797,591.9143676757812,361.173095703125,260.0190124511719,68.71165466308594,223.00819396972656,577.5843505859375,304.9898681640625,124.95942687988281,125.45201873779297,160.9827423095703,291.29534912109375,362.31964111328125,98.91421508789062,99.94630432128906,141.25375366210938
2025-06-04,43.15994644165039,303.39849853515625,87.47491455078125,1044.142822265625,130.70713806152344,587.3855590820312,360.5148010253906,258.0171203613281,68.91443634033203,222.6085662841797,579.7280883789062,304.1892395019531,124.45446014404297,125.34735870361328,160.11439514160156,290.4830322265625,364.4389953613281,98.29093170166016,98.50199127197266,141.29299926757812
2025-06-05,43.179405212402344,304.27899169921875,87.42642974853516,1003.5562133789062,130.25994873046875,593.9239501953125,359.716064453125,255.80039978027344,68.47026062011719,221.8288116455078,581.0281982421875,301.6606140136719,126.84333038330078,124.7479248046875,157.07516479492188,286.0926208496094,363.2208557128906,96.9157485961914,98.0494384765625,140.184326171875
2025-06-06,44.01128005981445,305.4138488769531,87.51371002197266,1007.6565551757812,133.40940856933594,601.8837890625,357.8165588378906,259.49169921875,68.8951187133789,219.56756591796875,585.6729736328125,300.0789489746094,128.00865173339844,125.07786560058594,158.2522735595703,293.22943115234375,366.6374816894531,96.43097686767578,100.39884185791016,142.0975341796875
2025-06-09,43.91341018676758,304.6507568359375,88.12467956542969,998.95947265625,133.93270874023438,601.4132080078125,355.74169921875,260.47796630859375,69.30066680908203,217.94955444335938,579.9265747070312,297.56011962890625,128.13485717773438,125.01053619384766,156.84359741210938,293.200439453125,363.1119689941406,96.41117858886719,101.0728530883789,140.43942260742188
2025-06-10,44.12872314453125,306.8226013183594,89.162353515625,1000.0416870117188,136.3970947265625,602.7365112304688,358.3815612792969,262.2943115234375,69.86071014404297,219.19715881347656,585.0972900390625,293.3131408691406,128.00865173339844,126.8093032836914,157.11376953125,293.7806701660156,367.11285400390625,96.28257751464844,103.23932647705078,141.20469665527344
2025-06-11,43.776397705078125,303.47674560546875,89.32720947265625,989.626953125,137.75775146484375,611.8530883789062,351.1244812011719,261.8548583984375,69.59034729003906,215.9904327392578,586.288330078125,294.57257080078125,127.99893188476562,124.95279693603516,156.409423828125,300.3276062011719,369.6976013183594,94.77877807617188,105.2517318725586,140.70433044433594
2025-06-12,43.66874313354492,308.5346984863281,90.32608795166016,995.5144653320312,137.9385223388672,612.7745361328125,353.75457763671875,261.9427490234375,69.75448608398438,217.84234619140625,584.8392944335938,295.9784851074219,128.10574340820312,127.26140594482422,157.4417724609375,308.0060119628906,367.8060607910156,93.81912231445312,105.65614318847656,141.25375366210938
2025-06-13,43.15004348754883,310.520751953125,87.5331039428711,983.1041259765625,138.8329315185547,601.4328002929688,345.47467041015625,258.72998046875,69.06404876708984,211.77005004882812,557.794677734375,294.7580871582031,125.74600982666016,125.86662292480469,154.64376831054688,303.1997375488281,349.43560791015625,93.43328094482422,107.95740509033203,141.283203125
2025-06-16,43.46321487426758,307.6248779296875,87.38763427734375,977.2960205078125,138.94711303710938,615.46044921875,344.40313720703125,264.0129699707031,68.57781982421875,210.6101837158203,564.3845825195312,289.2712097167969,127.11524200439453,126.40530395507812,155.2227020263672,299.6352233886719,352.0401611328125,93.28486633300781,108.30404663085938,139.26205444335938
2025-06-17,43.287052154541016,305.7366943359375,85.95234680175781,970.7036743164062,141.6303253173828,612.3137817382812,339.7469482421875,263.19268798828125,67.70260620117188,206.55548095703125,565.1588134765625,285.385498046875,126.32865905761719,124.36603546142578,152.94569396972656,300.81365966796875,354.3772888183594,93.24529266357422,109.7676010131836,137.3488311767578
2025-06-18,44.099365234375,307.5857238769531,85.525634765625,967.9039916992188,141.00233459472656,622.7045288085938,338.04229736328125,267.5284423828125,67.30390167236328,205.4930877685547,534.6702270507812,282.76898193359375,128.6884002685547,124.15442657470703,152.4632568359375,299.1872253417969,337.0862731933594,94.07633972167969,108.98768615722656,135.74960327148438
2025-06-20,44.52998352050781,307.5368347167969,85.12802124023438,973.2553100585938,142.29637145996094,628.1549072265625,340.5652160644531,268.5440368652344,66.944091796875,207.36447143554688,528.9535522460938,280.650390625,128.8729248046875,124.15442657470703,153.48597717285156,294.1325988769531,335.2937927246094,95.09536743164062,110.44161224365234,136.4364013671875
2025-06-23,45.312923431396484,310.10003662109375,85.99114227294922,997.2716064453125,139.7368621826172,634.1149291992188,347.7151184082031,271.73724365234375,67.81929779052734,213.03717041015625,538.262939453125,282.66156005859375,130.12562561035156,124.17365264892578,155.3673858642578,292.8372802734375,340.4236755371094,96.82670593261719,107.59151458740234,138.72242736816406
2025-06-24,45.665252685546875,309.9630432128906,85.51593017578125,994.72998046875,136.58738708496094,649.0443725585938,351.08551025390625,274.6571350097656,68.2763671875,214.4114532470703,553.3285522460938,284.5653991699219,131.97067260742188,126.05902099609375,154.72097778320312,297.6484375,348.2274169921875,96.955322265625,104.31774139404297,140.00772094726562
2025-06-25,45.851200103759766,309.15106201171875,85.14743041992188,979.46044921875,136.2829132080078,656.6512451171875,352.4881896972656,277.391357421875,67.71233367919922,215.1132049560547,545.5575561523438,278.7856140136719,133.73806762695312,123.14441680908203,153.3798370361328,294.1423034667969,341.9190673828125,96.22321319580078,104.34662628173828,144.4031982421875
2025-06-26,46.44819641113281,322.84765625,85.1377182006836,975.8564453125,137.43423461914062,673.60009765625,354.08575439453125,281.97125244140625,67.5567398071289,215.6298065185547,541.6968383789062,278.8637390136719,135.7093505859375,123.3367919921875,153.05181884765625,294.7266845703125,342.6816101074219,94.99642181396484,105.90648651123047,144.27565002441406
2025-06-27,46.11544418334961,319.2375793457031,86.02992248535156,978.0704956054688,136.81573486328125,677.177978515625,359.1900329589844,280.3697509765625,68.39305114746094,217.9690704345703,546.1728515625,284.6434631347656,136.6221923828125,126.04939270019531,154.23855590820312,301.0473937988281,345.2366027832031,96.23310089111328,105.31913757324219,145.61000061035156
2025-06-30,46.311180114746094,323.4150390625,88.15376281738281,982.8359985351562,136.24485778808594,693.78369140625,357.1444396972656,283.10400390625,68.8014907836914,216.25363159179688,557.7052612304688,285.2488098144531,136.78729248046875,127.01132202148438,153.717529296875,303.832763671875,351.6142883300781,96.73766326904297,103.79779815673828,145.3843231201172
2025-07-01,47.12348556518555,327.1424865722656,89.25932312011719,978.8845825195312,138.50941467285156,692.5192260742188,363.49554443359375,283.5923156738281,69.69615173339844,222.85223388671875,560.3551635742188,290.4427490234375,136.99119567871094,130.10867309570312,155.55072021484375,317.6332092285156,352.03021240234375,97.19275665283203,105.184326171875,147.53298950195312
2025-07-02,47.671546936035156,313.4459228515625,89.60844421386719,975.3104248046875,140.80252075195312,701.7631225585938,362.219482421875,285.14495849609375,68.95708465576172,221.1952667236328,557.2885131835938,287.6505432128906,138.7294464111328,131.28221130371094,155.53143310546875,299.5378112792969,350.7923278808594,96.5694808959961,106.92713928222656,147.34658813476562
2025-07-03,47.88685607910156,312.8197937011719,89.97697448730469,979.9369506835938,141.17359924316406,709.3994140625,362.0538635253906,290.443603515625,69.38496398925781,222.53057861328125,564.9502563476562,287.1135559082031,139.97242736816406,130.22410583496094,155.17445373535156,300.50201416015625,355.38739013671875,97.31148529052734,108.034423828125,147.16998291015625
2025-07-07,47.622615814208984,306.83245849609375,90.51034545898438,985.0599365234375,140.2506561279297,696.9010009765625,358.1185302734375,286.4892578125,69.05432891845703,219.29464721679688,560.861328125,286.5765686035156,139.58399963378906,129.32952880859375,154.8560333251953,295.7882385253906,353.1889343261719,98.29093170166016,106.98490905761719,147.523193359375
2025-07-08,46.144805908203125,305.2377624511719,89.35630798339844,978.7654418945312,145.80740356445312,683.5203857421875,357.9821472167969,277.4717712402344,68.30552673339844,218.00802612304688,558.2015380859375,284.76068115234375,137.04946899414062,129.8970489501953,152.3378143310547,299.6741943359375,351.1191101074219,96.05501556396484,109.95055389404297,147.69000244140625
2025-07-09,45.84141540527344,303.06585693359375,88.81322479248047,975.0423583984375,145.5980682373047,682.8145751953125,361.4304504394531,277.8446350097656,67.56646728515625,219.85997009277344,561.6102905273438,286.07867431640625,137.4573211669922,129.35836791992188,151.98085021972656,295.00909423828125,354.298095703125,95.77800750732422,109.5750503540039,148.0039520263672
2025-07-10,45.96864318847656,302.0875549316406,87.88223266601562,963.2078247070312,146.69229125976562,695.126708984375,363.6319274902344,282.7801818847656,67.84848022460938,222.14073181152344,560.0301513671875,291.32147216796875,138.95277404785156,130.8974609375,152.91673278808594,291.69781494140625,352.436279296875,93.84879302978516,110.66307830810547,149.4756622314453
2025-07-11,45.733760833740234,296.69696044921875,86.87364959716797,963.3667602539062,147.77699279785156,691.0390014648438,360.4855651855469,281.4751281738281,67.94573211669922,218.4564208984375,546.772705078125,292.80548095703125,138.1662139892578,130.10867309570312,151.52735900878906,296.1681213378906,344.563232421875,93.3936996459961,111.14451599121094,146.96395874023438
2025-07-14,46.06650924682617,296.4914855957031,86.16569519042969,973.870849609375,144.2945098876953,699.2241821289062,360.5245361328125,283.2806396484375,67.5567398071289,216.7701873779297,549.59521484375,294.7287902832031,139.80734252929688,130.40687561035156,148.35302734375,292.7398681640625,347.10833740234375,94.75898742675781,109.69056701660156,144.3933868408203
2025-07-15,45.16612243652344,295.88494873046875,85.48684692382812,960.7357788085938,143.38107299804688,688.6471557617188,349.35162353515625,281.17095947265625,67.44976806640625,209.5672607421875,546.9515991210938,292.5223083496094,137.49615478515625,128.71388244628906,147.31101989746094,284.1012268066406,343.6619873046875,94.3731460571289,108.71807861328125,142.2643280029297
2025-07-16,45.04867935180664,299.1916809082031,85.01165771484375,944.542724609375,142.64842224121094,694.8326416015625,348.1437072753906,280.4547119140625,67.36224365234375,211.1170196533203,552.0796508789062,291.8193664550781,135.74819946289062,130.1952667236328,148.32412719726562,284.8608703613281,346.51409912109375,94.13570404052734,108.06332397460938,143.3828125
2025-07-17,46.017578125,291.81512451171875,84.60433959960938,947.0645751953125,144.03761291503906,691.9114379882812,349.74127197265625,284.4580993652344,68.64588928222656,213.04690551757812,552.169189453125,293.2545471191406,136.8260955810547,139.90097045898438,150.14764404296875,280.55621337890625,346.4250183105469,94.07633972167969,107.51448822021484,145.28622436523438
2025-07-18,46.311180114746094,289.30084228515625,84.7214126586914,944.1257934570312,142.76258850097656,694.2837524414062,350.0919494628906,285.8023681640625,67.92627716064453,213.61219787597656,549.2373046875,290.0327453613281,136.75811767578125,137.78477478027344,150.66929626464844,275.27752685546875,345.6723327636719,94.0367660522461,103.76890563964844,146.1496124267578
2025-07-21,46.467769622802734,288.4105224609375,84.52629089355469,940.7601318359375,142.4200439453125,692.0682373046875,354.61175537109375,285.50799560546875,68.14022064208984,215.3179168701172,551.215087890625,288.7342224121094,136.40853881835938,136.3034210205078,150.60130310058594,274.7809143066406,347.5440979003906,94.65015411376953,104.03850555419922,142.76470947265625
2025-07-22,46.751590728759766,293.5467529296875,86.5360336303711,934.8528442382812,142.76258850097656,686.5885620117188,361.4012451171875,285.9593811035156,67.74151611328125,221.0880584716797,555.299560546875,292.0830078125,135.990966796875,140.4781036376953,153.79733276367188,277.6929016113281,348.4551696777344,94.82823944091797,104.51031494140625,145.7277374267578
2025-07-23,47.11369705200195,297.7438049316406,86.62384796142578,934.4358520507812,145.69320678710938,703.3609619140625,366.6029357910156,291.1893310546875,67.25527954101562,224.00807189941406,558.6090087890625,291.057861328125,138.09823608398438,140.11260986328125,153.7584686279297,284.8804016113281,351.85198974609375,94.66004943847656,105.84870147705078,145.00167846679688
2025-07-24,47.358367919921875,287.55938720703125,86.2921371459961,927.098876953125,148.2717742919922,704.9881591796875,363.4273376464844,290.9832763671875,67.19692993164062,221.01947021484375,560.0103149414062,287.50408935546875,138.3798370361328,139.0063934326172,154.27333068847656,271.3136901855469,350.5447692871094,95.57024383544922,106.6767807006836,143.07867431640625
2025-07-25,47.417091369628906,289.9465026855469,85.78482055664062,928.7667846679688,147.3297882080078,714.5947875976562,365.61907958984375,293.014404296875,67.26499938964844,222.23451232910156,564.700927734375,291.3995666503906,138.8750762939453,137.9867706298828,153.7779083251953,273.7290344238281,353.58502197265625,96.43097686767578,106.30126190185547,143.9322509765625
2025-07-28,47.201778411865234,286.0527648925781,84.36044311523438,927.2875366210938,148.699951171875,709.3699951171875,367.46014404296875,292.6807861328125,66.2147445678711,225.36029052734375,564.7607421875,292.13177490234375,138.4381103515625,136.17837524414062,152.62188720703125,274.7613830566406,352.03021240234375,96.5694808959961,107.30265045166016,141.56771850585938
2025-07-29,46.92775344848633,285.8375549316406,84.74092102050781,927.8634033203125,149.41357421875,717.53564453125,367.5672912597656,291.4640808105469,67.46922302246094,225.40927124023438,559.8314208984375,295.5001220703125,139.40919494628906,138.41000366210938,152.13616943359375,254.26043701171875,347.89068603515625,97.28180694580078,108.6891860961914,142.44091796875
2025-07-30,46.93753433227539,291.4042053222656,83.706787109375,920.85400390625,146.11187744140625,716.3298950195312,362.44354248046875,294.0054931640625,66.85657501220703,222.85182189941406,555.6474609375,296.41778564453125,140.7493133544922,137.41921997070312,148.51272583007812,259.100830078125,347.51434326171875,96.54969787597656,107.74557495117188,144.21678161621094
2025-07-31,46.262245178222656,261.5848388671875,81.80435943603516,932.8970336914062,144.28500366210938,709.311279296875,357.9918518066406,290.6791076660156,66.02025604248047,219.0695343017578,562.9617919921875,292.961669921875,139.30210876464844,132.66737365722656,146.1715545654297,243.0506591796875,342.12701416015625,96.93553924560547,107.49523162841797,141.43035888671875
2025-08-01,44.68657302856445,256.5465087890625,81.47265625,946.9947509765625,144.056640625,695.56787109375,363.9826354980469,283.93804931640625,66.96353912353516,221.84255981445312,556.4226684570312,295.7148742675781,136.00682067871094,133.97557067871094,146.34642028808594,231.56817626953125,336.0661926269531,97.44009399414062,105.5694808959961,142.61753845214844
2025-08-04,44.872520446777344,260.81195068359375,81.32632446289062,949.8281860351562,143.71409606933594,711.7030639648438,370.9571838378906,288.7362976074219,67.060791015625,229.1033935546875,566.2811889648438,297.02313232421875,138.2264862060547,134.24488830566406,146.45326232910156,234.6944580078125,338.8391418457031,98.52836608886719,103.38375854492188,144.22659301757812
2025-08-05,44.58870315551758,264.87200927734375,81.03362274169922,938.15625,145.61709594726562,706.6839599609375,375.42828369140625,285.9005126953125,67.1483154296875,232.67994689941406,562.5345458984375,291.6924133300781,137.346435546875,134.1390838623047,146.21041870117188,244.45310974121094,334.1648254394531,98.25135040283203,103.25857543945312,136.86810302734375
2025-08-06,44.45168685913086,264.1089172363281,82.54582214355469,962.9415893554688,145.36968994140625,710.4384765625,376.78228759765625,285.8808898925781,67.59564208984375,233.49319458007812,565.6054077148438,300.37188720703125,138.16783142089844,135.4376983642578,148.49330139160156,239.36924743652344,336.4524230957031,102.25818634033203,102.5556869506836,138.67335510253906
2025-08-07,43.962345123291016,265.1263732910156,82.64337921142578,971.7801513671875,145.73129272460938,705.537109375,376.1686096191406,281.5536804199219,68.49030303955078,233.7577667236328,557.744384765625,300.615966796875,137.79623413085938,138.43885803222656,149.10531616210938,238.28819274902344,328.8764953613281,102.02074432373047,102.0164794921875,139.870361328125
2025-08-08,45.02910232543945,268.94183349609375,82.62387084960938,975.2896728515625,147.49154663085938,707.0370483398438,377.8051452636719,283.3394775390625,68.40277862548828,236.29563903808594,570.7632446289062,298.2142333984375,140.0061492919922,139.6797332763672,149.12472534179688,244.34596252441406,333.5211181640625,102.62423706054688,102.83492279052734,138.61451721191406
2025-08-11,45.17591094970703,271.03546142578125,82.38971710205078,983.0045776367188,146.0072021484375,705.0469970703125,377.493408203125,284.1244812011719,68.8014907836914,235.02182006835938,570.0377807617188,297.1500244140625,140.6906280517578,139.35267639160156,150.55274963378906,245.78736877441406,332.6496276855469,102.82211303710938,101.90093231201172,138.60470581054688
2025-08-12,46.487342834472656,274.3911437988281,82.89703369140625,985.5001220703125,146.94918823242188,728.7106323242188,385.7440185546875,287.3527526855469,68.76258850097656,239.9407501220703,570.6240844726562,294.4944763183594,144.02505493164062,141.27650451660156,150.6595916748047,254.7473907470703,334.0682373046875,102.51541137695312,102.18978881835938,139.4092254638672
2025-08-13,46.23289108276367,280.87744140625,84.23360443115234,973.1719970703125,148.309814453125,729.9948120117188,396.63446044921875,285.0762939453125,68.51947021484375,251.17005920410156,574.321044921875,297.84326171875,144.484619140625,143.6620635986328,150.970458984375,264.7203063964844,339.8321533203125,99.91344451904297,103.60520935058594,142.05828857421875
2025-08-14,46.69286346435547,284.0570068359375,82.5848388671875,969.7321166992188,147.63427734375,732.4552612304688,389.9521179199219,288.6381530761719,67.63453674316406,247.95608520507812,580.144775390625,301.6313171386719,145.21800231933594,142.95985412597656,149.34815979003906,264.40863037109375,342.74884033203125,99.77494049072266,103.39338684082031,144.0009307861328
2025-08-15,45.93927764892578,290.4258728027344,82.99459838867188,966.4014282226562,148.95684814453125,716.3004150390625,389.0364685058594,285.0370178222656,67.99434661865234,246.98602294921875,578.0975952148438,301.6117858886719,141.42401123046875,144.6720733642578,149.950439453125,296.0804138183594,341.7369079589844,99.16507720947266,103.49057006835938,145.3843231201172
2025-08-18,46.89838790893555,291.854248046875,82.20436096191406,973.6690673828125,147.78651428222656,716.5357666015625,384.4776916503906,286.0574951171875,67.2260971069336,245.83956909179688,580.5224609375,301.3872375488281,141.5706787109375,143.8544464111328,151.27159118652344,300.4435729980469,340.0206298828125,99.85922241210938,103.71409606933594,146.52244567871094
2025-08-19,47.05497741699219,295.5621032714844,83.75556945800781,975.160400390625,146.23753356933594,707.144775390625,396.6539611816406,285.203857421875,68.19856262207031,251.19944763183594,581.8839721679688,303.56439208984375,140.87643432617188,146.3650360107422,153.87503051757812,296.3044128417969,339.73297119140625,100.44429779052734,104.39437103271484,149.14207458496094
2025-08-20,47.31922149658203,297.9687805175781,83.95069122314453,988.8008422851562,147.41128540039062,706.4586181640625,391.3353576660156,286.754150390625,68.75286102294922,251.96377563476562,589.0095825195312,305.6634826660156,140.92530822753906,144.98948669433594,154.95330810546875,292.0191650390625,341.2012023925781,101.71361541748047,105.47311401367188,146.52244567871094
2025-08-21,47.23114013671875,294.4272766113281,84.1750717163086,964.0551147460938,149.65296936035156,701.8218994140625,387.4000244140625,285.9986572265625,68.7139663696289,250.50375366210938,588.2542724609375,305.8001403808594,140.84707641601562,143.30613708496094,154.19561767578125,295.4376525878906,340.963134765625,97.14210510253906,106.15340423583984,145.217529296875
2025-08-22,48.425132751464844,297.7535705566406,83.84336853027344,952.9797973632812,152.18324279785156,727.2500610351562,402.09918212890625,290.6791076660156,68.19856262207031,258.4211120605469,595.250732421875,306.6300354003906,144.73886108398438,143.94100952148438,154.1373291015625,299.4014892578125,347.26275634765625,96.02154541015625,108.1456527709961,145.08018493652344
2025-08-25,48.425132751464844,294.24139404296875,82.00923156738281,936.1181640625,152.20249938964844,724.2112426757812,398.3099365234375,289.3642578125,67.0316162109375,253.65892028808594,589.5362548828125,306.01495361328125,144.37704467773438,142.5558624267578,151.68931579589844,296.90826416015625,346.05242919921875,95.26788330078125,108.59268188476562,144.11868286132812
2025-08-26,49.17871856689453,293.8109130859375,82.08728790283203,935.879638671875,151.39434814453125,734.1707763671875,396.98516845703125,292.96533203125,66.83712005615234,253.1298065185547,587.9461669921875,305.5268249511719,145.66781616210938,141.40155029296875,151.5144500732422,292.5937805175781,348.3936767578125,95.24806213378906,108.34972381591797,144.2560272216797
2025-08-27,49.30594253540039,293.4489440917969,82.38971710205078,944.0121459960938,153.2030792236328,734.87646484375,397.6669921875,293.6620178222656,66.93436431884766,253.4629669189453,587.0020751953125,304.05255126953125,146.0687255859375,142.01719665527344,152.4761962890625,295.95379638671875,347.5702819824219,95.27780151367188,109.5742416381836,142.58810424804688
2025-08-28,49.41360092163086,292.5195007324219,81.38485717773438,939.4785766601562,153.28005981445312,736.3958740234375,396.8974914550781,295.4184265136719,66.47731018066406,252.355712890625,586.8231811523438,304.8238220214844,146.85096740722656,141.38233947753906,151.20359802246094,294.4052734375,347.0841369628906,95.30755615234375,110.15734100341797,142.7254638671875
2025-08-29,49.658267974853516,294.3489685058594,82.01899719238281,937.8480834960938,154.51150512695312,734.4544677734375,396.2350769042969,295.7618408203125,67.08995056152344,252.865234375,591.6033935546875,306.1125793457031,147.14431762695312,142.98870849609375,152.5538787841797,301.7875671386719,348.98895263671875,96.17029571533203,111.07086181640625,144.19715881347656
2025-09-02,49.345088958740234,294.20220947265625,82.33118438720703,933.3742065429688,155.6948699951172,720.2630004882812,395.7869873046875,294.0741882324219,67.15802764892578,253.5315399169922,588.20458984375,310.0301818847656,145.5504608154297,144.556640625,153.4767608642578,300.7454833984375,347.2925109863281,97.03302001953125,111.45960235595703,143.3887176513672
2025-09-03,48.99277114868164,293.96746826171875,81.76532745361328,944.2706909179688,152.0677947998047,719.977294921875,397.1507263183594,293.8877258300781,67.08995056152344,255.43251037597656,589.6058349609375,310.64874267578125,145.23756408691406,142.97909545898438,153.651611328125,299.8494873046875,348.08612060546875,98.60974884033203,108.75790405273438,142.5112762451172
2025-09-04,49.540828704833984,298.9427490234375,81.62875366210938,950.3551025390625,151.7118377685547,738.0516357421875,403.3028259277344,298.1168212890625,66.37034606933594,259.2442321777344,591.9512329101562,311.23785400390625,147.19322204589844,141.29574584960938,154.64248657226562,302.2842712402344,348.2052001953125,100.08731079101562,109.23410034179688,141.6436767578125
2025-09-05,48.979881286621094,300.2013244628906,83.05313110351562,957.8911743164062,147.83462524414062,727.5164184570312,410.4149169921875,288.8540344238281,66.08832550048828,264.5354919433594,580.6019287109375,308.67523193359375,144.80731201171875,142.19229125976562,155.44874572753906,307.1636047363281,340.4968566894531,99.67081451416016,106.15340423583984,142.54086303710938
2025-09-08,48.674800872802734,295.8553161621094,82.13607788085938,966.2125244140625,148.16172790527344,731.1036987304688,411.38470458984375,287.41162109375,65.57292175292969,267.52410888671875,582.9671020507812,307.1238708496094,145.4917755126953,137.646484375,154.46762084960938,311.89678955078125,339.5841369628906,101.42603302001953,106.75592041015625,145.9027557373047
2025-09-09,49.49162292480469,296.9565734863281,82.22386932373047,973.5696411132812,148.97950744628906,752.85400390625,406.87841796875,292.2589111328125,65.99108123779297,263.6144104003906,580.3832397460938,306.84893798828125,148.84576416015625,138.9966278076172,154.90476989746094,338.8451232910156,341.2607421875,101.43595123291016,107.53339385986328,143.72393798828125
2025-09-10,49.334163665771484,297.3793640136719,81.17021179199219,950.7427368164062,151.8080291748047,758.4320068359375,404.8114318847656,294.89837646484375,65.95218658447266,261.184326171875,575.7919921875,300.38836669921875,150.70364379882812,138.5692596435547,152.8550262451172,337.73486328125,335.43731689453125,99.57166290283203,109.33128356933594,143.96054077148438
2025-09-11,49.9443244934082,300.7519836425781,82.00923156738281,958.7262573242188,152.2506103515625,773.362548828125,414.7938537597656,299.8241271972656,65.75769805908203,266.91656494140625,585.0840454101562,302.83319091796875,153.01132202148438,140.09422302246094,154.09848022460938,344.3866271972656,340.7646789550781,101.79295349121094,108.9814224243164,147.03652954101562
2025-09-12,49.77701950073242,297.69403076171875,81.24826049804688,962.2854614257812,151.15382385253906,768.76025390625,414.0787048339844,301.1488037109375,65.16448974609375,266.3580017089844,576.8154907226562,299.8581848144531,152.92332458496094,139.41429138183594,153.3893280029297,343.31536865234375,336.7369384765625,102.62593078613281,109.00086975097656,147.381591796875
2025-09-15,49.786861419677734,292.1680603027344,80.1263198852539,954.5307006835938,151.3462371826172,775.3631591796875,414.0982971191406,303.1014404296875,64.88031768798828,266.6128234863281,579.3497924804688,296.588623046875,153.16778564453125,136.607177734375,152.34988403320312,340.9534606933594,336.3598937988281,102.82427215576172,109.18550872802734,146.7999267578125
2025-09-16,49.855751037597656,289.28704833984375,79.4921875,946.5473022460938,153.49169921875,774.1509399414062,412.86395263671875,303.3860168457031,64.90971374511719,265.07440185546875,582.788330078125,297.7864685058594,152.35618591308594,136.01466369628906,153.53504943847656,333.005126953125,337.3321533203125,102.55652618408203,111.44988250732422,145.92247009277344
2025-09-17,50.58400344848633,291.6272277832031,80.21412658691406,957.4437866210938,154.02085876464844,782.715087890625,408.504638671875,305.8979187011719,65.69364166259766,262.55615234375,594.9227294921875,299.43597412109375,153.92071533203125,137.1802520751953,155.74990844726562,334.79864501953125,343.4532165527344,103.39942169189453,112.0427017211914,146.16893005371094
2025-09-18,51.30241394042969,288.8446350097656,79.54096221923828,946.8356323242188,152.8182373046875,792.658935546875,408.974853515625,307.3501892089844,65.12528991699219,262.183837890625,582.4205932617188,295.67547607421875,155.71014404296875,136.69459533691406,152.82591247558594,328.14404296875,335.496826171875,102.73501586914062,110.72100830078125,143.2112579345703
2025-09-19,51.42050552368164,285.50146484375,79.18973541259766,945.642578125,150.28794860839844,793.3389282226562,407.2213134765625,308.8710632324219,65.09589385986328,259.8615417480469,580.5422973632812,296.89300537109375,156.3653106689453,137.69505310058594,151.5824432373047,329.97674560546875,338.89959716796875,101.47562408447266,109.64227294921875,143.6056365966797
2025-09-22,51.095741271972656,283.7906188964844,77.42390441894531,937.7883911132812,150.13400268554688,793.8908081054688,403.6064758300781,306.5749816894531,64.88031768798828,255.1483612060547,580.8703002929688,297.49188232421875,157.1475830078125,136.98597717285156,148.6973114013672,334.49481201171875,341.6277770996094,101.9615249633789,108.86479949951172,147.1647186279297
2025-09-23,50.87923812866211,285.2261657714844,78.19462585449219,938.1264038085938,151.45205688476562,794.6398315429688,402.5386962890625,306.8693542480469,65.37027740478516,254.5800323486328,566.4401245117188,297.6882629394531,157.1964569091797,137.83103942871094,148.14358520507812,340.7574462890625,336.0127258300781,101.66403198242188,110.74044036865234,147.33230590820312
2025-09-24,50.87923812866211,286.5535583496094,79.15071868896484,939.7868041992188,153.14532470703125,780.9510498046875,401.42193603515625,307.53662109375,65.11549377441406,252.14991760253906,565.287353515625,298.80755615234375,154.38031005859375,138.09329223632812,148.0658721923828,344.7952575683594,335.99285888671875,101.87227630615234,111.333251953125,147.3421630859375
2025-09-25,51.02685546875,279.3069152832031,77.7555923461914,937.838134765625,154.62696838378906,783.247314453125,399.14923095703125,307.5660400390625,64.65493774414062,250.38616943359375,563.7867431640625,296.81439208984375,155.4265594482422,135.90782165527344,147.80357360839844,338.6698913574219,332.2726135253906,102.18960571289062,112.3342514038086,148.28863525390625
2025-09-26,51.38113784790039,281.381591796875,77.6482925415039,910.6369018554688,154.08819580078125,790.885009765625,401.73541259765625,310.12701416015625,64.35115051269531,251.94415283203125,561.6301879882812,299.7010498046875,156.5608673095703,136.4129180908203,148.14358520507812,337.2193603515625,334.69329833984375,102.29869079589844,113.91834259033203,150.54632568359375
2025-09-29,51.587806701660156,281.84375,78.43852996826172,911.551513671875,150.18211364746094,792.4716796875,398.51239013671875,309.7640075683594,64.71372985839844,248.22067260742188,564.62158203125,297.49188232421875,157.58758544921875,136.15065002441406,149.1441650390625,338.2974548339844,337.46112060546875,102.21935272216797,111.00284576416016,151.7688446044922
2025-09-30,50.7709846496582,283.42681884765625,77.98975372314453,920.2606811523438,149.40281677246094,784.814208984375,396.93524169921875,309.50885009765625,64.98809814453125,246.25111389160156,565.287353515625,298.3755798339844,155.43637084960938,136.4129180908203,149.26072692871094,338.4150695800781,338.67144775390625,102.19952392578125,109.5742416381836,149.856201171875
2025-10-01,49.87543487548828,286.7698974609375,77.08243560791016,912.018798828125,148.71974182128906,774.1312866210938,388.9316711425781,304.8774719238281,65.43887329101562,242.99795532226562,570.2166748046875,295.06671142578125,153.41224670410156,139.03549194335938,148.80413818359375,341.3552551269531,345.07025146484375,101.10871124267578,108.83564758300781,151.0294189453125
2025-10-02,49.67860794067383,292.0107421875,76.39952087402344,911.4520874023438,147.5555877685547,768.090087890625,386.962646484375,301.77679443359375,64.77252197265625,242.35122680664062,573.754638671875,294.4383239746094,151.8574981689453,138.22927856445312,147.70643615722656,346.6672058105469,343.2052001953125,100.85086822509766,108.15536499023438,149.2153778076172
2025-10-03,49.83606719970703,305.7961120605469,76.09708404541016,910.0701293945312,147.72877502441406,778.5364990234375,387.0116271972656,304.210205078125,65.31147766113281,241.39097595214844,576.8553466796875,295.5184020996094,154.09671020507812,137.9087371826172,147.920166015625,353.01800537109375,347.0643615722656,101.21778869628906,110.06989288330078,148.564697265625
2025-10-06,49.59003829956055,297.920166015625,75.56049346923828,905.6558227539062,148.18096923828125,785.238037109375,381.3983459472656,304.8511047363281,64.77252197265625,236.80516052246094,575.2254638671875,290.66802978515625,154.58563232421875,135.69410705566406,146.11329650878906,351.61651611328125,346.5087585449219,101.842529296875,110.98340606689453,146.68161010742188
2025-10-07,49.49162292480469,302.000732421875,77.18000030517578,909.4934692382812,149.0372314453125,778.2113647460938,378.9296875,303.38201904296875,65.44866943359375,235.06100463867188,576.2490844726562,290.94293212890625,152.5126190185547,136.7528533935547,148.18243408203125,356.4090270996094,349.62384033203125,102.3780288696289,111.04171752929688,144.6506805419922
2025-10-08,49.04876708984375,301.6271057128906,76.09708404541016,909.4934692382812,147.91159057617188,765.2615966796875,375.9712219238281,299.773193359375,64.79212188720703,232.80731201171875,572.8701171875,289.0577392578125,152.19973754882812,134.8587646484375,146.38528442382812,362.544189453125,348.572265625,102.04085540771484,110.8084716796875,143.97039794921875
2025-10-09,48.99956512451172,301.0076599121094,75.91170501708984,937.4205932617188,145.8911895751953,768.6616821289062,369.9954833984375,301.2522277832031,65.03710174560547,229.94607543945312,561.79443359375,288.47845458984375,152.8059844970703,140.5604705810547,146.2784423828125,360.358642578125,344.2865905761719,100.92029571533203,109.72974395751953,140.67752075195312
2025-10-10,47.87765884399414,295.6979675292969,76.05805206298828,924.6152954101562,143.2550811767578,753.28759765625,368.0950012207031,296.67718505859375,65.69364166259766,227.54541015625,554.7589111328125,291.6204528808594,148.49374389648438,145.7764892578125,145.4138641357422,347.431640625,340.9234313964844,100.98970794677734,107.61113739013672,139.62258911132812
2025-10-13,48.084327697753906,290.4670104980469,75.10196685791016,930.1331176757812,146.1798095703125,775.3828735351562,371.6412353515625,303.6580810546875,65.45846557617188,229.75991821289062,556.5103759765625,294.6641540527344,151.69125366210938,144.62060546875,143.27670288085938,351.5086975097656,340.5762023925781,101.26737213134766,109.07860565185547,138.4888153076172
2025-10-14,49.294795989990234,297.0745849609375,76.48731994628906,941.01953125,146.61276245117188,759.594970703125,379.8211364746094,297.85052490234375,66.15421295166016,235.90370178222656,565.1480102539062,299.03338623046875,151.89657592773438,147.19461059570312,144.89898681640625,352.75335693359375,345.61590576171875,106.31488037109375,109.12720489501953,141.94931030273438
2025-10-15,51.45003128051758,289.64105224609375,75.73609924316406,949.4503784179688,146.3433837890625,756.805908203125,380.3893127441406,301.4100036621094,65.73284149169922,236.6680145263672,560.0629272460938,299.7109069824219,159.0445556640625,146.8255157470703,143.2086944580078,353.94903564453125,342.9472961425781,108.11967468261719,108.46635437011719,142.47183227539062
2025-10-16,49.639244079589844,286.1996154785156,76.17512512207031,920.2506713867188,145.95852661132812,747.1085205078125,379.4978942871094,294.3600769042969,66.23259735107422,238.20639038085938,547.196044921875,299.7893981933594,156.4728546142578,148.29220581054688,145.32643127441406,349.5583801269531,332.7388610839844,105.58106231689453,107.52368927001953,141.35775756835938
2025-10-17,50.46590805053711,294.26239013671875,77.707275390625,930.898681640625,147.27659606933594,739.89453125,383.9159851074219,293.3938293457031,67.0655288696289,239.77418518066406,558.23193359375,302.49932861328125,155.1527862548828,149.30238342285156,147.0749969482422,349.4897766113281,339.17742919921875,106.83053588867188,109.07860565185547,143.201416015625
2025-10-20,51.21384048461914,301.70574951171875,77.34388732910156,930.679931640625,148.62351989746094,752.2626953125,380.9673156738281,298.1265869140625,67.0655288696289,237.3931121826172,563.5956420898438,302.1851501464844,158.379638671875,149.23439025878906,147.6190185546875,357.2126770019531,341.6773986816406,106.15621185302734,109.52564239501953,146.0703582763672
2025-10-21,50.70209503173828,302.3547058105469,77.21620178222656,932.0618286132812,147.9596710205078,747.985595703125,382.9363708496094,292.93035888671875,69.7896957397461,240.33270263671875,569.2379760742188,301.9004211425781,155.7003631591797,148.78758239746094,147.28871154785156,358.08489990234375,344.4551696777344,105.33314514160156,109.53536987304688,146.4351348876953
2025-10-22,50.28876495361328,302.718505859375,78.4340591430664,939.2001953125,149.67221069335938,733.8138427734375,381.0456848144531,289.99212646484375,69.38792419433594,239.8009796142578,568.5711669921875,304.482666015625,154.61497497558594,148.6418914794922,147.85214233398438,354.2822265625,342.619873046875,106.24545288085938,111.47904205322266,145.30136108398438
2025-10-23,50.93828582763672,299.96539306640625,77.03942108154297,936.58544921875,150.6246795654297,739.9044189453125,377.1859436035156,290.4161376953125,68.53541564941406,240.13577270507812,570.969482421875,301.3996887207031,155.77859497070312,147.1654815673828,147.8618621826172,353.26300048828125,343.215087890625,105.96780395507812,112.71327209472656,144.3055877685547
2025-10-24,51.73542785644531,296.73040771484375,76.6072769165039,926.73291015625,149.66258239746094,772.5248413085938,378.80230712890625,296.2334899902344,68.31002044677734,238.99354553222656,570.8699340820312,300.2410888671875,160.22772216796875,147.20431518554688,149.1697540283203,355.2721252441406,344.6238708496094,105.28355407714844,112.13988494873047,141.3380584716797
2025-10-27,52.17828369140625,304.006591796875,76.4403076171875,924.4561767578125,149.3931884765625,778.5463256835938,377.4210510253906,299.89154052734375,68.65299224853516,239.91912841796875,569.5662841796875,304.3747253417969,162.33984375,148.2533721923828,148.4361114501953,358.6827392578125,345.06036376953125,103.59776306152344,112.67440032958984,140.96340942382812
2025-10-28,52.030662536621094,303.2494812011719,75.76262664794922,918.7991943359375,148.28680419921875,780.615966796875,377.89129638671875,301.0846252441406,68.75099182128906,240.3327178955078,563.167724609375,300.84002685546875,161.54782104492188,145.81532287597656,148.0741424560547,360.5056457519531,344.14764404296875,102.30860137939453,111.79002380371094,139.1000518798828
2025-10-29,51.745269775390625,294.1148986816406,74.3778076171875,907.1272583007812,149.2200164794922,771.7167358398438,370.3383483886719,301.2325439453125,66.97733306884766,234.83815002441406,551.8731689453125,296.863525390625,160.3939666748047,141.96888732910156,145.53074645996094,348.1764831542969,338.572265625,101.60453033447266,113.1700210571289,137.22686767578125
2025-10-30,52.1881217956543,242.96536254882812,75.14388275146484,914.84228515625,147.69992065429688,778.7138671875,371.81756591796875,305.10748291015625,67.59468841552734,236.1477813720703,550.9774780273438,296.94207763671875,161.59669494628906,143.31903076171875,146.32313537597656,337.87603759765625,342.29248046875,101.37645721435547,111.45960235595703,137.09869384765625
2025-10-31,52.60145568847656,240.32037353515625,75.67424011230469,907.4449462890625,151.74069213867188,777.9353637695312,371.8567810058594,306.7639465332031,67.51628875732422,234.48367309570312,549.2957763671875,293.0146179199219,161.34091186523438,141.90089416503906,147.09591674804688,334.7496337890625,338.0365295410156,100.3352279663086,111.1388931274414,136.2606964111328
2025-11-03,52.70970916748047,254.29257202148438,73.64120483398438,923.9620361328125,148.20021057128906,774.14111328125,370.64202880859375,305.0187683105469,66.60497283935547,232.03179931640625,541.4144287109375,290.99200439453125,160.99658203125,139.48228454589844,144.79708862304688,327.1345520019531,334.22698974609375,100.7417984008789,110.55580139160156,137.41419982910156
2025-11-04,52.69002914428711,260.2315368652344,75.18316650390625,936.606201171875,147.57484436035156,779.3742065429688,375.2756652832031,304.920166015625,67.28112030029297,234.11932373046875,550.0520629882812,293.7804870605469,161.3507537841797,138.80235290527344,143.96559143066406,324.23358154296875,337.6000061035156,101.4161148071289,110.92509460449219,147.4407501220703
2025-11-05,51.617332458496094,255.23651123046875,75.53673553466797,930.9213256835938,146.8725128173828,781.6015014648438,366.2239074707031,307.3161315917969,67.13412475585938,230.7615509033203,550.6093139648438,300.123291015625,162.50177001953125,138.7635040283203,142.61563110351562,321.2052001953125,337.34210205078125,100.62281036376953,110.4780502319336,147.2830047607422
2025-11-06,52.44399642944336,252.09007263183594,75.89031219482422,919.5216674804688,147.14190673828125,776.1713256835938,361.5511169433594,309.03179931640625,67.6730728149414,227.80747985839844,550.5794677734375,292.9949951171875,160.7703094482422,137.52020263671875,142.94822692871094,315.1484375,334.2864990234375,100.83104705810547,111.27496337890625,145.52810668945312
2025-11-07,52.35542297363281,260.1528625488281,77.35369873046875,918.685302734375,149.14306640625,774.9492797851562,363.5495300292969,309.8106994628906,69.13316345214844,229.58978271484375,549.2758178710938,294.2223205566406,159.72750854492188,138.85092163085938,143.77972412109375,317.7455749511719,333.3539733886719,101.73344421386719,113.91834259033203,147.01681518554688
2025-11-10,52.57193374633789,253.84030151367188,77.06888580322266,911.536865234375,149.74917602539062,785.6519165039062,362.8833923339844,312.4532165527344,69.10375213623047,229.46176147460938,550.2610473632812,293.6725158691406,162.3739013671875,138.5303955078125,142.3319549560547,315.16802978515625,332.19329833984375,101.56486511230469,114.89018249511719,146.16893005371094
2025-11-11,52.77859878540039,263.515625,78.051025390625,909.8442993164062,150.31680297851562,798.572021484375,366.6157531738281,311.2009582519531,70.17186737060547,231.7363739013672,555.624755859375,301.26220703125,163.80038452148438,140.9198455810547,145.30575561523438,320.9209899902344,336.2309875488281,102.57635498046875,116.40623474121094,148.6238250732422
2025-11-12,53.2509765625,266.08197021484375,77.15727233886719,909.9837646484375,147.5074920654297,826.81689453125,363.5691223144531,315.92388916015625,70.0738754272461,231.10617065429688,558.4906616210938,301.3702087402344,167.16493225097656,140.2496337890625,144.78729248046875,332.2994689941406,336.8572082519531,102.57635498046875,114.79299926757812,147.26329040527344
2025-11-13,52.030662536621094,266.3573303222656,77.38316345214844,921.0150146484375,149.68182373046875,793.8316650390625,360.57147216796875,305.1469421386719,69.64270782470703,227.92564392089844,552.8583374023438,301.99859619140625,162.92481994628906,140.861572265625,144.73838806152344,325.8899230957031,334.07391357421875,101.68386840820312,115.44412231445312,147.61822509765625
2025-11-14,51.7747917175293,265.1478576660156,76.65637969970703,918.9242553710938,151.6444854736328,779.4530639648438,354.977783203125,299.3591003417969,69.73090362548828,224.36106872558594,543.0663452148438,301.4585876464844,161.20318603515625,141.66778564453125,144.45469665527344,315.4424133300781,328.0500793457031,101.6243667602539,116.94403076171875,146.91822814941406
2025-11-17,50.6627311706543,266.7898864746094,77.4028091430664,908.5798950195312,148.9506378173828,764.3253784179688,350.7359924316406,296.1644592285156,69.26054382324219,221.55471801757812,534.2296142578125,299.3672180175781,156.8647003173828,143.5909881591797,142.64498901367188,314.1291809082031,323.8055725097656,102.09044647216797,115.36569213867188,145.9421844482422
2025-11-18,50.820194244384766,268.04852294921875,77.91352844238281,891.1468505859375,149.44677734375,765.0546264648438,329.62506103515625,295.2179260253906,69.7896957397461,216.20785522460938,525.0049438476562,299.0628662109375,157.238525390625,144.50405883789062,143.78952026367188,307.3275146484375,319.2628479003906,100.54346466064453,116.68914794921875,146.72105407714844
2025-11-19,51.194156646728516,267.4388732910156,77.06888580322266,886.6865844726562,147.57894897460938,774.6043701171875,327.6853942871094,299.02386474609375,69.6819076538086,224.91250610351562,527.7713012695312,297.2464294433594,159.6586456298828,142.8916473388672,143.78952026367188,302.92706298828125,322.1852722167969,99.76997375488281,115.04218292236328,146.2281036376953
2025-11-20,50.19035339355469,265.0888671875,77.45191955566406,889.36474609375,146.22669982910156,762.4923095703125,325.60858154296875,294.2023620605469,69.77989959716797,224.93218994140625,525.303466796875,298.64068603515625,156.12686157226562,141.9105987548828,144.96337890625,305.3282470703125,321.83740234375,106.21570587158203,114.71866607666016,147.1055450439453
2025-11-21,50.741458892822266,273.4367980957031,79.48495483398438,895.0595703125,145.90565490722656,762.817626953125,336.3257141113281,293.84735107421875,71.48495483398438,230.70245361328125,537.7623901367188,303.7364807128906,155.60543823242188,142.13401794433594,147.63394165039062,313.5901184082031,326.02227783203125,104.44065856933594,114.7774887084961,150.8223876953125
2025-11-24,51.1055908203125,266.9275817871094,77.76619720458984,882.2262573242188,145.68191528320312,779.2559814453125,329.7229919433594,293.8276672363281,71.1321792602539,225.25714111328125,535.2247314453125,299.3672180175781,160.1898956298828,141.3278045654297,143.77972412109375,312.6884765625,327.3343811035156,103.19117736816406,113.68932342529297,148.94918823242188
2025-11-25,51.646854400634766,273.54498291015625,78.39476776123047,890.400146484375,144.49505615234375,790.69775390625,343.9178161621094,298.75762939453125,71.15178680419922,234.45411682128906,543.8026733398438,304.8165283203125,162.7477264404297,141.92030334472656,145.25685119628906,319.7743225097656,332.5331726074219,106.10663604736328,112.25802612304688,151.82798767089844
2025-11-26,52.148765563964844,273.6924743652344,78.61084747314453,904.2689819335938,145.44842529296875,804.1895141601562,348.2281494140625,303.33270263671875,71.41636657714844,237.91036987304688,542.2702026367188,306.73114013671875,165.217041015625,143.7366943359375,145.02207946777344,323.13592529296875,331.7975769042969,108.18909454345703,112.5129165649414,151.63082885742188
2025-11-28,52.798282623291016,272.6403503417969,78.95459747314453,909.5755615234375,147.02442932128906,814.0741577148438,349.64862060546875,308.696533203125,71.65154266357422,238.7670440673828,547.8429565429688,306.16168212890625,166.90914916992188,144.4748992919922,144.9340362548828,323.1947326660156,332.4437255859375,109.58732604980469,113.64030456542969,151.04913330078125
2025-12-01,52.39479064941406,268.992431640625,78.51263427734375,907.9526977539062,148.3961181640625,799.1140747070312,350.0502624511719,304.5948181152344,71.00025177001953,242.61717224121094,541.3148803710938,299.8499755859375,165.73843383789062,145.22280883789062,144.22972106933594,316.7655334472656,328.4178771972656,110.59880828857422,114.33634185791016,148.515380859375
2025-12-02,52.345584869384766,269.5135803222656,77.41263580322266,917.9784545898438,146.1683349609375,807.3839721679688,346.8174743652344,303.5693359375,69.73715209960938,239.44650268554688,543.2454223632812,297.034912109375,166.348388671875,144.3486328125,142.6841278076172,318.06903076171875,327.6524658203125,111.47146606445312,113.11092376708984,146.2271728515625
2025-12-03,53.231292724609375,265.79681396484375,76.80369567871094,918.2073974609375,147.471923828125,828.5388793945312,350.61846923828125,307.75982666015625,69.87529754638672,243.1587677001953,551.0272216796875,303.9392395019531,170.9033203125,143.81439208984375,143.51560974121094,332.9365234375,327.6425476074219,113.45476531982422,115.48332977294922,147.11868286132812
2025-12-04,53.3001823425293,265.41119384765625,76.21441650390625,891.9234008789062,148.12371826171875,829.7867431640625,346.2408142089844,311.67425537109375,69.52005004882812,242.40054321289062,539.6630249023438,304.75909423828125,172.05435180664062,142.6973876953125,142.1950225830078,326.8405456542969,325.14752197265625,113.88116455078125,114.83631134033203,144.48377990722656
2025-12-05,53.36943435668945,262.464599609375,76.676025390625,890.7486572265625,145.92514038085938,846.3561401367188,349.6324768066406,310.6291198730469,69.07598876953125,244.66534423828125,542.8573608398438,307.4161071777344,173.64808654785156,142.2393341064453,140.3265838623047,324.31201171875,329.2628173828125,114.14891052246094,114.24810791015625,143.59228515625
2025-12-08,53.319969177246094,260.5859069824219,74.75102233886719,883.6201171875,144.670166015625,858.3696899414062,344.99847412109375,310.79669189453125,69.32269287109375,241.07122802734375,537.8021850585938,305.9937744140625,173.962890625,142.837646484375,135.32785034179688,319.2998046875,324.88909912109375,112.61185455322266,113.69912719726562,141.18521118164062
2025-12-09,52.963844299316406,259.76519775390625,75.60548400878906,884.5360717773438,144.45616149902344,868.164794921875,340.423583984375,296.30255126953125,69.16480255126953,238.95416259765625,534.92626953125,306.98150634765625,175.9304656982422,141.86660766601562,136.5897674560547,319.28009033203125,324.5511169433594,114.0993423461914,115.92448425292969,141.6903839111328
2025-12-10,53.4980354309082,259.65643310546875,76.3715591430664,870.567626953125,147.29681396484375,880.7032470703125,346.2013244628906,305.76806640625,69.28321838378906,242.4300994873047,536.2297973632812,306.7247009277344,176.79620361328125,146.82958984375,136.775634765625,323.9864196777344,323.78570556640625,112.23503112792969,117.1891098022461,142.53237915039062
2025-12-11,53.97286605834961,269.2081604003906,75.87065887451172,880.5934448242188,146.6255645751953,902.2840576171875,352.4424743652344,312.9363098144531,68.19773864746094,244.28131103515625,560.6201782226562,305.91473388671875,177.36679077148438,146.1822509765625,137.69515991210938,332.23480224609375,343.5669250488281,114.55548858642578,117.1891098022461,146.7224578857422
2025-12-12,54.54662322998047,271.6208190917969,76.94119262695312,880.58349609375,145.9154052734375,879.435546875,354.60174560546875,314.0603332519531,69.58912658691406,243.50340270996094,569.138427734375,312.8388366699219,175.51727294921875,147.76138305664062,139.72987365722656,337.276611328125,345.7537536621094,115.96154022216797,116.48326873779297,149.63470458984375
2025-12-15,54.73458480834961,274.0433349609375,78.0117416381836,856.778564453125,145.73057556152344,881.0499267578125,351.9790954589844,315.53936767578125,70.03318786621094,244.9705810546875,566.3521118164062,314.8241882324219,174.90731811523438,148.32044982910156,141.97000122070312,336.5464782714844,344.8194274902344,116.05097198486328,115.44412231445312,152.3686981201172
2025-12-16,54.220176696777344,273.0149841308594,77.5403060913086,856.6093139648438,142.76341247558594,870.7100830078125,347.72955322265625,311.1319274902344,69.44110870361328,242.6959686279297,563.25732421875,310.6460266113281,173.64808654785156,147.4867401123047,142.04827880859375,329.7386169433594,343.0500183105469,114.68964385986328,112.42469024658203,149.60499572753906
2025-12-17,53.962974548339844,270.77044677734375,78.30638122558594,858.859375,145.4581756591797,863.95556640625,351.742431640625,310.5699462890625,69.73715209960938,244.16314697265625,562.7099609375,314.7846984863281,171.96580505371094,147.2023162841797,144.59165954589844,327.2029113769531,342.35418701171875,114.92813110351562,115.10101318359375,151.69509887695312
2025-12-18,53.67609405517578,270.9286193847656,76.34209442138672,853.8216552734375,143.67787170410156,867.887451171875,350.0071716308594,308.6176452636719,69.43123626708984,243.91697692871094,563.4463500976562,315.73291015625,170.15565490722656,146.5059356689453,142.3515167236328,323.759521484375,343.94464111328125,114.10338592529297,114.24810791015625,153.24037170410156
2025-12-19,54.675228118896484,268.8423156738281,76.9608383178711,851.8602905273438,143.73623657226562,884.9024658203125,340.1573791503906,312.7686767578125,69.13520050048828,236.75828552246094,569.4369506835938,311.9696044921875,174.11045837402344,145.3191375732422,141.31459045410156,323.0491027832031,347.1653137207031,113.6363525390625,114.3951644897461,152.29934692382812
2025-12-22,55.278663635253906,272.5107116699219,77.62870025634766,846.2649536132812,145.73057556152344,890.3695678710938,341.52789306640625,318.56634521484375,69.28321838378906,238.3633270263672,572.8900756835938,312.344970703125,176.8453826904297,144.2304229736328,139.5831298828125,320.81927490234375,349.98834228515625,111.88748931884766,115.82644653320312,153.8050079345703
2025-12-23,55.36769485473633,270.68145751953125,78.50281524658203,851.0338745117188,146.4212646484375,893.0535278320312,340.1278076171875,321.3666076660156,68.94771575927734,238.44210815429688,573.536865234375,307.0308837890625,176.589599609375,140.92503356933594,140.0624542236328,320.46405029296875,351.2706604003906,110.1982421875,117.07146453857422,153.0719757080078
2025-12-24,55.64468002319336,271.77899169921875,78.81710052490234,868.0289306640625,146.4115447998047,902.0364379882812,342.46453857421875,324.5612487792969,69.18453979492188,239.27908325195312,576.6217651367188,309.4903564453125,178.70474243164062,140.98388671875,141.34396362304688,323.2069396972656,353.0201416015625,110.90375518798828,116.87541198730469,152.8639678955078
2025-12-26,55.5655403137207,273.4104919433594,78.30638122558594,869.5123291015625,145.944580078125,898.3323364257812,344.87030029296875,323.31890869140625,68.94771575927734,240.7462921142578,576.77099609375,306.8728332519531,178.92117309570312,141.0231170654297,141.5885009765625,327.40020751953125,352.8809814453125,111.03292846679688,116.76757049560547,151.79415893554688
2025-12-29,54.754364013671875,272.9161376953125,78.26710510253906,864.026611328125,146.8882293701172,883.614990234375,342.572998046875,319.2171325683594,69.23387908935547,240.0963897705078,575.0792846679688,304.74920654296875,177.0224609375,141.47430419921875,141.4221954345703,324.5487976074219,352.4933166503906,111.81792449951172,118.1596450805664,150.8332977294922
2025-12-30,54.68511962890625,273.380859375,78.0903091430664,861.8462524414062,148.17237854003906,875.929443359375,341.48846435546875,318.8917541503906,69.14507293701172,239.4563446044922,574.6016235351562,304.25531005859375,176.17640686035156,141.3958282470703,140.9135284423828,327.725830078125,351.50921630859375,111.21178436279297,118.610595703125,150.744140625
2025-12-31,54.40813064575195,272.1448669433594,77.60905456542969,858.55078125,148.26966857910156,870.5615234375,339.27001953125,317.70855712890625,68.9871826171875,237.46726989746094,568.0936279296875,301.8847351074219,174.6515350341797,140.76809692382812,140.1896514892578,325.70318603515625,348.6165771484375,110.70501708984375,117.97338104248047,149.85264587402344
2026-01-02,55.3479118347168,275.99127197265625,76.30281066894531,850.7451782226562,151.6648406982422,905.5623168945312,340.96588134765625,320.92291259765625,68.20761108398438,243.10952758789062,560.3814086914062,299.54376220703125,178.95068359375,139.50282287597656,138.70272827148438,331.9092102050781,344.411865234375,112.04647827148438,120.23795318603516,149.07009887695312
2026-01-05,56.277793884277344,280.7868957519531,75.55638122558594,871.891845703125,159.39889526367188,939.3348999023438,339.2601623535156,329.3630676269531,67.04318237304688,241.00230407714844,565.7948608398438,296.1854248046875,183.51544189453125,137.2371368408203,137.31365966796875,337.4541931152344,351.6881408691406,111.99678802490234,122.8946533203125,148.87197875976562
2026-01-06,56.63391876220703,281.56805419921875,75.8215560913086,885.1930541992188,152.28744506835938,946.29736328125,344.3871765136719,331.41326904296875,66.94450378417969,242.7156524658203,577.5074462890625,299.05975341796875,184.70582580566406,136.29554748535156,136.86366271972656,344.3114013671875,355.4256896972656,113.6164779663086,118.66942596435547,149.98143005371094
2026-01-07,55.04124450683594,275.99127197265625,75.71350860595703,878.7018432617188,150.98385620117188,931.9861450195312,344.1603698730469,323.8660888671875,66.6484603881836,243.3360137939453,577.0894165039062,300.4327697753906,181.7938232421875,134.38291931152344,135.0343780517578,337.13848876953125,353.7557373046875,112.00672912597656,116.15975952148438,149.07009887695312
2026-01-08,55.575435638427734,280.7275695800781,79.42603302001953,911.2879638671875,154.92384338378906,925.8555297851562,354.51300048828125,326.63934326171875,68.45430755615234,252.28680419921875,577.2387084960938,305.09490966796875,181.68560791015625,136.69766235351562,138.44837951660156,342.2197265625,350.1275329589844,112.3545150756836,120.49284362792969,152.03187561035156
2026-01-09,55.24898147583008,275.82318115234375,80.02513885498047,920.8159790039062,157.70614624023438,929.9656982421875,369.38134765625,326.0450744628906,69.57926177978516,263.11834716796875,573.591064453125,303.55401611328125,183.2990264892578,137.22731018066406,138.78099060058594,339.3880615234375,347.6821594238281,113.8052749633789,122.15940856933594,154.05264282226562
2026-01-12,54.59608840942383,272.9259948730469,80.46709442138672,938.93603515625,157.92990112304688,940.4342651367188,369.6771240234375,321.38995361328125,69.56939697265625,266.7420349121094,564.3624877929688,302.9909973144531,183.5449676513672,138.64952087402344,140.33636474609375,335.96435546875,341.1513977050781,117.22350311279297,121.59081268310547,155.43942260742188
2026-01-13,53.95308303833008,268.76318359375,81.47870635986328,937.7909545898438,159.41831970214844,929.1437377929688,374.4097595214844,307.9297790527344,70.29962921142578,270.0505676269531,543.14453125,305.6480407714844,179.79672241210938,140.72886657714844,141.09938049316406,329.47216796875,325.9228820800781,119.59838104248047,124.05144500732422,154.8847198486328
2026-01-14,51.915252685546875,267.9622802734375,83.04032135009766,946.8012084960938,162.69680786132812,923.71630859375,370.6729736328125,304.9287414550781,70.49699401855469,270.7398681640625,544.9683837890625,304.3540954589844,177.84884643554688,143.12208557128906,143.1634521484375,330.4884338378906,327.2051696777344,119.28041076660156,127.63945770263672,155.64744567871094
2026-01-15,52.02406692504883,274.824462890625,82.83406066894531,952.5458374023438,161.64613342285156,966.4916381835938,373.837890625,306.30548095703125,69.5496597290039,272.7683410644531,540.8125,304.83807373046875,188.12940979003906,143.75961303710938,141.48089599609375,334.43505859375,325.7936096191406,118.44572448730469,126.59052276611328,159.53045654296875
2026-01-16,52.39997863769531,269.15869140625,83.01084899902344,959.375732421875,161.743408203125,952.7647094726562,374.833740234375,309.48480224609375,69.51019287109375,273.300048828125,537.6632080078125,303.6626892089844,186.02410888671875,143.51441955566406,141.38307189941406,326.6010437011719,326.34033203125,118.94255828857422,127.33556365966797,158.74790954589844
2026-01-20,51.53934097290039,268.1995544433594,83.9144287109375,960.0228271484375,160.8094940185547,934.3135986328125,369.8447265625,299.8477478027344,70.80289459228516,264.2901611328125,529.9393920898438,299.12890625,179.14744567871094,144.82872009277344,143.79928588867188,333.912109375,323.8751525878906,117.95882415771484,127.89437103271484,151.7545166015625
2026-01-21,51.50966262817383,271.82843017578125,83.72667694091797,978.5411376953125,162.20065307617188,943.8610229492188,379.2409973144531,299.15447998046875,71.05946350097656,274.09222412109375,525.7835693359375,301.9440002441406,180.34767150878906,143.92636108398438,142.8797607421875,343.1076965332031,323.33837890625,118.6047134399414,130.982421875,152.95310974121094
2026-01-22,51.88557434082031,277.2470397949219,84.79389190673828,971.8804931640625,162.13253784179688,945.4852905273438,375.681640625,300.729248046875,70.92131042480469,271.95574951171875,531.0556640625,302.27984619140625,180.08204650878906,141.6312255859375,146.6654815673828,349.7380065917969,324.41192626953125,117.08439636230469,131.01182556152344,152.08140563964844
2026-01-23,51.163429260253906,276.0703430175781,85.63382720947266,978.929443359375,162.19090270996094,910.0587158203125,378.3831787109375,294.8757019042969,71.91797637939453,273.71636962890625,522.963134765625,305.4603576660156,176.0977020263672,141.80776977539062,147.92355346679688,351.50408935546875,324.2330017089844,116.98502349853516,132.315673828125,151.52670288085938
2026-01-26,51.460201263427734,277.26678466796875,84.19110870361328,973.3739624023438,162.94972229003906,922.9140625,381.1044616699219,298.16400146484375,71.6021957397461,274.883544921875,525.57421875,309.1150207519531,178.93101501464844,143.0730438232422,147.2733612060547,346.9457702636719,326.5291748046875,116.89559936523438,132.18821716308594,151.3781280517578
2026-01-27,51.608585357666016,267.0624694824219,84.74449157714844,966.0164794921875,164.45762634277344,920.7946166992188,375.02105712890625,297.44097900390625,72.57913970947266,270.956787109375,518.6477661132812,310.28057861328125,179.6983642578125,145.92724609375,146.14039611816406,278.92608642578125,323.3184814453125,116.20002746582031,134.13906860351562,152.556884765625
2026-01-28,51.25246047973633,269.3268127441406,83.99348449707031,956.5581665039062,165.31370544433594,927.8165893554688,370.0320739746094,297.89654541015625,72.09559631347656,266.4859924316406,519.6045532226562,308.96685791015625,179.383544921875,145.65260314941406,145.1552276611328,290.094970703125,325.0282287597656,115.83236694335938,134.87432861328125,152.42811584472656
2026-01-29,52.50879669189453,268.229248046875,84.23064422607422,948.7028198242188,166.53948974609375,931.0947875976562,366.591064453125,303.49261474609375,72.4607162475586,263.73626708984375,541.8887939453125,311.6436767578125,179.4425811767578,145.83895874023438,147.67726135253906,288.3880615234375,329.8194580078125,116.66705322265625,137.7467041015625,154.0130157470703
2026-01-30,52.62750244140625,271.03741455078125,89.22084045410156,937.3972778320312,172.0943603515625,926.4299926757812,369.33203125,302.9676818847656,73.82249450683594,264.15167236328125,536.9655151367188,311.1399230957031,180.8274688720703,150.6842498779297,149.51954650878906,283.099609375,319.908935546875,118.3861083984375,138.61920166015625,154.03282165527344
2026-02-02,53.44856643676758,268.4962463378906,90.80189514160156,965.4219970703125,169.30233764648438,937.2451782226562,372.8124694824219,305.1961975097656,74.33563995361328,266.1299133300781,553.4893798828125,314.6266784667969,183.1026611328125,152.22413635253906,150.91848754882812,281.77752685546875,331.8472900390625,123.27496337890625,135.67819213867188,154.69651794433594
2026-02-03,53.864051818847656,272.3030700683594,92.0469741821289,974.9529418945312,173.20338439941406,929.9756469726562,375.75067138671875,311.8420715332031,75.87503814697266,271.85687255859375,548.8551635742188,315.5650329589844,180.93629455566406,159.7274627685547,153.01690673828125,280.3863220214844,326.96661376953125,126.9018783569336,140.90338134765625,157.2422637939453
2026-02-04,54.78404235839844,268.664306640625,93.25253295898438,975.3816528320312,176.3067169189453,904.5322265625,381.7650451660156,314.2389221191406,76.32896423339844,272.845947265625,551.6456909179688,319.72344970703125,178.13682556152344,162.99359130859375,154.54391479492188,272.2366027832031,327.98052978515625,127.19003295898438,144.68746948242188,158.06442260742188
2026-02-05,54.34877395629883,281.3406066894531,93.75648498535156,986.2884521484375,174.36106872558594,881.8619384765625,377.0028076171875,307.1968688964844,77.47366333007812,271.8964538574219,550.021240234375,319.5160217285156,173.94256591796875,164.31771850585938,156.25811767578125,264.9649658203125,327.1654052734375,126.13674926757812,143.20718383789062,159.57008361816406
2026-02-06,55.92166519165039,288.77630615234375,93.29206085205078,998.1224365234375,175.94679260253906,919.8339233398438,379.7438049316406,319.3199462890625,77.9867935180664,275.3484191894531,546.8818359375,323.1509094238281,178.01812744140625,167.22096252441406,156.80979919433594,272.95684814453125,329.60076904296875,130.34991455078125,146.1187744140625,161.39271545410156
2026-02-09,55.802955627441406,291.0999450683594,93.04501342773438,994.5632934570312,177.63954162597656,934.5611572265625,375.6520690917969,319.0228271484375,76.9407958984375,273.8746643066406,533.5172729492188,321.6100158691406,180.38233947753906,163.27804565429688,154.99710083007812,272.0195617675781,323.6365966796875,128.20359802246094,148.2362823486328,157.40074157714844
2026-02-10,54.79393768310547,284.5838623046875,92.81774139404297,968.2832641601562,177.30874633789062,939.879638671875,384.2102355957031,315.2392883300781,75.79609680175781,281.5699157714844,538.5601196289062,321.9754638671875,175.970458984375,163.76846313476562,156.7211456298828,269.5726623535156,326.8838195800781,125.89826202392578,148.6088104248047,157.35122680664062
2026-02-11,53.270503997802734,291.42626953125,94.181396484375,975.17236328125,180.77206420898438,935.5218505859375,385.1961975097656,307.8505859375,77.56246948242188,283.9140930175781,535.6400756835938,319.2492980957031,174.77349853515625,165.9066619873047,157.62750244140625,275.1866760253906,327.9496154785156,127.9551773071289,152.50074768066406,157.55923461914062
2026-02-12,51.95481872558594,284.3860778808594,95.03121185302734,995.8294067382812,177.4449462890625,895.8662719726562,384.7426452636719,299.74871826171875,77.95719146728516,282.4205322265625,525.6739501953125,328.0106201171875,166.24652099609375,163.99403381347656,158.81956481933594,280.57379150390625,322.909423828125,132.79434204101562,147.9611358642578,161.73941040039062
2026-02-13,51.9844970703125,288.17315673828125,95.5252914428711,1015.389892578125,178.74855041503906,896.4506225585938,385.5610046386719,299.6595458984375,77.64141845703125,284.26031494140625,516.604736328125,323.56573486328125,169.3031768798828,162.75820922851562,157.6964874267578,289.2760314941406,312.8490295410156,133.0427703857422,146.50057983398438,159.05499267578125
2026-02-17,52.172454833984375,287.4513244628906,94.51737213134766,1008.9794311523438,177.36343383789062,907.2459106445312,377.6634521484375,304.19580078125,78.50979614257812,278.09814453125,520.16259765625,323.6052551269531,169.68896484375,158.81529235839844,157.18417358398438,285.23077392578125,318.247802734375,128.03466796875,144.270263671875,159.6691436767578
2026-02-18,52.78578186035156,286.8679504394531,94.44820404052734,993.0579223632812,180.6248321533203,924.76611328125,378.1366882324219,305.8300476074219,78.44071960449219,279.05755615234375,526.192138671875,323.8719482421875,174.68447875976562,161.23793029785156,154.53407287597656,284.3526916503906,319.0446472167969,125.81877136230469,148.7012939453125,161.3729248046875
2026-02-19,52.20213317871094,282.7150573730469,92.86714935302734,984.8229370117188,181.51876831054688,907.85009765625,373.2660217285156,305.1070251464844,77.8683853149414,275.15057373046875,518.498291015625,323.10150146484375,172.48843383789062,161.43408203125,156.20884704589844,286.0595703125,317.6800231933594,124.07984924316406,148.98748779296875,161.93753051757812
2026-02-20,52.489009857177734,277.16790771484375,93.96399688720703,982.2806396484375,180.6837615966797,913.3864135742188,376.884521484375,307.82086181640625,78.78610229492188,277.3068542480469,524.62744140625,325.195556640625,173.5172119140625,161.7773895263672,158.39593505859375,286.1286315917969,319.692138671875,122.21173858642578,145.345947265625,162.53460693359375
2026-02-23,50.520423889160156,280.0057373046875,95.9501953125,983.0284423828125,181.64649963378906,883.7437744140625,371.6983642578125,294.82623291015625,79.49659729003906,271.3721618652344,494.350341796875,330.460205078125,165.0001220703125,165.0925750732422,162.72085571289062,278.5708923339844,305.3186340332031,125.01390075683594,148.78024291992188,165.63941955566406
2026-02-24,49.867523193359375,277.8501892089844,96.94824981689453,995.4007568359375,182.0688934326172,893.608154296875,379.083251953125,294.459716796875,79.65448760986328,275.5561218261719,496.3136901855469,328.96868896484375,166.96864318847656,166.28916931152344,162.8292236328125,270.29290771484375,306.01593017578125,125.94794464111328,147.29994201660156,165.141845703125
2026-02-25,51.133750915527344,281.2516174316406,95.5252914428711,991.7418823242188,180.96865844726562,912.53466796875,370.29827880859375,300.4023742675781,79.40779113769531,260.1556701660156,507.6651306152344,328.92919921875,171.85533142089844,165.92626953125,160.9672393798828,280.40606689453125,311.7632751464844,124.95427703857422,147.10256958007812,164.42535400390625
2026-02-26,51.73719024658203,285.58251953125,96.3948745727539,983.7462158203125,180.90972900390625,920.0814819335938,369.82501220703125,303.20538330078125,79.43739318847656,261.5107727050781,513.0269165039062,330.43060302734375,175.57476806640625,164.36676025390625,161.3218994140625,282.8332214355469,315.4587707519531,123.6326904296875,146.58938598632812,164.9030303955078
2026-02-27,49.29376983642578,286.5713195800781,97.96604919433594,1007.7232666015625,183.46383666992188,851.3180541992188,375.3760070800781,297.4310607910156,80.4833984375,261.6888122558594,515.4586791992188,336.88055419921875,164.71324157714844,166.4853515625,164.72073364257812,289.3549499511719,318.88531494140625,127.1403579711914,150.49740600585938,167.34109497070312
2026-03-02,49.273983001708984,287.58978271484375,96.14783477783203,999.7276000976562,186.25372314453125,857.9190063476562,365.6050720214844,294.7172546386719,79.16109466552734,254.36940002441406,519.23583984375,330.717041015625,165.19796752929688,164.072509765625,161.08546447753906,290.9928283691406,319.25384521484375,126.29573059082031,152.19480895996094,162.12660217285156
2026-03-03,49.4322624206543,280.747314453125,94.3790283203125,1004.71240234375,185.4383544921875,858.795166015625,361.76971435546875,297.3914489746094,78.2927017211914,254.89361572265625,522.5445556640625,329.932373046875,164.1593017578125,161.74795532226562,157.35165405273438,285.34918212890625,319.57257080078125,127.1006088256836,149.83619689941406,159.698486328125
2026-03-04,49.75871276855469,281.5482177734375,94.1517562866211,1003.685546875,182.74671936035156,863.4446411132812,363.928955078125,296.52978515625,77.0690689086914,255.8035888671875,521.1492919921875,329.5052490234375,165.77171325683594,160.77694702148438,155.95272827148438,288.06243896484375,319.2139892578125,127.00123596191406,147.85260009765625,158.21575927734375
2026-03-05,49.273983001708984,279.6492614746094,91.57266235351562,979.5889282226562,186.54840087890625,831.7941284179688,356.6032409667969,290.74554443359375,76.01319885253906,251.93618774414062,522.8833618164062,325.2441711425781,160.7959747314453,157.61868286132812,151.70663452148438,284.9150390625,318.5466003417969,122.52970886230469,148.78024291992188,157.84754943847656
2026-03-06,48.38858413696289,270.0648193359375,92.45211791992188,995.0717163085938,186.5877227783203,817.8157348632812,352.89605712890625,286.7144470214844,76.02306365966797,249.14688110351562,520.5712890625,325.85003662109375,158.54058837890625,157.77008056640625,151.3519744873047,282.6556396484375,316.1161804199219,123.01661682128906,149.22434997558594,159.2208251953125
2026-03-09,47.652408599853516,268.1061706542969,91.89875030517578,1002.2498779296875,186.09652709960938,828.3792114257812,348.59722900390625,287.1502685546875,76.77304077148438,247.49508666992188,515.9669189453125,328.5715637207031,158.71864318847656,159.8482208251953,152.9183807373047,283.550537109375,314.73162841796875,123.5531997680664,148.46444702148438,159.07156372070312
2026-03-10,48.308998107910156,260.9277648925781,91.39478302001953,994.3339233398438,183.0021209716797,830.1513671875,352.1368408203125,285.97161865234375,76.85197448730469,248.37538146972656,512.97705078125,325.7308349609375,159.01539611816406,159.1060333251953,153.69667053222656,280.736572265625,313.1976623535156,124.3282699584961,146.18479919433594,158.4247283935547
2026-03-11,48.269203186035156,259.3667907714844,88.54889678955078,989.2195434570312,188.40505981445312,820.1454467773438,345.9154052734375,284.7731628417969,76.60527038574219,244.1914520263672,502.2933654785156,323.01922607421875,159.1538848876953,158.4825897216797,151.04656982421875,283.63006591796875,307.74908447265625,122.70858001708984,149.5894775390625,155.83738708496094
2026-03-12,46.886390686035156,264.3479309082031,86.90855407714844,1000.2759399414062,193.49363708496094,784.0645141601562,336.40673828125,280.18743896484375,76.58554077148438,236.8423614501953,495.62603759765625,321.7279968261719,152.70423889160156,157.20602416992188,148.26837158203125,275.47662353515625,305.29876708984375,124.53693389892578,151.5138702392578,157.68833923339844
2026-03-13,46.47850799560547,265.650390625,87.78800964355469,1005.3704223632812,193.34629821777344,778.7777709960938,336.5059814453125,280.7321472167969,76.8438720703125,235.00262451171875,496.3036804199219,324.26080322265625,153.1988525390625,158.2154083251953,148.41615295410156,280.4880065917969,305.9362487792969,125.71939849853516,154.06985473632812,159.61888122558594
2026-03-16,46.81675338745117,266.8037109375,89.23072814941406,998.70068359375,193.3659210205078,791.2826538085938,340.029541015625,283.4261474609375,77.32079315185547,239.473388671875,506.77813720703125,324.44952392578125,154.0198974609375,156.07789611816406,149.86434936523438,283.8686828613281,308.8945617675781,125.19275665283203,155.165283203125,160.99215698242188
2026-03-17,47.035614013671875,261.95184326171875,88.87499237060547,993.1376342773438,194.4759979248047,803.498779296875,338.88812255859375,284.1492004394531,77.08233642578125,237.0995330810547,504.8645935058594,324.10186767578125,156.1269073486328,154.87059020996094,149.2338409423828,285.9368896484375,307.25103759765625,124.28852081298828,156.7245330810547,162.8928680419922
2026-03-18,46.58794021606445,263.0852355957031,86.483642578125,976.9468383789062,195.1046905517578,801.9456787109375,328.4662780761719,284.99102783203125,75.48265838623047,228.57339477539062,486.8159484863281,313.6031188964844,157.21502685546875,151.94140625,144.53457641601562,282.71527099609375,297.8480529785156,121.2081298828125,155.5205535888672,158.32521057128906
2026-03-19,46.767005920410156,263.0455017089844,84.48756408691406,971.822509765625,197.88473510742188,805.9480590820312,325.76654052734375,285.2188720703125,75.06536102294922,227.2084503173828,489.4769287109375,307.4945068359375,156.8391571044922,151.14974975585938,142.69229125976562,278.8473815917969,298.53533935546875,120.3237533569336,156.08306884765625,155.4890899658203
2026-03-20,46.91623306274414,261.325439453125,84.11206817626953,969.3799438476562,198.16961669921875,809.9603881835938,318.3620910644531,283.82232666015625,74.2704849243164,222.1837615966797,494.6393737792969,306.7694396972656,159.72763061523438,148.47784423828125,142.14060974121094,274.0249328613281,300.4378662109375,118.50957489013672,157.5732421875,155.6483154296875
2026-03-23,47.27437210083008,259.98321533203125,84.14170837402344,962.7999267578125,201.5882110595703,827.6224975585938,328.4365234375,287.14031982421875,74.62818145751953,231.69898986816406,498.68560791015625,306.3919982910156,162.546875,149.30911254882812,141.85491943359375,268.00927734375,303.246826171875,120.2022933959961,159.0140838623047,157.76792907714844
2026-03-24,47.89116668701172,264.3379821777344,83.52904510498047,970.8654174804688,203.14031982421875,832.052978515625,328.4464416503906,289.6065368652344,74.19100189208984,231.8770294189453,497.24053955078125,305.7662353515625,164.08013916015625,149.02212524414062,141.03721618652344,270.73370361328125,302.5694885253906,121.5265884399414,163.20826721191406,158.65359497070312
2026-03-25,48.498016357421875,268.8021240234375,84.47767639160156,971.9022827148438,201.52926635742188,838.1461791992188,330.0345458984375,292.59771728515625,74.76728057861328,233.6079559326172,501.0575866699219,309.6002502441406,163.86251831054688,150.15025329589844,141.78594970703125,269.0135192871094,303.7149658203125,122.5322494506836,161.11610412597656,158.38491821289062
2026-03-26,47.99065399169922,270.51220703125,83.14366912841797,976.677734375,204.12266540527344,819.0303955078125,325.9848937988281,288.87359619140625,74.21087646484375,233.45960998535156,499.05438232421875,306.8489074707031,161.46864318847656,149.25962829589844,140.30819702148438,266.5277404785156,304.33251953125,121.6560287475586,163.25759887695312,155.37962341308594
2026-03-27,46.72721862792969,260.4505310058594,83.2918930053711,980.8749389648438,207.42337036132812,799.3670654296875,319.25537109375,280.13787841796875,75.22432708740234,227.80189514160156,482.6002502441406,303.8393249511719,156.6808624267578,151.4466094970703,140.59390258789062,257.54901123046875,294.3617858886719,122.36298370361328,168.7445831298828,153.2102508544922
2026-03-30,46.985870361328125,256.5928649902344,84.71484375,993.556396484375,206.9911346435547,804.0563354492188,321.09161376953125,281.0589904785156,75.78073120117188,230.04718017578125,492.32720947265625,306.45159912109375,156.66107177734375,155.18727111816406,142.57408142089844,260.3033142089844,298.36602783203125,122.97036743164062,169.21827697753906,153.83717346191406
2026-03-31,48.498016357421875,265.2129211425781,84.22076416015625,993.4067993164062,203.24838256835938,842.2778930664062,326.4414978027344,291.3497314453125,75.56214904785156,233.70687866210938,497.96807861328125,308.6963806152344,162.794189453125,153.67318725585938,142.29823303222656,269.0533142089844,301.055419921875,123.74702453613281,167.4320526123047,154.72283935546875
2026-04-01,49.01532745361328,265.7796630859375,84.39863586425781,993.536376953125,193.92587280273438,856.435546875,327.1064758300781,292.5580749511719,75.59195709228516,233.41015625,489.98516845703125,305.219970703125,164.37692260742188,153.0398406982422,141.95343017578125,272.424072265625,297.3400573730469,124.20504760742188,158.66867065429688,152.95150756835938
2026-04-02,49.124759674072266,268.4640808105469,84.13182830810547,1011.880615234375,195.45834350585938,859.2531127929688,319.23553466796875,291.7855224609375,76.22785186767578,228.51405334472656,491.7691345214844,305.07098388671875,164.0207977294922,155.37527465820312,140.997802734375,275.6854553222656,299.6210632324219,125.25054931640625,158.57984924316406,155.32986450195312
2026-04-06,49.801246643066406,274.1014099121094,83.52904510498047,1015.4596557617188,195.35028076171875,862.2498779296875,324.2181396484375,294.125,76.72463989257812,232.63864135742188,499.80181884765625,307.67333984375,164.75282287597656,155.0981903076172,140.6529998779297,279.76214599609375,302.1411437988281,126.24626159667969,161.2246551513672,156.59368896484375
2026-04-07,50.02010726928711,272.6697082519531,82.14562225341797,1010.1359252929688,197.98297119140625,860.3582763671875,316.3968200683594,296.0662536621094,75.42304992675781,229.08773803710938,496.59271240234375,302.79638671875,166.61253356933594,151.61485290527344,139.2047882080078,305.982421875,301.3642272949219,121.9646987915039,161.757568359375,156.165771484375
2026-04-08,51.611839294433594,275.96063232421875,84.53697967529297,1027.1441650390625,189.4856414794922,901.7756958007812,333.6573486328125,306.5888366699219,76.79419708251953,241.0065155029297,505.4028015136719,304.9418640136719,174.12063598632812,153.18829345703125,142.75140380859375,304.2423400878906,307.74908447265625,126.71424865722656,154.16854858398438,159.6487274169922
2026-04-09,52.43754577636719,276.84552001953125,85.02117156982422,1028.8988037109375,187.00030517578125,899.7545776367188,337.0518798828125,308.938232421875,77.67848205566406,245.111328125,502.7272644042969,307.4647216796875,176.237548828125,155.8502960205078,144.48532104492188,305.16705322265625,307.08172607421875,128.57623291015625,153.00404357910156,160.00697326660156
2026-04-10,52.26842498779297,269.68701171875,83.34129333496094,995.4406127929688,185.2222442626953,903.8167114257812,334.8285827636719,308.4803161621094,76.97303771972656,241.5604248046875,497.82550048828125,303.62078857421875,175.72314453125,155.4247589111328,143.007568359375,302.6016845703125,303.1671142578125,126.2263412475586,150.5072479248047,160.97225952148438
2026-04-13,53.07423782348633,273.5346984863281,82.98556518554688,977.8740234375,188.39523315429688,886.88134765625,338.6201477050781,312.2732238769531,75.91984558105469,244.3892822265625,507.7288818359375,302.45867919921875,179.1853790283203,154.25704956054688,141.4509735107422,311.22247314453125,308.17742919921875,124.03578186035156,150.63555908203125,160.64385986328125
2026-04-14,53.07423782348633,271.02923583984375,83.16343688964844,971.8424072265625,183.71923828125,905.638671875,340.1585693359375,309.7247009277344,75.4131088256836,245.73446655273438,512.3012084960938,301.1773681640625,181.36163330078125,154.0987091064453,142.2391357421875,312.40570068359375,310.149658203125,124.51371765136719,147.28021240234375,160.78318786621094
2026-04-15,54.039222717285156,267.08209228515625,82.50135803222656,981.7622680664062,181.64649963378906,895.5431518554688,336.38690185546875,304.5579833984375,74.82688903808594,241.33291625976562,519.08984375,304.1968994140625,189.5522918701172,153.23777770996094,141.2539520263672,312.2664794921875,314.671875,124.22496032714844,147.05322265625,161.15138244628906
2026-04-16,53.2334098815918,274.7774963378906,82.62982940673828,984.2147827148438,184.8292999267578,896.0509033203125,334.6399841308594,308.5599670410156,74.6977310180664,239.78001403808594,517.6721801757812,304.8921813964844,185.29869079589844,156.73101806640625,140.9879608154297,314.6031494140625,313.86505126953125,124.28469848632812,149.98422241210938,158.7431640625
2026-04-17,53.631343841552734,277.034423828125,84.79389190673828,996.8563232421875,180.7427215576172,921.8870849609375,346.79876708984375,308.8984375,75.25413513183594,248.97874450683594,520.4276123046875,309.26251220703125,186.7825164794922,156.02841186523438,144.75131225585938,322.78643798828125,315.7774963378906,126.95321655273438,144.5169677734375,161.9972381591797
2026-04-20,53.671138763427734,278.30706787109375,83.05386352539062,994.8125610351562,180.01577758789062,937.6077880859375,348.376953125,315.5683898925781,74.99580383300781,250.53164672851562,515.785400390625,304.872314453125,188.64222717285156,155.35549926757812,142.34750366210938,321.6429748535156,312.7095642089844,127.37140655517578,145.7406768798828,161.03196716308594
2026-04-21,53.20356750488281,275.09564208984375,81.34366607666016,1002.7583618164062,182.69760131835938,922.4844360351562,341.3595886230469,311.5962829589844,74.2208023071289,248.4545135498047,510.4942626953125,299.8066711425781,187.2672119140625,153.30703735351562,140.20968627929688,344.0450134277344,308.72528076171875,129.04420471191406,146.41175842285156,159.55917358398438
2026-04-22,52.84542465209961,273.11712646484375,81.8805923461914,1000.65478515625,183.03160095214844,930.7380981445312,336.9725036621094,311.6161804199219,74.15125274658203,243.68399047851562,509.3062438964844,298.048583984375,188.9884490966797,152.1887969970703,140.7318115234375,351.5123596191406,310.0699462890625,129.42257690429688,147.5367889404297,158.285400390625
2026-04-23,52.198787689208984,278.1081848144531,83.24278259277344,1011.3023071289062,184.2890167236328,927.2135620117188,337.6275939941406,310.29217529296875,75.7906723022461,245.02569580078125,501.5392761230469,300.49200439453125,186.6143341064453,154.07891845703125,143.54940795898438,352.54644775390625,307.66943359375,131.4637908935547,148.5532684326172,159.947265625
2026-04-24,51.78095626831055,274.0517272949219,84.16748046875,1008.0821533203125,181.9412078857422,922.8428344726562,333.3893737792969,306.8974609375,76.138427734375,242.9485321044922,503.3262634277344,297.3433532714844,186.0406036376953,153.82162475585938,147.08203125,352.9044189453125,308.2073059082031,129.3628387451172,146.9545440673828,159.4994659423828
2026-04-27,52.35795974731445,280.9516906738281,83.69021606445312,994.9820556640625,181.51876831054688,933.6950073242188,329.8260803222656,310.232421875,74.95606231689453,241.06021118164062,505.58245849609375,288.2550048828125,188.12782287597656,152.49559020996094,147.30039978027344,352.67572021484375,308.4363708496094,127.04281616210938,146.24400329589844,154.4143524169922
2026-04-28,52.3878059387207,283.2782287597656,85.1816635131836,990.9841918945312,185.0355987548828,922.4844360351562,326.6101989746094,310.0532531738281,77.8473892211914,238.8439178466797,506.7704772949219,290.42034912109375,188.30589294433594,154.6627655029297,148.064697265625,364.6871032714844,308.0877380371094,127.04281616210938,148.58287048339844,155.6980743408203
2026-04-29,52.60667037963867,290.6355895996094,84.00839233398438,995.6399536132812,188.8274688720703,901.6263427734375,320.40673828125,307.86309814453125,78.36405944824219,232.0657958984375,524.3510131835938,288.1258850097656,185.061279296875,153.67318725585938,145.37478637695312,368.6345520019531,333.5475769042969,127.46102142333984,152.63890075683594,159.0615997314453
2026-04-30,53.18367004394531,288.9056091308594,84.8734359741211,1011.4519653320312,189.89822387695312,919.7166748046875,326.3521423339844,311.82525634765625,78.25476837158203,237.32330322265625,502.078369140625,291.61224365234375,189.5465850830078,156.83987426757812,146.00010681152344,368.37603759765625,328.5472412109375,131.36419677734375,152.30335998535156,158.87252807617188
2026-05-01,52.96480941772461,281.2698669433594,86.76260375976562,1010.0940551757812,187.2655487060547,919.6569213867188,321.4687805175781,311.06866455078125,78.07592010498047,231.89683532714844,494.6308288574219,284.7090759277344,189.12889099121094,155.7711181640625,146.16883850097656,366.6856994628906,326.7443542480469,131.03562927246094,150.74411010742188,157.5888214111328
2026-05-04,51.92023468017578,277.7403259277344,84.88337707519531,1011.1823120117188,188.88641357421875,899.3065795898438,310.0941162109375,306.270263671875,77.68842315673828,222.3458709716797,503.8952941894531,282.1861877441406,186.980712890625,152.98046875,142.3572998046875,368.6445007324219,325.5690002441406,129.7710723876953,151.67176818847656,153.64808654785156
2026-05-05,52.84542465209961,274.07159423828125,85.83790588378906,1014.8065185546875,189.24005126953125,914.8580322265625,313.07177734375,308.0124206542969,77.9765625,223.84658813476562,496.24810791015625,283.2489929199219,188.21392822265625,153.42578125,143.82632446289062,361.8035583496094,320.76788330078125,130.22909545898438,152.8461456298828,153.1405792236328
2026-05-06,53.32294464111328,280.3551940917969,87.65747833251953,994.1693725585938,181.89207458496094,933.2369995117188,320.64495849609375,313.4877624511719,78.72174835205078,231.93658447265625,491.06683349609375,282.1861877441406,192.29148864746094,154.33621215820312,146.80410766601562,365.1942138671875,317.5505065917969,129.52215576171875,146.7374267578125,155.2602081298828
2026-05-07,52.47734069824219,282.4033203125,86.86203002929688,1010.4534912109375,179.27902221679688,921.8074340820312,320.238037109375,304.8964538574219,77.9268798828125,229.46189880371094,500.1016845703125,281.78887939453125,189.12889099121094,154.6627655029297,144.9777374267578,367.6402282714844,320.0207824707031,129.64163208007812,144.65513610839844,156.48422241210938
2026-05-08,51.04478454589844,286.400146484375,87.05095672607422,1007.1886596679688,178.41455078125,932.370849609375,315.086669921875,300.74517822265625,77.91693878173828,227.79220581054688,494.65081787109375,273.8924255371094,192.03289794921875,153.01016235351562,145.33506774902344,377.8221130371094,317.54058837890625,130.1184844970703,142.67153930664062,151.21002197265625
2026-05-11,50.28871154785156,287.4043273925781,86.24556732177734,997.8834228515625,181.4794921875,940.7140502929688,309.0816955566406,298.6545715332031,78.15541076660156,224.67149353027344,496.9768981933594,272.75018310546875,190.05380249023438,147.8544158935547,142.29774475097656,382.25677490234375,322.5906982421875,127.28527069091797,147.7144317626953,149.55810546875
2026-05-12,50.517520904541016,296.77001953125,86.94158172607422,1020.2578735351562,182.66812133789062,941.7495727539062,308.148681640625,303.5126953125,79.51661682128906,223.14096069335938,498.9735412597656,272.9885559082031,190.82952880859375,150.26901245117188,142.8436737060547,394.138916015625,325.8147277832031,130.0386962890625,148.65196228027344,152.1156005859375
2026-05-13,49.58238220214844,298.97723388671875,87.36912536621094,1031.4400634765625,182.71725463867188,951.2277221679688,300.2975769042969,298.9034729003906,79.7451400756836,219.095947265625,489.81890869140625,273.8427734375,192.76885986328125,147.7158660888672,141.18605041503906,398.8818054199219,319.7160339355469,131.156005859375,149.57962036132812,149.0406494140625
2026-05-14,49.59232711791992,293.23052978515625,88.3335952758789,1039.59716796875,183.345947265625,964.7083740234375,302.08416748046875,298.56500244140625,79.93392181396484,222.23654174804688,489.1200866699219,273.11767578125,193.46502685546875,147.1221160888672,141.65257263183594,396.82354736328125,321.92193603515625,132.14364624023438,150.77371215820312,149.89646911621094
2026-05-15,49.51274490356445,283.6261901855469,87.62763977050781,1047.284912109375,187.72723388671875,944.3082275390625,295.29510498046875,296.4743957519531,80.30155181884766,217.0784149169922,493.3729553222656,274.52813720703125,191.45606994628906,147.5674285888672,140.52101135253906,391.61334228515625,325.1459655761719,131.1360626220703,156.90402221679688,149.2396697998047
2026-05-18,50.42798614501953,285.03802490234375,89.40744018554688,1074.76123046875,192.65863037109375,942.20751953125,297.5779724121094,299.3813171386719,80.67910766601562,216.68087768554688,504.9435729980469,280.5671691894531,191.63510131835938,147.508056640625,141.33493041992188,388.9087829589844,332.023193359375,133.02154541015625,159.45748901367188,151.5682830810547
2026-05-19,50.43793487548828,289.6015930175781,89.50686645507812,1092.5828857421875,195.54345703125,924.664794921875,300.1883850097656,294.3738708496094,81.39449310302734,217.02871704101562,498.86376953125,278.90838623046875,188.54212951660156,148.80441284179688,140.2530059814453,387.02947998046875,329.2982482910156,133.87948608398438,161.50424194335938,151.44886779785156
2026-05-20,50.96519470214844,281.4687194824219,89.83499145507812,1072.30517578125,189.6746826171875,977.8106079101562,308.2677917480469,300.625732421875,81.02687072753906,219.69227600097656,497.20654296875,278.3819580078125,196.68728637695312,147.73565673828125,141.3845672607422,381.12322998046875,330.1366882324219,130.53749084472656,155.27456665039062,151.96633911132812
2026-05-21,51.223854064941406,280.3949279785156,89.92447662353516,1048.782470703125,189.35743713378906,983.8340454101562,311.4439697265625,301.6411437988281,80.64929962158203,216.0746307373047,498.78387451171875,282.265625,199.4122772216797,147.3002471923828,142.3374481201172,380.3078918457031,330.5060119628906,121.05020141601562,154.2909393310547,153.56849670410156
2026-05-22,51.532249450683594,284.5906066894531,90.093505859375,1026.6077880859375,189.7738037109375,992.3564453125,310.7392578125,305.0059814453125,80.95732116699219,213.70924377441406,497.7056884765625,280.3684997558594,199.92942810058594,149.00233459472656,143.3697509765625,386.2638854980469,328.2701721191406,119.98275756835938,153.92332458496094,154.39443969726562
2026-05-26,51.93018341064453,279.2117919921875,89.33783721923828,1001.3379516601562,183.11195373535156,990.1561889648438,308.22808837890625,305.3643493652344,79.94385528564453,210.77735900878906,492.1849365234375,277.3787841796875,200.6554412841797,144.16323852539062,141.9007110595703,374.71978759765625,325.8746337890625,118.28681945800781,148.84619140625,153.25999450683594
2026-05-27,50.83586883544922,284.10345458984375,90.7696304321289,1002.0967407226562,180.82192993164062,992.0975952148438,315.4836730957031,297.93780517578125,81.09642028808594,215.50811767578125,494.2115478515625,279.0276184082031,200.50625610351562,146.20179748535156,146.39715576171875,381.8292236328125,327.00250244140625,118.25688934326172,146.948486328125,152.02000427246094
2026-05-28,50.50757598876953,282.6916198730469,91.13752746582031,993.6202392578125,181.4464874267578,1003.9454345703125,318.8186340332031,295.3992614746094,79.89418029785156,216.5814971923828,492.9237060546875,276.09747314453125,202.67431640625,144.7668914794922,144.828857421875,380.35760498046875,324.3474426269531,118.61603546142578,146.01454162597656,150.02999877929688
2026-05-29,51.333282470703125,275.8015441894531,89.61624145507812,954.8019409179688,180.8814239501953,1021.06005859375,314.7789611816406,297.9676818847656,78.50315856933594,213.04336547851562,493.1533203125,277.3191833496094,206.8612823486328,142.6887664794922,142.4962615966797,378.15020751953125,325.75482177734375,115.47355651855469,144.32546997070312,147.9499969482422
2026-06-01,51.24374771118164,272.61004638671875,87.92593383789062,944.608154296875,184.22225952148438,1048.5799560546875,308.3769836425781,295.2499084472656,78.13553619384766,206.42425537109375,494.42120361328125,274.2499694824219,209.85479736328125,140.0465545654297,139.24057006835938,377.7027587890625,322.1714782714844,114.32630157470703,148.41897583007812,147.50999450683594
2026-06-02,52.208736419677734,271.1485290527344,87.766845703125,952.7552490234375,185.92738342285156,1064.5799560546875,309.2007751464844,299.6102600097656,77.90701293945312,205.3707733154297,476.8805847167969,276.3599853515625,213.8030548095703,140.5215606689453,139.77658081054688,375.7738037109375,316.7315979003906,112.78997802734375,148.59780883789062,146.5800018310547
2026-06-03,52.129150390625,269.1700134277344,84.38623046875,960.30322265625,188.06869506835938,1041.02001953125,310.6400146484375,299.50079345703125,78.25476837158203,206.37457275390625,470.7608337402344,273.2900085449219,208.98956298828125,141.05592346191406,139.1512451171875,374.8590087890625,311.8207092285156,116.61083221435547,151.5487060546875,148.44000244140625
2026-06-04,53.88999938964844,280.67999267578125,84.61491394042969,970.8064575195312,186.720458984375,1092.6099853515625,309.95001220703125,309.4957580566406,76.32720947265625,206.25531005859375,480.9537658691406,272.7200012207031,217.07505798339844,140.6699981689453,139.7368621826172,394.21844482421875,319.5862731933594,117.45880126953125,151.0618438720703,148.0800018310547
2026-06-05,53.83000183105469,289.4800109863281,88.07508087158203,970.3272705078125,185.689453125,1038.6800537109375,310.7799987792969,310.9691162109375,78.97014617919922,209.4456024169922,490.2581481933594,279.8399963378906,210.76976013183594,141.9199981689453,145.4541778564453,397.201416015625,322.9700012207031,118.59607696533203,148.9554901123047,150.8699951171875
2026-06-08,53.630001068115234,289.6099853515625,85.57938385009766,973.2026977539062,187.60276794433594,1045.0,309.7099914550781,309.7147521972656,79.0297622680664,206.69261169433594,484.85723876953125,277.7799987792969,211.07806396484375,140.67999267578125,144.0248565673828,404.2610778808594,319.0772399902344,119.54381561279297,150.77371215820312,147.3699951171875
2026-06-09,54.41999816894531,295.0,87.29953002929688,967.052490234375,185.1442108154297,1032.010009765625,321.3299865722656,311.2976379394531,80.81820678710938,216.0348663330078,494.41119384765625,282.25,209.0989532470703,142.77999877929688,147.5684051513672,410.6545715332031,324.4472351074219,118.59607696533203,147.95199584960938,151.6300048828125
2026-06-10,54.540000915527344,295.80999755859375,89.43726348876953,981.8090209960938,188.1579132080078,1001.2899780273438,318.9200134277344,307.75360107421875,83.05377197265625,214.86212158203125,488.2615051269531,282.5199890136719,205.5286102294922,144.32000732421875,147.94558715820312,405.1460266113281,322.3611145019531,120.30199432373047,149.65098571777344,151.0800018310547
2026-06-11,55.15999984741211,294.8399963378906,88.88046264648438,974.1411743164062,184.2123565673828,1035.6400146484375,326.010009765625,312.0840759277344,82.00057983398438,219.69227600097656,485.6958312988281,284.7699890136719,211.4957733154297,143.72999572753906,147.2408447265625,403.2468566894531,318.4583740234375,120.21221160888672,145.6568603515625,153.27000427246094
2026-06-12,56.02000045776367,298.0,88.94011688232422,980.7905883789062,185.60023498535156,1062.75,328.3900146484375,319.28167724609375,82.09000396728516,219.42391967773438,489.1600341796875,284.80999755859375,212.8682098388672,144.27000427246094,148.50143432617188,406.20001220703125,321.7922058105469,120.75092315673828,146.064208984375,154.30999755859375
2026-06-15,55.869998931884766,293.8299865722656,90.06368255615234,977.895263671875,178.8392333984375,1076.1700439453125,329.82000732421875,317.96759033203125,80.91000366210938,218.83755493164062,489.81890869140625,286.1199951171875,216.78663635253906,146.25,149.3451385498047,411.0400085449219,323.21954345703125,120.53144836425781,140.01339721679688,154.6699981689453
2026-06-16,56.84000015258789,291.8800048828125,90.14322662353516,985.11376953125,178.55174255371094,1090.6700439453125,337.0899963378906,329.6549377441406,80.27999877929688,222.64402770996094,500.4909973144531,287.92999267578125,219.62103271484375,146.1199951171875,151.360107421875,407.6499938964844,332.5022888183594,120.7409439086914,140.9473419189453,157.6699981689453
2026-06-17,56.529998779296875,285.0899963378906,90.06368255615234,964.0572509765625,176.04364013671875,1099.1400146484375,327.4800109863281,331.9645080566406,79.93000030517578,215.93548583984375,492.1649475097656,283.82000732421875,223.7284393310547,141.58999633789062,149.44439697265625,399.5299987792969,329.76739501953125,117.84786987304688,139.8345489501953,154.07000732421875
2026-06-18,56.20000076293945,279.2699890136719,88.96995544433594,949.939697265625,172.1278076171875,1096.56005859375,334.2799987792969,323.761474609375,79.38999938964844,220.835205078125,488.9703369140625,278.6099853515625,221.94822692871094,142.02000427246094,149.26573181152344,400.9599914550781,326.6331787109375,116.90013885498047,136.92340087890625,151.99000549316406
2026-06-22,57.369998931884766,282.0799865722656,88.16456604003906,949.8397827148438,173.54544067382812,1106.3699951171875,326.6199951171875,329.993408203125,79.52999877929688,213.08309936523438,483.2798767089844,270.1000061035156,225.8467559814453,140.7100067138672,146.58572387695312,406.67999267578125,325.994384765625,116.90013885498047,137.57916259765625,150.74000549316406
2026-06-23,57.90999984741211,283.0799865722656,90.9088363647461,956.1597900390625,174.4574737548828,1094.43994140625,324.45001220703125,332.6414794921875,80.30999755859375,212.2283935546875,487.2532043457031,271.6600036621094,224.79257202148438,142.0500030517578,149.74217224121094,409.25,327.87091064453125,119.1347885131836,138.83103942871094,151.60000610351562
2026-06-24,57.72999954223633,279.4599914550781,91.35626220703125,959.5643920898438,169.9666748046875,1076.9100341796875,342.8599853515625,331.95458984375,80.5999984741211,220.08981323242188,493.5826110839844,273.8800048828125,218.65634155273438,142.27000427246094,150.91342163085938,405.79998779296875,331.61395263671875,118.71578979492188,136.01925659179688,153.02000427246094
2026-06-25,58.189998626708984,281.8699951171875,90.54093933105469,940.7442626953125,170.74984741210938,1065.0899658203125,345.0,333.6170654296875,80.41999816894531,220.5668487548828,488.101806640625,264.5400085449219,219.8298797607422,139.52000427246094,147.399658203125,415.5299987792969,329.9071044921875,115.50347900390625,136.66506958007812,151.13999938964844
2026-06-26,57.880001068115234,282.7900085449219,91.54518127441406,951.0279541015625,169.58004760742188,1019.6099853515625,348.8599853515625,327.57427978515625,82.62999725341797,221.1134796142578,498.18487548828125,269.760009765625,210.8692169189453,141.38999938964844,147.9158172607422,427.8900146484375,335.6065368652344,115.41370391845703,135.66156005859375,156.41000366210938
2026-06-29,57.880001068115234,278.739990234375,91.87330627441406,945.17724609375,167.012451171875,1020.2100219726562,350.80999755859375,327.91278076171875,82.6500015258789,218.3008575439453,508.787109375,267.17999267578125,210.5609130859375,138.67999267578125,147.3500213623047,419.82000732421875,341.0164794921875,114.32630157470703,135.18466186523438,158.24000549316406
2026-06-30,56.97999954223633,275.67999267578125,91.15740966796875,933.9849853515625,164.32589721679688,1011.3699951171875,352.67999267578125,325.86199951171875,81.2699966430664,219.13571166992188,512.740478515625,270.30999755859375,207.8955841064453,135.39999389648438,145.55343627929688,415.6300048828125,342.45379638671875,112.989501953125,135.8404083251953,159.86000061035156
2026-07-01,58.36000061035156,277.07000732421875,92.23125457763672,923.2021484375,164.25650024414062,1019.6099853515625,350.8399963378906,332.5718078613281,81.29000091552734,220.55691528320312,521.565673828125,269.42999267578125,210.7001495361328,141.16000366210938,146.33758544921875,426.5400085449219,350.4289855957031,108.56010437011719,135.4032440185547,161.58999633789062
2026-07-02,58.72999954223633,287.7699890136719,94.58773803710938,950.1593017578125,167.7361297607422,1021.0,357.8999938964844,332.9700012207031,84.13999938964844,226.10264587402344,538.4873046875,280.6300048828125,212.75880432128906,144.22000122070312,150.28810119628906,425.3599853515625,361.45849609375,111.57289123535156,136.20802307128906,164.72999572753906
2026-07-06,59.900001525878906,281.9800109863281,92.85765838623047,948.7415771484375,166.64566040039062,1055.2900390625,350.6499938964844,337.7200012207031,82.95999908447266,222.40550231933594,532.2078247070312,279.5,220.88409423828125,143.2899932861328,148.2036590576172,417.989990234375,356.5875549316406,110.38573455810547,135.5622100830078,165.99000549316406
2026-07-07,59.86000061035156,286.6199951171875,94.48831176757812,945.9959716796875,172.5045166015625,1042.97998046875,345.2099914550781,339.2200012207031,84.05000305175781,219.54318237304688,530.7303466796875,282.2099914550781,220.82440185546875,144.97999572753906,151.6181640625,428.19000244140625,351.54693603515625,111.27361297607422,140.7784423828125,167.49000549316406
2026-07-08,58.29999923706055,289.7300109863281,92.50965881347656,951.6170043945312,174.44757080078125,1029.6400146484375,336.2099914550781,330.6199951171875,83.4000015258789,211.54263305664062,518.989990234375,278.25,216.87615966796875,142.50999450683594,147.30039978027344,425.6000061035156,346.88555908203125,112.82987976074219,140.2220458984375,165.25
2026-07-09,59.25,291.79998779296875,90.49122619628906,911.520751953125,172.54417419433594,1055.969970703125,338.7300109863281,335.4700012207031,82.62999725341797,211.69171142578125,523.2000122070312,276.489990234375,220.91392517089844,137.86000061035156,145.7618865966797,431.67999267578125,347.5543518066406,111.94200897216797,136.57565307617188,162.38999938964844
2026-07-10,59.66999816894531,293.4599914550781,91.7142105102539,914.7955322265625,174.87384033203125,1055.1800537109375,343.29998779296875,336.4700012207031,83.48999786376953,210.3301239013672,526.739990234375,274.6000061035156,221.06309509277344,137.3800048828125,145.95046997070312,424.6199951171875,348.3229064941406,113.62797546386719,137.9865264892578,163.5399932861328
2026-07-13,59.5,304.5,92.6786880493164,924.9594116210938,180.6236572265625,1045.9100341796875,337.1099853515625,334.5299987792969,84.25,206.42425537109375,537.7000122070312,272.6099853515625,219.87960815429688,138.49000549316406,147.27061462402344,429.0899963378906,357.08660888671875,114.50586700439453,143.58029174804688,161.67999267578125
2026-07-14,60.619998931884766,303.3500061035156,90.51111602783203,920.2868041992188,180.18746948242188,1140.0,337.739990234375,342.8900146484375,83.08000183105469,206.40438842773438,538.02001953125,268.94000244140625,226.423583984375,135.4499969482422,144.99758911132812,425.19000244140625,355.3598327636719,113.4284439086914,144.15655517578125,158.17999267578125
2026-07-15,61.59000015258789,297.80999755859375,90.9486083984375,915.0850830078125,180.02886962890625,1152.0699462890625,341.44000244140625,346.9100036621094,82.44999694824219,208.37222290039062,535.2100219726562,264.95001220703125,227.2987823486328,135.39999389648438,146.9530029296875,418.5199890136719,354.4814758300781,112.26124572753906,143.58029174804688,152.57000732421875
2026-07-16,61.4900016784668,283.82000732421875,93.53378295898438,944.0690307617188,182.26930236816406,1095.4599609375,348.0199890136719,343.1499938964844,84.91999816894531,214.83230590820312,551.5399780273438,273.4599914550781,217.17449951171875,139.42999267578125,150.37742614746094,423.3800048828125,364.4629211425781,114.67546081542969,145.0110321044922,152.10000610351562
2026-07-17,61.27000045776367,281.45001220703125,92.45000457763672,939.37646484375,185.75885009765625,1065.219970703125,338.8699951171875,341.1000061035156,81.55999755859375,207.44793701171875,543.5999755859375,267.7099914550781,214.32022094726562,137.1199951171875,148.86868286132812,426.0899963378906,357.8951110839844,113.96715545654297,146.41195678710938,147.9199981689453
2026-07-20,60.41999816894531,283.94000244140625,91.93000030517578,934.3145141601562,188.06869506835938,1055.030029296875,333.0400085449219,338.8699951171875,82.12000274658203,203.45263671875,547.4400024414062,267.6400146484375,209.78518676757812,135.4600067138672,148.02499389648438,421.54998779296875,359.9013977050781,111.9320297241211,147.40553283691406,147.3699951171875
2026-07-21,61.220001220703125,290.489990234375,90.5,927.7449340820312,189.41693115234375,1085.56005859375,331.6000061035156,345.2300109863281,81.97000122070312,202.25999450683594,538.2999877929688,263.9100036621094,215.2152862548828,135.0,147.00262451171875,436.3500061035156,355.16021728515625,110.12635803222656,150.73397827148438,147.1699981689453
2026-07-22,61.619998931884766,284.8500061035156,91.62999725341797,925.8380126953125,191.31039428710938,1098.199951171875,331.45001220703125,348.2099914550781,82.19999694824219,204.35000610351562,531.97998046875,263.57000732421875,217.3037872314453,135.64999389648438,148.02499389648438,431.30999755859375,352.7646789550781,109.06888580322266,153.4563446044922,147.57000732421875
2026-07-23,61.279998779296875,286.2900085449219,90.08000183105469,924.5899658203125,192.73794555664062,1074.719970703125,324.7099914550781,349.8999938964844,81.16999816894531,201.9199981689453,530.2899780273438,262.79998779296875,214.00196838378906,134.9499969482422,145.88099670410156,423.55999755859375,350.9480285644531,108.14111328125,155.88064575195312,147.3699951171875
2026-07-24,62.04999923706055,289.57000732421875,90.75,935.030029296875,193.104736328125,1061.22998046875,332.9800109863281,353.2099914550781,82.25,207.63999938964844,539.6599731445312,264.760009765625,213.30580139160156,136.63999938964844,147.41000366210938,420.739990234375,355.0803527832031,109.20855712890625,155.93032836914062,148.9199981689453
2026-07-27,62.130001068115234,291.0199890136719,91.9800033569336,951.5800170898438,188.35618591308594,1048.22998046875,336.0899963378906,356.20001220703125,84.06999969482422,211.5500030517578,551.7100219726562,270.6700134277344,213.38536071777344,139.7899932861328,148.6300048828125,417.6400146484375,361.8577575683594,111.47312927246094,153.7742919921875,147.8000030517578
2026-07-28,62.619998931884766,301.05999755859375,92.7300033569336,966.5800170898438,185.95712280273438,1033.3399658203125,344.4700012207031,357.30999755859375,88.2699966430664,218.24000549316406,562.75,273.0199890136719,210.4216766357422,142.86000061035156,148.8800048828125,428.7900085449219,365.91021728515625,112.82987976074219,152.055419921875,150.27999877929688
2026-07-29,61.06999969482422,296.4700012207031,93.48999786376953,974.030029296875,190.20008850097656,980.75,338.2699890136719,344.7099914550781,89.08000183105469,215.67999267578125,563.3200073242188,271.5199890136719,202.0179443359375,143.5,146.10000610351562,420.57000732421875,368.0462646484375,113.94721221923828,155.74154663085938,151.9199981689453
2026-07-30,61.72999954223633,287.6600036621094,91.5999984741211,954.1699829101562,190.6461944580078,1024.8599853515625,333.3500061035156,350.8500061035156,88.48999786376953,210.0800018310547,577.3499755859375,268.44000244140625,208.91000366210938,140.1999969482422,143.9600067138672,421.4700012207031,365.5908203125,110.83465576171875,155.96014404296875,157.0
2026-07-31,61.95000076293945,279.04998779296875,91.30000305175781,951.8900146484375,195.12709045410156,1018.3800048828125,331.9599914550781,351.7900085449219,87.58999633789062,207.80999755859375,573.0999755859375,270.6400146484375,210.4199981689453,139.55999755859375,144.49000549316406,414.3999938964844,365.4510803222656,110.93441772460938,154.4399871826172,153.27999877929688
2026-08-03,62.47999954223633,282.05999755859375,89.87999725341797,954.0800170898438,191.5086669921875,1027.06005859375,340.0199890136719,352.6400146484375,86.86000061035156,212.05999755859375,570.969970703125,265.2300109863281,211.22999572753906,139.6300048828125,144.97000122070312,415.3599853515625,364.991943359375,110.44558715820312,154.0624237060547,148.8000030517578
2026-08-04,62.900001525878906,274.04998779296875,92.52999877929688,947.8499755859375,188.75271606445312,1052.97998046875,348.239990234375,357.5199890136719,86.55999755859375,218.0800018310547,571.0999755859375,268.3399963378906,217.0399932861328,139.10000610351562,148.00999450683594,407.54998779296875,368.9046630859375,111.28358459472656,152.96951293945312,147.67999267578125
2026-08-05,63.25,270.5,93.27999877929688,941.989990234375,184.7972412109375,1060.3800048828125,353.1400146484375,359.239990234375,86.83000183105469,219.94000244140625,570.47998046875,274.0,218.27000427246094,138.77999877929688,146.8000030517578,412.75,367.85662841796875,112.07169342041016,150.6544952392578,152.3699951171875
2026-08-06,63.0,275.25,93.0,949.1500244140625,187.59283447265625,1032.5799560546875,349.5199890136719,356.29998779296875,86.8499984741211,218.39999389648438,575.9500122070312,276.260009765625,213.75,138.44000244140625,146.97000122070312,403.9700012207031,369.7830505371094,111.8023452758789,153.84384155273438,152.27999877929688
2026-08-07,63.16999816894531,282.489990234375,93.2699966430664,947.8200073242188,184.94593811035156,1039.6099853515625,355.6199951171875,357.5199890136719,87.05000305175781,223.35000610351562,562.9500122070312,274.4800109863281,216.3300018310547,139.02000427246094,145.7899932861328,407.0799865722656,361.82781982421875,111.58287048339844,152.055419921875,150.75999450683594
2026-08-10,63.86000061035156,278.3999938964844,93.1500015258789,952.75,193.2237091064453,1034.510009765625,350.7799987792969,359.7900085449219,86.87000274658203,218.8800048828125,563.1699829101562,273.7200012207031,215.3300018310547,137.72999572753906,146.44000244140625,408.739990234375,360.6500244140625,112.39093780517578,158.76199340820312,145.3300018310547
2026-08-11,64.0,273.8699951171875,92.30999755859375,944.3200073242188,194.9585723876953,1034.4100341796875,354.4800109863281,362.0400085449219,86.4800033569336,221.25,561.4400024414062,274.1499938964844,215.07000732421875,138.41000366210938,145.2100067138672,402.19000244140625,362.82000732421875,112.989501953125,158.7719268798828,144.75
2026-08-12,64.80999755859375,277.4100036621094,92.31999969482422,949.5800170898438,194.8990936279297,1037.2099609375,343.42999267578125,365.17999267578125,86.70999908447266,215.97000122070312,559.72998046875,275.70001220703125,217.63999938964844,138.6999969482422,144.0800018310547,405.5899963378906,359.4200134277344,115.7329330444336,158.7222442626953,150.33999633789062
2026-08-13,64.08999633789062,277.989990234375,92.93000030517578,961.8499755859375,195.98956298828125,1042.6300048828125,341.70001220703125,363.1099853515625,87.41999816894531,218.22000122070312,567.0399780273438,272.25,218.3800048828125,140.6199951171875,144.25999450683594,399.05999755859375,365.45001220703125,115.4436264038086,157.58958435058594,150.85000610351562
2026-08-14,64.48999786376953,282.55999755859375,91.94999694824219,961.0999755859375,198.26966857910156,1039.4200439453125,338.8599853515625,362.8399963378906,87.70999908447266,218.47000122070312,569.2899780273438,272.8299865722656,217.36000061035156,140.7899932861328,144.5500030517578,401.7300109863281,364.1499938964844,114.99469757080078,159.07000732421875,148.11000061035156
2026-08-17,63.88999938964844,275.3299865722656,90.20999908447266,953.5,200.94630432128906,1051.31005859375,337.8800048828125,360.9599914550781,86.9800033569336,215.80999755859375,562.260009765625,265.5299987792969,218.2100067138672,138.24000549316406,143.1199951171875,395.6199951171875,358.8399963378906,114.05694580078125,161.4600067138672,145.13999938964844
2026-08-18,64.2300033569336,278.5,91.45999908447266,961.3499755859375,203.9600067138672,1040.469970703125,337.489990234375,363.25,88.81999969482422,215.63999938964844,574.3099975585938,266.989990234375,217.5500030517578,140.1300048828125,143.4499969482422,393.92999267578125,364.25,114.92486572265625,165.55999755859375,144.86000061035156
2026-08-19,63.16999816894531,277.45001220703125,90.87000274658203,956.989990234375,205.75999450683594,1021.6500244140625,344.29998779296875,357.260009765625,90.3499984741211,220.0,573.719970703125,267.45001220703125,214.22999572753906,142.5800018310547,144.3800048828125,388.6099853515625,365.5400085449219,114.02702331542969,164.77000427246094,145.92999267578125
2026-08-20,61.86000061035156,274.4100036621094,89.69999694824219,933.510009765625,205.77000427246094,1001.9500122070312,334.489990234375,351.54998779296875,90.5,217.33999633789062,573.8499755859375,269.1300048828125,207.4499969482422,142.0800018310547,142.97000122070312,384.8500061035156,365.7300109863281,103.59199523925781,166.14999389648438,152.3300018310547
2026-08-21,61.689998626708984,277.510009765625,91.08000183105469,947.739990234375,205.27000427246094,1039.280029296875,335.6099853515625,351.5799865722656,91.0999984741211,216.08999633789062,580.6300048828125,270.95001220703125,214.1999969482422,143.47999572753906,144.67999267578125,390.1099853515625,371.0400085449219,103.69999694824219,165.11000061035156,152.99000549316406
2026-08-24,62.33000183105469,280.45001220703125,92.55000305175781,971.4000244140625,203.08999633789062,1036.280029296875,337.42999267578125,356.3900146484375,91.98999786376953,216.97999572753906,599.8599853515625,272.5400085449219,214.0800018310547,144.6699981689453,146.60000610351562,398.760009765625,382.4100036621094,106.48999786376953,164.0500030517578,157.35000610351562
2026-08-25,62.43000030517578,279.32000732421875,91.33000183105469,960.010009765625,199.88999938964844,1058.8800048828125,337.8800048828125,356.69000244140625,91.63999938964844,214.60000610351562,599.3699951171875,268.1000061035156,216.77000427246094,142.27000427246094,145.39999389648438,396.5899963378906,384.1400146484375,105.37999725341797,160.63999938964844,156.27000427246094
